CODE_MUNI;regiao;REGION;STATE
1100015;interior;1;RO
1100023;interior;1;RO
1100031;interior;1;RO
1100049;metropolitana;1;RO
1100056;interior;1;RO
1100064;interior;1;RO
1100072;interior;1;RO
1100080;interior;1;RO
1100098;interior;1;RO
1100106;interior;1;RO
1100114;interior;1;RO
1100122;metropolitana;1;RO
1100130;interior;1;RO
1100148;interior;1;RO
1100155;interior;1;RO
1100189;interior;1;RO
1100205;metropolitana;1;RO
1100254;interior;1;RO
1100262;interior;1;RO
1100288;interior;1;RO
1100296;interior;1;RO
1100304;interior;1;RO
1100320;interior;1;RO
1100338;interior;1;RO
1100346;interior;1;RO
1100379;interior;1;RO
1100403;interior;1;RO
1100452;interior;1;RO
1100502;interior;1;RO
1100601;interior;1;RO
1100700;interior;1;RO
1100809;interior;1;RO
1100908;interior;1;RO
1100924;interior;1;RO
1100940;interior;1;RO
1101005;interior;1;RO
1101104;interior;1;RO
1101203;interior;1;RO
1101302;interior;1;RO
1101401;interior;1;RO
1101435;interior;1;RO
1101450;interior;1;RO
1101468;interior;1;RO
1101476;interior;1;RO
1101484;interior;1;RO
1101492;interior;1;RO
1101500;interior;1;RO
1101559;interior;1;RO
1101609;interior;1;RO
1101708;interior;1;RO
1101757;interior;1;RO
1101807;interior;1;RO
1200013;interior;1;AC
1200054;interior;1;AC
1200104;interior;1;AC
1200138;interior;1;AC
1200179;interior;1;AC
1200203;interior;1;AC
1200252;interior;1;AC
1200302;interior;1;AC
1200328;interior;1;AC
1200336;interior;1;AC
1200344;interior;1;AC
1200351;interior;1;AC
1200385;interior;1;AC
1200393;interior;1;AC
1200401;metropolitana;1;AC
1200427;interior;1;AC
1200435;interior;1;AC
1200450;interior;1;AC
1200500;interior;1;AC
1200609;interior;1;AC
1200708;interior;1;AC
1200807;interior;1;AC
1300029;interior;1;AM
1300060;interior;1;AM
1300086;interior;1;AM
1300102;interior;1;AM
1300144;interior;1;AM
1300201;interior;1;AM
1300300;metropolitana;1;AM
1300409;interior;1;AM
1300508;interior;1;AM
1300607;interior;1;AM
1300631;interior;1;AM
1300680;interior;1;AM
1300706;interior;1;AM
1300805;interior;1;AM
1300839;interior;1;AM
1300904;interior;1;AM
1301001;interior;1;AM
1301100;metropolitana;1;AM
1301159;metropolitana;1;AM
1301209;interior;1;AM
1301308;interior;1;AM
1301407;interior;1;AM
1301506;interior;1;AM
1301605;interior;1;AM
1301654;interior;1;AM
1301704;interior;1;AM
1301803;interior;1;AM
1301852;metropolitana;1;AM
1301902;metropolitana;1;AM
1301951;interior;1;AM
1302009;metropolitana;1;AM
1302108;interior;1;AM
1302207;interior;1;AM
1302306;interior;1;AM
1302405;interior;1;AM
1302504;metropolitana;1;AM
1302553;metropolitana;1;AM
1302603;metropolitana;1;AM
1302702;interior;1;AM
1302801;interior;1;AM
1302900;interior;1;AM
1303007;interior;1;AM
1303106;interior;1;AM
1303205;metropolitana;1;AM
1303304;interior;1;AM
1303403;interior;1;AM
1303502;interior;1;AM
1303536;metropolitana;1;AM
1303569;metropolitana;1;AM
1303601;interior;1;AM
1303700;interior;1;AM
1303809;interior;1;AM
1303908;interior;1;AM
1303957;interior;1;AM
1304005;metropolitana;1;AM
1304062;interior;1;AM
1304104;interior;1;AM
1304203;interior;1;AM
1304237;interior;1;AM
1304260;interior;1;AM
1304302;interior;1;AM
1304401;interior;1;AM
1400027;interior;1;RR
1400050;metropolitana;1;RR
1400100;metropolitana;1;RR
1400159;metropolitana;1;RR
1400175;metropolitana;1;RR
1400209;interior;1;RR
1400233;interior;1;RR
1400282;interior;1;RR
1400308;metropolitana;1;RR
1400407;interior;1;RR
1400456;interior;1;RR
1400472;interior;1;RR
1400506;interior;1;RR
1400605;interior;1;RR
1400704;interior;1;RR
1500107;interior;1;PA
1500131;interior;1;PA
1500206;interior;1;PA
1500305;interior;1;PA
1500347;interior;1;PA
1500404;interior;1;PA
1500503;interior;1;PA
1500602;interior;1;PA
1500701;interior;1;PA
1500800;metropolitana;1;PA
1500859;interior;1;PA
1500909;interior;1;PA
1500958;interior;1;PA
1501006;interior;1;PA
1501105;interior;1;PA
1501204;interior;1;PA
1501253;interior;1;PA
1501303;interior;1;PA
1501402;metropolitana;1;PA
1501451;interior;1;PA
1501501;metropolitana;1;PA
1501576;interior;1;PA
1501600;interior;1;PA
1501709;interior;1;PA
1501725;interior;1;PA
1501758;interior;1;PA
1501782;interior;1;PA
1501808;interior;1;PA
1501907;interior;1;PA
1501956;interior;1;PA
1502004;interior;1;PA
1502103;interior;1;PA
1502152;interior;1;PA
1502202;interior;1;PA
1502301;interior;1;PA
1502400;metropolitana;1;PA
1502509;interior;1;PA
1502608;interior;1;PA
1502707;interior;1;PA
1502756;interior;1;PA
1502764;interior;1;PA
1502772;interior;1;PA
1502806;interior;1;PA
1502855;interior;1;PA
1502905;interior;1;PA
1502939;interior;1;PA
1502954;interior;1;PA
1503002;interior;1;PA
1503044;interior;1;PA
1503077;interior;1;PA
1503093;interior;1;PA
1503101;interior;1;PA
1503200;interior;1;PA
1503309;interior;1;PA
1503408;interior;1;PA
1503457;interior;1;PA
1503507;interior;1;PA
1503606;interior;1;PA
1503705;interior;1;PA
1503754;interior;1;PA
1503804;interior;1;PA
1503903;interior;1;PA
1504000;interior;1;PA
1504059;interior;1;PA
1504109;interior;1;PA
1504208;metropolitana;1;PA
1504307;interior;1;PA
1504406;interior;1;PA
1504422;metropolitana;1;PA
1504455;interior;1;PA
1504505;interior;1;PA
1504604;interior;1;PA
1504703;interior;1;PA
1504752;interior;1;PA
1504802;interior;1;PA
1504901;interior;1;PA
1504950;interior;1;PA
1504976;interior;1;PA
1505007;interior;1;PA
1505031;interior;1;PA
1505064;interior;1;PA
1505106;interior;1;PA
1505205;interior;1;PA
1505304;interior;1;PA
1505403;interior;1;PA
1505437;interior;1;PA
1505486;interior;1;PA
1505494;interior;1;PA
1505502;interior;1;PA
1505536;interior;1;PA
1505551;interior;1;PA
1505601;interior;1;PA
1505635;interior;1;PA
1505650;interior;1;PA
1505700;interior;1;PA
1505809;interior;1;PA
1505908;interior;1;PA
1506005;interior;1;PA
1506104;interior;1;PA
1506112;interior;1;PA
1506138;interior;1;PA
1506161;interior;1;PA
1506187;interior;1;PA
1506195;interior;1;PA
1506203;interior;1;PA
1506302;interior;1;PA
1506351;metropolitana;1;PA
1506401;interior;1;PA
1506500;metropolitana;1;PA
1506559;interior;1;PA
1506583;interior;1;PA
1506609;interior;1;PA
1506708;interior;1;PA
1506807;metropolitana;1;PA
1506906;interior;1;PA
1507003;interior;1;PA
1507102;interior;1;PA
1507151;interior;1;PA
1507201;interior;1;PA
1507300;interior;1;PA
1507409;interior;1;PA
1507458;interior;1;PA
1507466;interior;1;PA
1507474;interior;1;PA
1507508;interior;1;PA
1507607;interior;1;PA
1507706;interior;1;PA
1507755;interior;1;PA
1507805;interior;1;PA
1507904;interior;1;PA
1507953;interior;1;PA
1507961;interior;1;PA
1507979;interior;1;PA
1508001;interior;1;PA
1508035;interior;1;PA
1508050;interior;1;PA
1508084;interior;1;PA
1508100;interior;1;PA
1508126;interior;1;PA
1508159;interior;1;PA
1508209;interior;1;PA
1508308;interior;1;PA
1508357;interior;1;PA
1508407;interior;1;PA
1600055;interior;1;AP
1600105;interior;1;AP
1600154;interior;1;AP
1600204;interior;1;AP
1600212;interior;1;AP
1600238;interior;1;AP
1600253;interior;1;AP
1600279;interior;1;AP
1600303;metropolitana;1;AP
1600402;interior;1;AP
1600501;interior;1;AP
1600535;interior;1;AP
1600550;interior;1;AP
1600600;metropolitana;1;AP
1600709;interior;1;AP
1600808;interior;1;AP
1700251;interior;1;TO
1700301;interior;1;TO
1700350;interior;1;TO
1700400;interior;1;TO
1700707;interior;1;TO
1701002;interior;1;TO
1701051;interior;1;TO
1701101;metropolitana;1;TO
1701309;interior;1;TO
1701903;interior;1;TO
1702000;interior;1;TO
1702109;metropolitana;1;TO
1702158;interior;1;TO
1702208;interior;1;TO
1702307;interior;1;TO
1702406;interior;1;TO
1702554;interior;1;TO
1702703;interior;1;TO
1702901;interior;1;TO
1703008;interior;1;TO
1703057;interior;1;TO
1703073;interior;1;TO
1703107;metropolitana;1;TO
1703206;interior;1;TO
1703305;interior;1;TO
1703602;interior;1;TO
1703701;metropolitana;1;TO
1703800;interior;1;TO
1703826;interior;1;TO
1703842;interior;1;TO
1703867;interior;1;TO
1703883;interior;1;TO
1703891;interior;1;TO
1703909;interior;1;TO
1704105;interior;1;TO
1704600;interior;1;TO
1705102;interior;1;TO
1705508;interior;1;TO
1705557;interior;1;TO
1705607;interior;1;TO
1706001;interior;1;TO
1706100;interior;1;TO
1706258;interior;1;TO
1706506;interior;1;TO
1707009;interior;1;TO
1707108;interior;1;TO
1707207;interior;1;TO
1707306;interior;1;TO
1707405;interior;1;TO
1707553;metropolitana;1;TO
1707652;interior;1;TO
1707702;interior;1;TO
1708205;interior;1;TO
1708254;interior;1;TO
1708304;interior;1;TO
1709005;interior;1;TO
1709302;interior;1;TO
1709500;interior;1;TO
1709807;metropolitana;1;TO
1710508;interior;1;TO
1710706;interior;1;TO
1710904;interior;1;TO
1711100;interior;1;TO
1711506;interior;1;TO
1711803;interior;1;TO
1711902;interior;1;TO
1711951;interior;1;TO
1712009;metropolitana;1;TO
1712157;interior;1;TO
1712405;interior;1;TO
1712454;interior;1;TO
1712504;interior;1;TO
1712702;interior;1;TO
1712801;interior;1;TO
1713205;metropolitana;1;TO
1713304;metropolitana;1;TO
1713601;metropolitana;1;TO
1713700;interior;1;TO
1713809;interior;1;TO
1713957;interior;1;TO
1714203;interior;1;TO
1714302;interior;1;TO
1714880;interior;1;TO
1715002;interior;1;TO
1715101;interior;1;TO
1715150;interior;1;TO
1715259;interior;1;TO
1715507;metropolitana;1;TO
1715705;interior;1;TO
1715754;interior;1;TO
1716109;metropolitana;1;TO
1716208;interior;1;TO
1716307;interior;1;TO
1716505;interior;1;TO
1716604;interior;1;TO
1716653;interior;1;TO
1716703;interior;1;TO
1717008;interior;1;TO
1717206;interior;1;TO
1717503;interior;1;TO
1717800;interior;1;TO
1717909;interior;1;TO
1718006;interior;1;TO
1718204;metropolitana;1;TO
1718303;interior;1;TO
1718402;interior;1;TO
1718451;metropolitana;1;TO
1718501;interior;1;TO
1718550;interior;1;TO
1718659;interior;1;TO
1718709;interior;1;TO
1718758;interior;1;TO
1718808;interior;1;TO
1718840;interior;1;TO
1718865;interior;1;TO
1718881;interior;1;TO
1718899;interior;1;TO
1718907;interior;1;TO
1719004;interior;1;TO
1720002;interior;1;TO
1720101;interior;1;TO
1720150;interior;1;TO
1720200;interior;1;TO
1720259;interior;1;TO
1720309;interior;1;TO
1720499;interior;1;TO
1720655;metropolitana;1;TO
1720804;interior;1;TO
1720853;interior;1;TO
1720903;interior;1;TO
1720937;interior;1;TO
1720978;interior;1;TO
1721000;metropolitana;1;TO
1721109;metropolitana;1;TO
1721208;interior;1;TO
1721257;interior;1;TO
1721307;interior;1;TO
1722081;interior;1;TO
1722107;interior;1;TO
2100055;interior;2;MA
2100105;interior;2;MA
2100154;interior;2;MA
2100204;metropolitana;2;MA
2100303;interior;2;MA
2100402;interior;2;MA
2100436;interior;2;MA
2100477;interior;2;MA
2100501;interior;2;MA
2100550;interior;2;MA
2100600;interior;2;MA
2100709;interior;2;MA
2100808;interior;2;MA
2100832;interior;2;MA
2100873;interior;2;MA
2100907;interior;2;MA
2100956;interior;2;MA
2101004;interior;2;MA
2101103;metropolitana;2;MA
2101202;interior;2;MA
2101251;metropolitana;2;MA
2101301;interior;2;MA
2101350;interior;2;MA
2101400;interior;2;MA
2101509;interior;2;MA
2101608;interior;2;MA
2101707;interior;2;MA
2101731;interior;2;MA
2101772;interior;2;MA
2101806;interior;2;MA
2101905;interior;2;MA
2101939;interior;2;MA
2101970;interior;2;MA
2102002;interior;2;MA
2102036;interior;2;MA
2102077;interior;2;MA
2102101;interior;2;MA
2102150;interior;2;MA
2102200;interior;2;MA
2102309;interior;2;MA
2102325;interior;2;MA
2102358;interior;2;MA
2102374;metropolitana;2;MA
2102408;interior;2;MA
2102507;interior;2;MA
2102556;interior;2;MA
2102606;interior;2;MA
2102705;interior;2;MA
2102754;interior;2;MA
2102804;interior;2;MA
2102903;interior;2;MA
2103000;interior;2;MA
2103109;interior;2;MA
2103125;interior;2;MA
2103158;interior;2;MA
2103174;interior;2;MA
2103208;interior;2;MA
2103257;interior;2;MA
2103307;interior;2;MA
2103406;interior;2;MA
2103505;interior;2;MA
2103554;interior;2;MA
2103604;interior;2;MA
2103703;interior;2;MA
2103752;interior;2;MA
2103802;interior;2;MA
2103901;interior;2;MA
2104008;interior;2;MA
2104057;interior;2;MA
2104073;interior;2;MA
2104081;interior;2;MA
2104099;interior;2;MA
2104107;interior;2;MA
2104206;interior;2;MA
2104305;interior;2;MA
2104404;interior;2;MA
2104503;interior;2;MA
2104552;interior;2;MA
2104602;interior;2;MA
2104628;interior;2;MA
2104651;interior;2;MA
2104677;interior;2;MA
2104701;interior;2;MA
2104800;interior;2;MA
2104909;interior;2;MA
2105005;interior;2;MA
2105104;metropolitana;2;MA
2105153;interior;2;MA
2105203;interior;2;MA
2105302;interior;2;MA
2105351;interior;2;MA
2105401;interior;2;MA
2105427;interior;2;MA
2105450;interior;2;MA
2105476;interior;2;MA
2105500;interior;2;MA
2105609;interior;2;MA
2105658;interior;2;MA
2105708;interior;2;MA
2105807;interior;2;MA
2105906;interior;2;MA
2105922;interior;2;MA
2105948;interior;2;MA
2105963;interior;2;MA
2105989;interior;2;MA
2106003;interior;2;MA
2106102;interior;2;MA
2106201;interior;2;MA
2106300;interior;2;MA
2106326;interior;2;MA
2106359;interior;2;MA
2106375;interior;2;MA
2106409;interior;2;MA
2106508;interior;2;MA
2106607;interior;2;MA
2106631;interior;2;MA
2106672;interior;2;MA
2106706;interior;2;MA
2106755;interior;2;MA
2106805;interior;2;MA
2106904;interior;2;MA
2107001;interior;2;MA
2107100;metropolitana;2;MA
2107209;interior;2;MA
2107258;interior;2;MA
2107308;interior;2;MA
2107357;interior;2;MA
2107407;interior;2;MA
2107456;interior;2;MA
2107506;metropolitana;2;MA
2107605;interior;2;MA
2107704;interior;2;MA
2107803;interior;2;MA
2107902;interior;2;MA
2108009;interior;2;MA
2108058;interior;2;MA
2108108;interior;2;MA
2108207;interior;2;MA
2108256;interior;2;MA
2108306;interior;2;MA
2108405;interior;2;MA
2108454;interior;2;MA
2108504;interior;2;MA
2108603;interior;2;MA
2108702;interior;2;MA
2108801;interior;2;MA
2108900;interior;2;MA
2109007;interior;2;MA
2109056;interior;2;MA
2109106;interior;2;MA
2109205;metropolitana;2;MA
2109239;interior;2;MA
2109270;interior;2;MA
2109304;interior;2;MA
2109403;interior;2;MA
2109452;metropolitana;2;MA
2109502;interior;2;MA
2109551;interior;2;MA
2109601;metropolitana;2;MA
2109700;interior;2;MA
2109759;interior;2;MA
2109809;interior;2;MA
2109908;interior;2;MA
2110005;interior;2;MA
2110039;interior;2;MA
2110104;interior;2;MA
2110203;metropolitana;2;MA
2110237;interior;2;MA
2110278;interior;2;MA
2110302;interior;2;MA
2110401;interior;2;MA
2110500;interior;2;MA
2110609;interior;2;MA
2110658;interior;2;MA
2110708;interior;2;MA
2110807;interior;2;MA
2110856;interior;2;MA
2110906;interior;2;MA
2111003;interior;2;MA
2111029;interior;2;MA
2111052;interior;2;MA
2111078;interior;2;MA
2111102;interior;2;MA
2111201;metropolitana;2;MA
2111250;interior;2;MA
2111300;metropolitana;2;MA
2111409;interior;2;MA
2111508;interior;2;MA
2111532;interior;2;MA
2111573;interior;2;MA
2111607;interior;2;MA
2111631;interior;2;MA
2111672;interior;2;MA
2111706;interior;2;MA
2111722;interior;2;MA
2111748;interior;2;MA
2111763;interior;2;MA
2111789;interior;2;MA
2111805;interior;2;MA
2111904;interior;2;MA
2111953;interior;2;MA
2112001;interior;2;MA
2112100;interior;2;MA
2112209;metropolitana;2;MA
2112233;interior;2;MA
2112274;interior;2;MA
2112308;interior;2;MA
2112407;interior;2;MA
2112456;interior;2;MA
2112506;interior;2;MA
2112605;interior;2;MA
2112704;interior;2;MA
2112803;interior;2;MA
2112852;interior;2;MA
2112902;interior;2;MA
2113009;interior;2;MA
2114007;interior;2;MA
2200053;interior;2;PI
2200103;interior;2;PI
2200202;interior;2;PI
2200251;interior;2;PI
2200277;interior;2;PI
2200301;interior;2;PI
2200400;metropolitana;2;PI
2200459;interior;2;PI
2200509;interior;2;PI
2200608;interior;2;PI
2200707;interior;2;PI
2200806;interior;2;PI
2200905;interior;2;PI
2200954;interior;2;PI
2201002;interior;2;PI
2201051;interior;2;PI
2201101;interior;2;PI
2201150;interior;2;PI
2201176;interior;2;PI
2201200;interior;2;PI
2201309;interior;2;PI
2201408;interior;2;PI
2201507;interior;2;PI
2201556;interior;2;PI
2201572;interior;2;PI
2201606;metropolitana;2;PI
2201705;interior;2;PI
2201739;interior;2;PI
2201770;interior;2;PI
2201804;interior;2;PI
2201903;interior;2;PI
2201919;interior;2;PI
2201929;interior;2;PI
2201945;interior;2;PI
2201960;interior;2;PI
2201988;interior;2;PI
2202000;interior;2;PI
2202026;interior;2;PI
2202059;interior;2;PI
2202075;interior;2;PI
2202083;interior;2;PI
2202091;interior;2;PI
2202109;interior;2;PI
2202117;interior;2;PI
2202133;interior;2;PI
2202174;interior;2;PI
2202208;interior;2;PI
2202251;interior;2;PI
2202307;interior;2;PI
2202406;interior;2;PI
2202455;interior;2;PI
2202505;interior;2;PI
2202539;interior;2;PI
2202554;interior;2;PI
2202604;interior;2;PI
2202653;interior;2;PI
2202703;interior;2;PI
2202711;interior;2;PI
2202729;interior;2;PI
2202737;metropolitana;2;PI
2202752;interior;2;PI
2202778;interior;2;PI
2202802;interior;2;PI
2202851;interior;2;PI
2202901;interior;2;PI
2203008;interior;2;PI
2203107;interior;2;PI
2203206;interior;2;PI
2203230;interior;2;PI
2203255;metropolitana;2;PI
2203271;interior;2;PI
2203305;metropolitana;2;PI
2203354;interior;2;PI
2203404;interior;2;PI
2203420;interior;2;PI
2203453;interior;2;PI
2203503;interior;2;PI
2203602;interior;2;PI
2203701;interior;2;PI
2203750;interior;2;PI
2203800;interior;2;PI
2203859;interior;2;PI
2203909;interior;2;PI
2204006;interior;2;PI
2204105;interior;2;PI
2204154;interior;2;PI
2204204;interior;2;PI
2204303;interior;2;PI
2204352;interior;2;PI
2204402;interior;2;PI
2204501;interior;2;PI
2204550;interior;2;PI
2204600;interior;2;PI
2204659;interior;2;PI
2204709;interior;2;PI
2204808;interior;2;PI
2204907;interior;2;PI
2205003;interior;2;PI
2205102;interior;2;PI
2205151;interior;2;PI
2205201;interior;2;PI
2205250;interior;2;PI
2205276;interior;2;PI
2205300;interior;2;PI
2205359;interior;2;PI
2205409;interior;2;PI
2205458;interior;2;PI
2205508;metropolitana;2;PI
2205516;interior;2;PI
2205524;interior;2;PI
2205532;interior;2;PI
2205540;interior;2;PI
2205557;metropolitana;2;PI
2205565;interior;2;PI
2205573;interior;2;PI
2205581;metropolitana;2;PI
2205599;interior;2;PI
2205607;interior;2;PI
2205706;interior;2;PI
2205805;interior;2;PI
2205854;interior;2;PI
2205904;interior;2;PI
2205953;interior;2;PI
2206001;interior;2;PI
2206050;interior;2;PI
2206100;interior;2;PI
2206209;interior;2;PI
2206308;metropolitana;2;PI
2206357;interior;2;PI
2206407;metropolitana;2;PI
2206506;interior;2;PI
2206605;interior;2;PI
2206654;interior;2;PI
2206670;interior;2;PI
2206696;interior;2;PI
2206704;interior;2;PI
2206720;metropolitana;2;PI
2206753;interior;2;PI
2206803;interior;2;PI
2206902;interior;2;PI
2206951;interior;2;PI
2207009;interior;2;PI
2207108;interior;2;PI
2207207;interior;2;PI
2207306;interior;2;PI
2207355;interior;2;PI
2207405;interior;2;PI
2207504;interior;2;PI
2207553;interior;2;PI
2207603;interior;2;PI
2207702;interior;2;PI
2207751;interior;2;PI
2207777;interior;2;PI
2207793;interior;2;PI
2207801;interior;2;PI
2207850;interior;2;PI
2207900;interior;2;PI
2207934;interior;2;PI
2207959;interior;2;PI
2208007;interior;2;PI
2208106;interior;2;PI
2208205;interior;2;PI
2208304;interior;2;PI
2208403;interior;2;PI
2208502;interior;2;PI
2208551;interior;2;PI
2208601;interior;2;PI
2208650;interior;2;PI
2208700;interior;2;PI
2208809;interior;2;PI
2208858;interior;2;PI
2208874;interior;2;PI
2208908;interior;2;PI
2209005;interior;2;PI
2209104;interior;2;PI
2209153;interior;2;PI
2209203;interior;2;PI
2209302;interior;2;PI
2209351;interior;2;PI
2209377;interior;2;PI
2209401;interior;2;PI
2209450;interior;2;PI
2209500;interior;2;PI
2209559;interior;2;PI
2209609;interior;2;PI
2209658;interior;2;PI
2209708;interior;2;PI
2209757;interior;2;PI
2209807;interior;2;PI
2209856;interior;2;PI
2209872;interior;2;PI
2209906;interior;2;PI
2209955;interior;2;PI
2209971;interior;2;PI
2210003;interior;2;PI
2210052;interior;2;PI
2210102;interior;2;PI
2210201;interior;2;PI
2210300;interior;2;PI
2210359;interior;2;PI
2210375;interior;2;PI
2210383;interior;2;PI
2210391;interior;2;PI
2210409;interior;2;PI
2210508;interior;2;PI
2210607;interior;2;PI
2210623;interior;2;PI
2210631;interior;2;PI
2210656;interior;2;PI
2210706;interior;2;PI
2210805;interior;2;PI
2210904;interior;2;PI
2210938;interior;2;PI
2210953;interior;2;PI
2210979;interior;2;PI
2211001;metropolitana;2;PI
2211100;metropolitana;2;PI
2211209;interior;2;PI
2211308;interior;2;PI
2211357;interior;2;PI
2211407;interior;2;PI
2211506;interior;2;PI
2211605;interior;2;PI
2211704;interior;2;PI
2300101;interior;2;CE
2300150;interior;2;CE
2300200;interior;2;CE
2300309;interior;2;CE
2300408;interior;2;CE
2300507;interior;2;CE
2300606;interior;2;CE
2300705;interior;2;CE
2300754;interior;2;CE
2300804;interior;2;CE
2300903;interior;2;CE
2301000;metropolitana;2;CE
2301109;interior;2;CE
2301208;interior;2;CE
2301257;interior;2;CE
2301307;interior;2;CE
2301406;interior;2;CE
2301505;interior;2;CE
2301604;interior;2;CE
2301703;interior;2;CE
2301802;interior;2;CE
2301851;interior;2;CE
2301901;interior;2;CE
2301950;interior;2;CE
2302008;interior;2;CE
2302057;interior;2;CE
2302107;interior;2;CE
2302206;interior;2;CE
2302305;interior;2;CE
2302404;interior;2;CE
2302503;interior;2;CE
2302602;interior;2;CE
2302701;interior;2;CE
2302800;interior;2;CE
2302909;interior;2;CE
2303006;interior;2;CE
2303105;interior;2;CE
2303204;interior;2;CE
2303303;interior;2;CE
2303402;interior;2;CE
2303501;metropolitana;2;CE
2303600;interior;2;CE
2303659;interior;2;CE
2303709;metropolitana;2;CE
2303808;interior;2;CE
2303907;interior;2;CE
2303931;interior;2;CE
2303956;metropolitana;2;CE
2304004;interior;2;CE
2304103;interior;2;CE
2304202;interior;2;CE
2304236;interior;2;CE
2304251;interior;2;CE
2304269;interior;2;CE
2304277;interior;2;CE
2304285;metropolitana;2;CE
2304301;interior;2;CE
2304350;interior;2;CE
2304400;metropolitana;2;CE
2304459;interior;2;CE
2304509;interior;2;CE
2304608;interior;2;CE
2304657;interior;2;CE
2304707;interior;2;CE
2304806;interior;2;CE
2304905;interior;2;CE
2304954;metropolitana;2;CE
2305001;interior;2;CE
2305100;interior;2;CE
2305209;interior;2;CE
2305233;metropolitana;2;CE
2305266;interior;2;CE
2305308;interior;2;CE
2305332;interior;2;CE
2305357;interior;2;CE
2305407;interior;2;CE
2305506;interior;2;CE
2305605;interior;2;CE
2305654;interior;2;CE
2305704;interior;2;CE
2305803;interior;2;CE
2305902;interior;2;CE
2306009;interior;2;CE
2306108;interior;2;CE
2306207;interior;2;CE
2306256;metropolitana;2;CE
2306306;interior;2;CE
2306405;interior;2;CE
2306504;interior;2;CE
2306553;interior;2;CE
2306603;interior;2;CE
2306702;interior;2;CE
2306801;interior;2;CE
2306900;interior;2;CE
2307007;interior;2;CE
2307106;interior;2;CE
2307205;interior;2;CE
2307254;interior;2;CE
2307304;metropolitana;2;CE
2307403;interior;2;CE
2307502;interior;2;CE
2307601;interior;2;CE
2307635;interior;2;CE
2307650;metropolitana;2;CE
2307700;metropolitana;2;CE
2307809;interior;2;CE
2307908;interior;2;CE
2308005;interior;2;CE
2308104;interior;2;CE
2308203;interior;2;CE
2308302;interior;2;CE
2308351;interior;2;CE
2308377;interior;2;CE
2308401;interior;2;CE
2308500;interior;2;CE
2308609;interior;2;CE
2308708;interior;2;CE
2308807;interior;2;CE
2308906;interior;2;CE
2309003;interior;2;CE
2309102;interior;2;CE
2309201;interior;2;CE
2309300;interior;2;CE
2309409;interior;2;CE
2309458;interior;2;CE
2309508;interior;2;CE
2309607;metropolitana;2;CE
2309706;metropolitana;2;CE
2309805;interior;2;CE
2309904;interior;2;CE
2310001;interior;2;CE
2310100;interior;2;CE
2310209;metropolitana;2;CE
2310258;metropolitana;2;CE
2310308;interior;2;CE
2310407;interior;2;CE
2310506;interior;2;CE
2310605;interior;2;CE
2310704;interior;2;CE
2310803;interior;2;CE
2310852;metropolitana;2;CE
2310902;interior;2;CE
2310951;interior;2;CE
2311009;interior;2;CE
2311108;interior;2;CE
2311207;interior;2;CE
2311231;interior;2;CE
2311264;interior;2;CE
2311306;interior;2;CE
2311355;interior;2;CE
2311405;interior;2;CE
2311504;interior;2;CE
2311603;interior;2;CE
2311702;interior;2;CE
2311801;interior;2;CE
2311900;interior;2;CE
2311959;interior;2;CE
2312007;interior;2;CE
2312106;interior;2;CE
2312205;interior;2;CE
2312304;interior;2;CE
2312403;metropolitana;2;CE
2312502;interior;2;CE
2312601;metropolitana;2;CE
2312700;interior;2;CE
2312809;interior;2;CE
2312908;interior;2;CE
2313005;interior;2;CE
2313104;interior;2;CE
2313203;interior;2;CE
2313252;interior;2;CE
2313302;interior;2;CE
2313351;interior;2;CE
2313401;interior;2;CE
2313500;metropolitana;2;CE
2313559;interior;2;CE
2313609;interior;2;CE
2313708;interior;2;CE
2313757;interior;2;CE
2313807;interior;2;CE
2313906;interior;2;CE
2313955;interior;2;CE
2314003;interior;2;CE
2314102;interior;2;CE
2400109;interior;2;RN
2400208;interior;2;RN
2400307;interior;2;RN
2400406;interior;2;RN
2400505;interior;2;RN
2400604;interior;2;RN
2400703;interior;2;RN
2400802;interior;2;RN
2400901;interior;2;RN
2401008;interior;2;RN
2401107;interior;2;RN
2401206;interior;2;RN
2401305;interior;2;RN
2401404;interior;2;RN
2401453;interior;2;RN
2401503;interior;2;RN
2401602;interior;2;RN
2401651;interior;2;RN
2401701;interior;2;RN
2401800;interior;2;RN
2401859;interior;2;RN
2401909;interior;2;RN
2402006;interior;2;RN
2402105;interior;2;RN
2402204;interior;2;RN
2402303;interior;2;RN
2402402;interior;2;RN
2402501;interior;2;RN
2402600;metropolitana;2;RN
2402709;interior;2;RN
2402808;interior;2;RN
2402907;interior;2;RN
2403004;interior;2;RN
2403103;interior;2;RN
2403202;interior;2;RN
2403251;metropolitana;2;RN
2403301;interior;2;RN
2403400;interior;2;RN
2403509;interior;2;RN
2403608;metropolitana;2;RN
2403707;interior;2;RN
2403756;interior;2;RN
2403806;interior;2;RN
2403905;interior;2;RN
2404002;interior;2;RN
2404101;interior;2;RN
2404200;interior;2;RN
2404309;interior;2;RN
2404408;interior;2;RN
2404507;interior;2;RN
2404606;interior;2;RN
2404705;interior;2;RN
2404804;interior;2;RN
2404853;interior;2;RN
2404903;interior;2;RN
2405009;interior;2;RN
2405108;interior;2;RN
2405207;interior;2;RN
2405306;interior;2;RN
2405405;interior;2;RN
2405504;interior;2;RN
2405603;interior;2;RN
2405702;interior;2;RN
2405801;interior;2;RN
2405900;interior;2;RN
2406007;interior;2;RN
2406106;interior;2;RN
2406155;interior;2;RN
2406205;interior;2;RN
2406304;interior;2;RN
2406403;interior;2;RN
2406502;interior;2;RN
2406601;interior;2;RN
2406700;interior;2;RN
2406809;interior;2;RN
2406908;interior;2;RN
2407005;interior;2;RN
2407104;metropolitana;2;RN
2407203;interior;2;RN
2407252;interior;2;RN
2407302;interior;2;RN
2407401;interior;2;RN
2407500;metropolitana;2;RN
2407609;interior;2;RN
2407708;interior;2;RN
2407807;metropolitana;2;RN
2407906;interior;2;RN
2408003;interior;2;RN
2408102;metropolitana;2;RN
2408201;metropolitana;2;RN
2408300;interior;2;RN
2408409;interior;2;RN
2408508;interior;2;RN
2408607;interior;2;RN
2408706;interior;2;RN
2408805;interior;2;RN
2408904;interior;2;RN
2408953;interior;2;RN
2409100;interior;2;RN
2409209;interior;2;RN
2409308;interior;2;RN
2409332;interior;2;RN
2409407;interior;2;RN
2409506;interior;2;RN
2409605;interior;2;RN
2409704;interior;2;RN
2409803;interior;2;RN
2409902;interior;2;RN
2410009;interior;2;RN
2410108;interior;2;RN
2410207;interior;2;RN
2410256;interior;2;RN
2410306;interior;2;RN
2410405;interior;2;RN
2410504;interior;2;RN
2410603;interior;2;RN
2410702;interior;2;RN
2410801;interior;2;RN
2410900;interior;2;RN
2411007;interior;2;RN
2411056;interior;2;RN
2411106;interior;2;RN
2411205;interior;2;RN
2411403;interior;2;RN
2411429;interior;2;RN
2411502;interior;2;RN
2411601;interior;2;RN
2411700;interior;2;RN
2411809;interior;2;RN
2411908;interior;2;RN
2412005;metropolitana;2;RN
2412104;interior;2;RN
2412203;metropolitana;2;RN
2412302;interior;2;RN
2412401;interior;2;RN
2412500;interior;2;RN
2412559;interior;2;RN
2412609;interior;2;RN
2412708;interior;2;RN
2412807;interior;2;RN
2412906;interior;2;RN
2413003;interior;2;RN
2413102;interior;2;RN
2413201;interior;2;RN
2413300;interior;2;RN
2413359;interior;2;RN
2413409;interior;2;RN
2413508;interior;2;RN
2413557;interior;2;RN
2413607;interior;2;RN
2413706;interior;2;RN
2413805;interior;2;RN
2413904;interior;2;RN
2414001;interior;2;RN
2414100;interior;2;RN
2414159;interior;2;RN
2414209;interior;2;RN
2414308;interior;2;RN
2414407;interior;2;RN
2414456;interior;2;RN
2414506;interior;2;RN
2414605;interior;2;RN
2414704;interior;2;RN
2414753;interior;2;RN
2414803;metropolitana;2;RN
2414902;interior;2;RN
2415008;interior;2;RN
2500106;interior;2;PB
2500205;interior;2;PB
2500304;interior;2;PB
2500403;interior;2;PB
2500502;interior;2;PB
2500536;interior;2;PB
2500577;interior;2;PB
2500601;metropolitana;2;PB
2500700;interior;2;PB
2500734;interior;2;PB
2500775;interior;2;PB
2500809;interior;2;PB
2500908;interior;2;PB
2501005;interior;2;PB
2501104;interior;2;PB
2501153;interior;2;PB
2501203;interior;2;PB
2501302;interior;2;PB
2501351;interior;2;PB
2501401;interior;2;PB
2501500;interior;2;PB
2501534;interior;2;PB
2501575;interior;2;PB
2501609;interior;2;PB
2501708;interior;2;PB
2501807;metropolitana;2;PB
2501906;interior;2;PB
2502003;interior;2;PB
2502052;interior;2;PB
2502102;interior;2;PB
2502151;interior;2;PB
2502201;interior;2;PB
2502300;interior;2;PB
2502409;interior;2;PB
2502508;interior;2;PB
2502607;interior;2;PB
2502706;interior;2;PB
2502805;interior;2;PB
2502904;interior;2;PB
2503001;metropolitana;2;PB
2503100;interior;2;PB
2503209;metropolitana;2;PB
2503308;interior;2;PB
2503407;interior;2;PB
2503506;interior;2;PB
2503555;interior;2;PB
2503605;interior;2;PB
2503704;interior;2;PB
2503753;interior;2;PB
2503803;interior;2;PB
2503902;interior;2;PB
2504009;interior;2;PB
2504033;interior;2;PB
2504074;interior;2;PB
2504108;interior;2;PB
2504157;interior;2;PB
2504207;interior;2;PB
2504306;interior;2;PB
2504355;interior;2;PB
2504405;interior;2;PB
2504504;interior;2;PB
2504603;metropolitana;2;PB
2504702;interior;2;PB
2504801;interior;2;PB
2504850;interior;2;PB
2504900;metropolitana;2;PB
2505006;interior;2;PB
2505105;interior;2;PB
2505204;interior;2;PB
2505238;interior;2;PB
2505279;interior;2;PB
2505303;interior;2;PB
2505352;interior;2;PB
2505402;interior;2;PB
2505501;interior;2;PB
2505600;interior;2;PB
2505709;interior;2;PB
2505808;interior;2;PB
2505907;interior;2;PB
2506004;interior;2;PB
2506103;interior;2;PB
2506202;interior;2;PB
2506251;interior;2;PB
2506301;interior;2;PB
2506400;interior;2;PB
2506509;interior;2;PB
2506608;interior;2;PB
2506707;interior;2;PB
2506806;interior;2;PB
2506905;interior;2;PB
2507002;interior;2;PB
2507101;interior;2;PB
2507200;interior;2;PB
2507309;interior;2;PB
2507408;interior;2;PB
2507507;metropolitana;2;PB
2507606;interior;2;PB
2507705;interior;2;PB
2507804;interior;2;PB
2507903;interior;2;PB
2508000;interior;2;PB
2508109;interior;2;PB
2508208;interior;2;PB
2508307;interior;2;PB
2508406;interior;2;PB
2508505;interior;2;PB
2508554;interior;2;PB
2508604;metropolitana;2;PB
2508703;interior;2;PB
2508802;interior;2;PB
2508901;interior;2;PB
2509008;interior;2;PB
2509057;interior;2;PB
2509107;interior;2;PB
2509156;interior;2;PB
2509206;interior;2;PB
2509305;interior;2;PB
2509339;interior;2;PB
2509370;interior;2;PB
2509396;interior;2;PB
2509404;interior;2;PB
2509503;interior;2;PB
2509602;interior;2;PB
2509701;interior;2;PB
2509800;interior;2;PB
2509909;interior;2;PB
2510006;interior;2;PB
2510105;interior;2;PB
2510204;interior;2;PB
2510303;interior;2;PB
2510402;interior;2;PB
2510501;interior;2;PB
2510600;interior;2;PB
2510659;interior;2;PB
2510709;interior;2;PB
2510808;interior;2;PB
2510907;interior;2;PB
2511004;interior;2;PB
2511103;interior;2;PB
2511202;metropolitana;2;PB
2511301;interior;2;PB
2511400;interior;2;PB
2511509;interior;2;PB
2511608;interior;2;PB
2511707;interior;2;PB
2511806;interior;2;PB
2511905;metropolitana;2;PB
2512002;interior;2;PB
2512036;interior;2;PB
2512077;interior;2;PB
2512101;interior;2;PB
2512200;interior;2;PB
2512309;interior;2;PB
2512408;interior;2;PB
2512507;interior;2;PB
2512606;interior;2;PB
2512705;interior;2;PB
2512721;interior;2;PB
2512747;interior;2;PB
2512754;interior;2;PB
2512762;interior;2;PB
2512788;interior;2;PB
2512804;interior;2;PB
2512903;metropolitana;2;PB
2513000;interior;2;PB
2513109;interior;2;PB
2513158;interior;2;PB
2513208;interior;2;PB
2513307;interior;2;PB
2513356;interior;2;PB
2513406;interior;2;PB
2513505;interior;2;PB
2513604;interior;2;PB
2513653;interior;2;PB
2513703;metropolitana;2;PB
2513802;interior;2;PB
2513851;interior;2;PB
2513901;interior;2;PB
2513927;interior;2;PB
2513943;interior;2;PB
2513968;interior;2;PB
2513984;interior;2;PB
2514008;interior;2;PB
2514107;interior;2;PB
2514206;interior;2;PB
2514305;interior;2;PB
2514404;interior;2;PB
2514453;interior;2;PB
2514503;interior;2;PB
2514552;interior;2;PB
2514602;interior;2;PB
2514651;interior;2;PB
2514701;interior;2;PB
2514800;interior;2;PB
2514909;interior;2;PB
2515005;interior;2;PB
2515104;interior;2;PB
2515203;interior;2;PB
2515302;interior;2;PB
2515401;interior;2;PB
2515500;interior;2;PB
2515609;interior;2;PB
2515708;interior;2;PB
2515807;interior;2;PB
2515906;interior;2;PB
2515930;interior;2;PB
2515971;interior;2;PB
2516003;interior;2;PB
2516102;interior;2;PB
2516151;interior;2;PB
2516201;interior;2;PB
2516300;interior;2;PB
2516409;interior;2;PB
2516508;interior;2;PB
2516607;interior;2;PB
2516706;interior;2;PB
2516755;interior;2;PB
2516805;interior;2;PB
2516904;interior;2;PB
2517001;interior;2;PB
2517100;interior;2;PB
2517209;interior;2;PB
2517407;interior;2;PB
2600054;metropolitana;2;PE
2600104;interior;2;PE
2600203;interior;2;PE
2600302;interior;2;PE
2600401;interior;2;PE
2600500;interior;2;PE
2600609;interior;2;PE
2600708;interior;2;PE
2600807;interior;2;PE
2600906;interior;2;PE
2601003;interior;2;PE
2601052;metropolitana;2;PE
2601102;interior;2;PE
2601201;interior;2;PE
2601300;interior;2;PE
2601409;interior;2;PE
2601508;interior;2;PE
2601607;interior;2;PE
2601706;interior;2;PE
2601805;interior;2;PE
2601904;interior;2;PE
2602001;interior;2;PE
2602100;interior;2;PE
2602209;interior;2;PE
2602308;interior;2;PE
2602407;interior;2;PE
2602506;interior;2;PE
2602605;interior;2;PE
2602704;interior;2;PE
2602803;interior;2;PE
2602902;metropolitana;2;PE
2603009;interior;2;PE
2603108;interior;2;PE
2603207;interior;2;PE
2603306;interior;2;PE
2603405;interior;2;PE
2603454;metropolitana;2;PE
2603504;interior;2;PE
2603603;interior;2;PE
2603702;interior;2;PE
2603801;interior;2;PE
2603900;interior;2;PE
2603926;interior;2;PE
2604007;interior;2;PE
2604106;metropolitana;2;PE
2604155;interior;2;PE
2604205;interior;2;PE
2604304;interior;2;PE
2604403;interior;2;PE
2604502;interior;2;PE
2604601;interior;2;PE
2604700;interior;2;PE
2604809;interior;2;PE
2604908;interior;2;PE
2605004;interior;2;PE
2605103;interior;2;PE
2605152;interior;2;PE
2605202;interior;2;PE
2605301;interior;2;PE
2605400;interior;2;PE
2605459;interior;2;PE
2605509;interior;2;PE
2605608;interior;2;PE
2605707;interior;2;PE
2605806;interior;2;PE
2605905;interior;2;PE
2606002;interior;2;PE
2606101;interior;2;PE
2606200;interior;2;PE
2606309;interior;2;PE
2606408;interior;2;PE
2606507;interior;2;PE
2606606;interior;2;PE
2606705;interior;2;PE
2606804;metropolitana;2;PE
2606903;interior;2;PE
2607000;interior;2;PE
2607109;interior;2;PE
2607208;metropolitana;2;PE
2607307;interior;2;PE
2607406;interior;2;PE
2607505;interior;2;PE
2607604;metropolitana;2;PE
2607653;interior;2;PE
2607703;interior;2;PE
2607752;metropolitana;2;PE
2607802;interior;2;PE
2607901;metropolitana;2;PE
2607950;interior;2;PE
2608008;interior;2;PE
2608057;interior;2;PE
2608107;interior;2;PE
2608206;interior;2;PE
2608255;interior;2;PE
2608305;interior;2;PE
2608404;interior;2;PE
2608453;interior;2;PE
2608503;interior;2;PE
2608602;interior;2;PE
2608701;interior;2;PE
2608750;interior;2;PE
2608800;interior;2;PE
2608909;interior;2;PE
2609006;interior;2;PE
2609105;interior;2;PE
2609154;interior;2;PE
2609204;interior;2;PE
2609303;interior;2;PE
2609402;metropolitana;2;PE
2609501;interior;2;PE
2609600;metropolitana;2;PE
2609709;interior;2;PE
2609808;interior;2;PE
2609907;interior;2;PE
2610004;interior;2;PE
2610103;interior;2;PE
2610202;interior;2;PE
2610301;interior;2;PE
2610400;interior;2;PE
2610509;interior;2;PE
2610608;interior;2;PE
2610707;metropolitana;2;PE
2610806;interior;2;PE
2610905;interior;2;PE
2611002;interior;2;PE
2611101;interior;2;PE
2611200;interior;2;PE
2611309;interior;2;PE
2611408;interior;2;PE
2611507;interior;2;PE
2611533;interior;2;PE
2611606;metropolitana;2;PE
2611705;interior;2;PE
2611804;interior;2;PE
2611903;interior;2;PE
2612000;interior;2;PE
2612109;interior;2;PE
2612208;interior;2;PE
2612307;interior;2;PE
2612406;interior;2;PE
2612455;interior;2;PE
2612471;interior;2;PE
2612505;interior;2;PE
2612554;interior;2;PE
2612604;interior;2;PE
2612703;interior;2;PE
2612802;interior;2;PE
2612901;interior;2;PE
2613008;interior;2;PE
2613107;interior;2;PE
2613206;interior;2;PE
2613305;interior;2;PE
2613404;interior;2;PE
2613503;interior;2;PE
2613602;interior;2;PE
2613701;metropolitana;2;PE
2613800;interior;2;PE
2613909;interior;2;PE
2614006;interior;2;PE
2614105;interior;2;PE
2614204;interior;2;PE
2614303;interior;2;PE
2614402;interior;2;PE
2614501;interior;2;PE
2614600;interior;2;PE
2614709;interior;2;PE
2614808;interior;2;PE
2614857;interior;2;PE
2615003;interior;2;PE
2615102;interior;2;PE
2615201;interior;2;PE
2615300;interior;2;PE
2615409;interior;2;PE
2615508;interior;2;PE
2615607;interior;2;PE
2615706;interior;2;PE
2615805;interior;2;PE
2615904;interior;2;PE
2616001;interior;2;PE
2616100;interior;2;PE
2616183;interior;2;PE
2616209;interior;2;PE
2616308;interior;2;PE
2616407;interior;2;PE
2616506;interior;2;PE
2700102;interior;2;AL
2700201;interior;2;AL
2700300;interior;2;AL
2700409;metropolitana;2;AL
2700508;metropolitana;2;AL
2700607;metropolitana;2;AL
2700706;interior;2;AL
2700805;interior;2;AL
2700904;interior;2;AL
2701001;interior;2;AL
2701100;interior;2;AL
2701209;interior;2;AL
2701308;interior;2;AL
2701357;interior;2;AL
2701407;interior;2;AL
2701506;interior;2;AL
2701605;interior;2;AL
2701704;interior;2;AL
2701803;interior;2;AL
2701902;interior;2;AL
2702009;interior;2;AL
2702108;interior;2;AL
2702207;metropolitana;2;AL
2702306;interior;2;AL
2702355;interior;2;AL
2702405;interior;2;AL
2702504;interior;2;AL
2702553;interior;2;AL
2702603;interior;2;AL
2702702;interior;2;AL
2702801;interior;2;AL
2702900;interior;2;AL
2703007;interior;2;AL
2703106;interior;2;AL
2703205;interior;2;AL
2703304;interior;2;AL
2703403;interior;2;AL
2703502;interior;2;AL
2703601;interior;2;AL
2703700;interior;2;AL
2703759;interior;2;AL
2703809;interior;2;AL
2703908;interior;2;AL
2704005;interior;2;AL
2704104;interior;2;AL
2704203;interior;2;AL
2704302;metropolitana;2;AL
2704401;interior;2;AL
2704500;interior;2;AL
2704609;interior;2;AL
2704708;metropolitana;2;AL
2704807;interior;2;AL
2704906;interior;2;AL
2705002;interior;2;AL
2705101;interior;2;AL
2705200;metropolitana;2;AL
2705309;interior;2;AL
2705408;interior;2;AL
2705507;interior;2;AL
2705606;interior;2;AL
2705705;interior;2;AL
2705804;interior;2;AL
2705903;interior;2;AL
2706000;interior;2;AL
2706109;interior;2;AL
2706208;interior;2;AL
2706307;interior;2;AL
2706406;interior;2;AL
2706422;interior;2;AL
2706448;metropolitana;2;AL
2706505;interior;2;AL
2706604;interior;2;AL
2706703;interior;2;AL
2706802;interior;2;AL
2706901;metropolitana;2;AL
2707008;interior;2;AL
2707107;interior;2;AL
2707206;interior;2;AL
2707305;interior;2;AL
2707404;interior;2;AL
2707503;interior;2;AL
2707602;interior;2;AL
2707701;metropolitana;2;AL
2707800;interior;2;AL
2707909;metropolitana;2;AL
2708006;interior;2;AL
2708105;interior;2;AL
2708204;interior;2;AL
2708303;interior;2;AL
2708402;interior;2;AL
2708501;interior;2;AL
2708600;interior;2;AL
2708709;interior;2;AL
2708808;interior;2;AL
2708907;metropolitana;2;AL
2708956;interior;2;AL
2709004;interior;2;AL
2709103;interior;2;AL
2709152;interior;2;AL
2709202;interior;2;AL
2709301;interior;2;AL
2709400;interior;2;AL
2800100;interior;2;SE
2800209;interior;2;SE
2800308;metropolitana;2;SE
2800407;interior;2;SE
2800506;interior;2;SE
2800605;metropolitana;2;SE
2800670;interior;2;SE
2800704;interior;2;SE
2801009;interior;2;SE
2801108;interior;2;SE
2801207;interior;2;SE
2801306;interior;2;SE
2801405;interior;2;SE
2801504;interior;2;SE
2801603;interior;2;SE
2801702;interior;2;SE
2801900;interior;2;SE
2802007;interior;2;SE
2802106;interior;2;SE
2802205;interior;2;SE
2802304;interior;2;SE
2802403;interior;2;SE
2802502;interior;2;SE
2802601;interior;2;SE
2802700;interior;2;SE
2802809;interior;2;SE
2802908;interior;2;SE
2803005;interior;2;SE
2803104;interior;2;SE
2803203;interior;2;SE
2803302;interior;2;SE
2803401;interior;2;SE
2803500;interior;2;SE
2803609;interior;2;SE
2803708;interior;2;SE
2803807;interior;2;SE
2803906;interior;2;SE
2804003;interior;2;SE
2804102;interior;2;SE
2804201;interior;2;SE
2804300;interior;2;SE
2804409;interior;2;SE
2804458;interior;2;SE
2804508;interior;2;SE
2804607;interior;2;SE
2804706;interior;2;SE
2804805;metropolitana;2;SE
2804904;interior;2;SE
2805000;interior;2;SE
2805109;interior;2;SE
2805208;interior;2;SE
2805307;interior;2;SE
2805406;interior;2;SE
2805505;interior;2;SE
2805604;interior;2;SE
2805703;interior;2;SE
2805802;interior;2;SE
2805901;interior;2;SE
2806008;interior;2;SE
2806107;interior;2;SE
2806206;interior;2;SE
2806305;interior;2;SE
2806404;interior;2;SE
2806503;interior;2;SE
2806602;interior;2;SE
2806701;metropolitana;2;SE
2806800;interior;2;SE
2806909;interior;2;SE
2807006;interior;2;SE
2807105;interior;2;SE
2807204;interior;2;SE
2807303;interior;2;SE
2807402;interior;2;SE
2807501;interior;2;SE
2807600;interior;2;SE
2900108;interior;2;BA
2900207;interior;2;BA
2900306;interior;2;BA
2900355;interior;2;BA
2900405;interior;2;BA
2900504;interior;2;BA
2900603;interior;2;BA
2900702;interior;2;BA
2900801;interior;2;BA
2900900;interior;2;BA
2901007;interior;2;BA
2901106;interior;2;BA
2901155;interior;2;BA
2901205;interior;2;BA
2901304;interior;2;BA
2901353;interior;2;BA
2901403;interior;2;BA
2901502;interior;2;BA
2901601;interior;2;BA
2901700;interior;2;BA
2901809;interior;2;BA
2901908;interior;2;BA
2901957;interior;2;BA
2902005;interior;2;BA
2902054;interior;2;BA
2902104;interior;2;BA
2902203;interior;2;BA
2902252;interior;2;BA
2902302;interior;2;BA
2902401;interior;2;BA
2902500;interior;2;BA
2902609;interior;2;BA
2902658;interior;2;BA
2902708;interior;2;BA
2902807;interior;2;BA
2902906;interior;2;BA
2903003;interior;2;BA
2903102;interior;2;BA
2903201;interior;2;BA
2903235;interior;2;BA
2903276;interior;2;BA
2903300;interior;2;BA
2903409;interior;2;BA
2903508;interior;2;BA
2903607;interior;2;BA
2903706;interior;2;BA
2903805;interior;2;BA
2903904;interior;2;BA
2903953;interior;2;BA
2904001;interior;2;BA
2904050;interior;2;BA
2904100;interior;2;BA
2904209;interior;2;BA
2904308;interior;2;BA
2904407;interior;2;BA
2904506;interior;2;BA
2904605;interior;2;BA
2904704;interior;2;BA
2904753;interior;2;BA
2904803;interior;2;BA
2904852;interior;2;BA
2904902;interior;2;BA
2905008;interior;2;BA
2905107;interior;2;BA
2905156;interior;2;BA
2905206;interior;2;BA
2905305;interior;2;BA
2905404;interior;2;BA
2905503;interior;2;BA
2905602;interior;2;BA
2905701;metropolitana;2;BA
2905800;interior;2;BA
2905909;interior;2;BA
2906006;interior;2;BA
2906105;interior;2;BA
2906204;interior;2;BA
2906303;interior;2;BA
2906402;interior;2;BA
2906501;metropolitana;2;BA
2906600;interior;2;BA
2906709;interior;2;BA
2906808;interior;2;BA
2906824;interior;2;BA
2906857;interior;2;BA
2906873;interior;2;BA
2906899;interior;2;BA
2906907;interior;2;BA
2907004;interior;2;BA
2907103;interior;2;BA
2907202;interior;2;BA
2907301;interior;2;BA
2907400;interior;2;BA
2907509;interior;2;BA
2907558;interior;2;BA
2907608;interior;2;BA
2907707;interior;2;BA
2907806;interior;2;BA
2907905;interior;2;BA
2908002;interior;2;BA
2908101;interior;2;BA
2908200;interior;2;BA
2908309;interior;2;BA
2908408;interior;2;BA
2908507;interior;2;BA
2908606;interior;2;BA
2908705;interior;2;BA
2908804;interior;2;BA
2908903;interior;2;BA
2909000;interior;2;BA
2909109;interior;2;BA
2909208;interior;2;BA
2909307;interior;2;BA
2909406;interior;2;BA
2909505;interior;2;BA
2909604;interior;2;BA
2909703;interior;2;BA
2909802;interior;2;BA
2909901;interior;2;BA
2910008;interior;2;BA
2910057;metropolitana;2;BA
2910107;interior;2;BA
2910206;interior;2;BA
2910305;interior;2;BA
2910404;interior;2;BA
2910503;interior;2;BA
2910602;interior;2;BA
2910701;interior;2;BA
2910727;interior;2;BA
2910750;interior;2;BA
2910776;interior;2;BA
2910800;metropolitana;2;BA
2910859;interior;2;BA
2910909;interior;2;BA
2911006;interior;2;BA
2911105;interior;2;BA
2911204;interior;2;BA
2911253;interior;2;BA
2911303;interior;2;BA
2911402;interior;2;BA
2911501;interior;2;BA
2911600;interior;2;BA
2911659;interior;2;BA
2911709;interior;2;BA
2911808;interior;2;BA
2911857;interior;2;BA
2911907;interior;2;BA
2912004;interior;2;BA
2912103;interior;2;BA
2912202;interior;2;BA
2912301;interior;2;BA
2912400;interior;2;BA
2912509;interior;2;BA
2912608;interior;2;BA
2912707;interior;2;BA
2912806;interior;2;BA
2912905;interior;2;BA
2913002;interior;2;BA
2913101;interior;2;BA
2913200;interior;2;BA
2913309;interior;2;BA
2913408;interior;2;BA
2913457;interior;2;BA
2913507;interior;2;BA
2913606;interior;2;BA
2913705;interior;2;BA
2913804;interior;2;BA
2913903;interior;2;BA
2914000;interior;2;BA
2914109;interior;2;BA
2914208;interior;2;BA
2914307;interior;2;BA
2914406;interior;2;BA
2914505;interior;2;BA
2914604;interior;2;BA
2914653;interior;2;BA
2914703;interior;2;BA
2914802;metropolitana;2;BA
2914901;interior;2;BA
2915007;interior;2;BA
2915106;interior;2;BA
2915205;interior;2;BA
2915304;interior;2;BA
2915353;interior;2;BA
2915403;interior;2;BA
2915502;interior;2;BA
2915601;interior;2;BA
2915700;interior;2;BA
2915809;interior;2;BA
2915908;interior;2;BA
2916005;interior;2;BA
2916104;metropolitana;2;BA
2916203;interior;2;BA
2916302;interior;2;BA
2916401;interior;2;BA
2916500;interior;2;BA
2916609;interior;2;BA
2916708;interior;2;BA
2916807;interior;2;BA
2916856;interior;2;BA
2916906;interior;2;BA
2917003;interior;2;BA
2917102;interior;2;BA
2917201;interior;2;BA
2917300;interior;2;BA
2917334;interior;2;BA
2917359;interior;2;BA
2917409;interior;2;BA
2917508;interior;2;BA
2917607;interior;2;BA
2917706;interior;2;BA
2917805;interior;2;BA
2917904;interior;2;BA
2918001;interior;2;BA
2918100;interior;2;BA
2918209;interior;2;BA
2918308;interior;2;BA
2918357;interior;2;BA
2918407;interior;2;BA
2918456;interior;2;BA
2918506;interior;2;BA
2918555;interior;2;BA
2918605;interior;2;BA
2918704;interior;2;BA
2918753;interior;2;BA
2918803;interior;2;BA
2918902;interior;2;BA
2919009;interior;2;BA
2919058;interior;2;BA
2919108;interior;2;BA
2919157;interior;2;BA
2919207;metropolitana;2;BA
2919306;interior;2;BA
2919405;interior;2;BA
2919504;interior;2;BA
2919553;interior;2;BA
2919603;interior;2;BA
2919702;interior;2;BA
2919801;interior;2;BA
2919900;interior;2;BA
2919926;metropolitana;2;BA
2919959;interior;2;BA
2920007;interior;2;BA
2920106;interior;2;BA
2920205;interior;2;BA
2920304;interior;2;BA
2920403;interior;2;BA
2920452;interior;2;BA
2920502;interior;2;BA
2920601;interior;2;BA
2920700;interior;2;BA
2920809;interior;2;BA
2920908;interior;2;BA
2921005;metropolitana;2;BA
2921054;interior;2;BA
2921104;interior;2;BA
2921203;interior;2;BA
2921302;interior;2;BA
2921401;interior;2;BA
2921450;interior;2;BA
2921500;interior;2;BA
2921609;interior;2;BA
2921708;interior;2;BA
2921807;interior;2;BA
2921906;interior;2;BA
2922003;interior;2;BA
2922052;interior;2;BA
2922102;interior;2;BA
2922201;interior;2;BA
2922250;interior;2;BA
2922300;interior;2;BA
2922409;interior;2;BA
2922508;interior;2;BA
2922607;interior;2;BA
2922656;interior;2;BA
2922706;interior;2;BA
2922730;interior;2;BA
2922755;interior;2;BA
2922805;interior;2;BA
2922854;interior;2;BA
2922904;interior;2;BA
2923001;interior;2;BA
2923035;interior;2;BA
2923050;interior;2;BA
2923100;interior;2;BA
2923209;interior;2;BA
2923308;interior;2;BA
2923357;interior;2;BA
2923407;interior;2;BA
2923506;interior;2;BA
2923605;interior;2;BA
2923704;interior;2;BA
2923803;interior;2;BA
2923902;interior;2;BA
2924009;interior;2;BA
2924058;interior;2;BA
2924108;interior;2;BA
2924207;interior;2;BA
2924306;interior;2;BA
2924405;interior;2;BA
2924504;interior;2;BA
2924603;interior;2;BA
2924652;interior;2;BA
2924678;interior;2;BA
2924702;interior;2;BA
2924801;interior;2;BA
2924900;interior;2;BA
2925006;interior;2;BA
2925105;interior;2;BA
2925204;metropolitana;2;BA
2925253;interior;2;BA
2925303;interior;2;BA
2925402;interior;2;BA
2925501;interior;2;BA
2925600;interior;2;BA
2925709;interior;2;BA
2925758;interior;2;BA
2925808;interior;2;BA
2925907;interior;2;BA
2925931;interior;2;BA
2925956;interior;2;BA
2926004;interior;2;BA
2926103;interior;2;BA
2926202;interior;2;BA
2926301;interior;2;BA
2926400;interior;2;BA
2926509;interior;2;BA
2926608;interior;2;BA
2926657;interior;2;BA
2926707;interior;2;BA
2926806;interior;2;BA
2926905;interior;2;BA
2927002;interior;2;BA
2927101;interior;2;BA
2927200;interior;2;BA
2927309;interior;2;BA
2927408;metropolitana;2;BA
2927507;interior;2;BA
2927606;interior;2;BA
2927705;interior;2;BA
2927804;interior;2;BA
2927903;interior;2;BA
2928000;interior;2;BA
2928059;interior;2;BA
2928109;interior;2;BA
2928208;interior;2;BA
2928307;interior;2;BA
2928406;interior;2;BA
2928505;interior;2;BA
2928604;interior;2;BA
2928703;interior;2;BA
2928802;interior;2;BA
2928901;interior;2;BA
2928950;interior;2;BA
2929008;interior;2;BA
2929057;interior;2;BA
2929107;interior;2;BA
2929206;metropolitana;2;BA
2929255;interior;2;BA
2929305;interior;2;BA
2929354;interior;2;BA
2929370;interior;2;BA
2929404;interior;2;BA
2929503;metropolitana;2;BA
2929602;interior;2;BA
2929701;interior;2;BA
2929750;interior;2;BA
2929800;interior;2;BA
2929909;interior;2;BA
2930006;interior;2;BA
2930105;interior;2;BA
2930154;interior;2;BA
2930204;interior;2;BA
2930303;interior;2;BA
2930402;interior;2;BA
2930501;interior;2;BA
2930600;interior;2;BA
2930709;metropolitana;2;BA
2930758;interior;2;BA
2930766;interior;2;BA
2930774;interior;2;BA
2930808;interior;2;BA
2930907;interior;2;BA
2931004;interior;2;BA
2931053;interior;2;BA
2931103;interior;2;BA
2931202;interior;2;BA
2931301;interior;2;BA
2931350;interior;2;BA
2931400;interior;2;BA
2931509;interior;2;BA
2931608;interior;2;BA
2931707;interior;2;BA
2931806;interior;2;BA
2931905;interior;2;BA
2932002;interior;2;BA
2932101;interior;2;BA
2932200;interior;2;BA
2932309;interior;2;BA
2932408;interior;2;BA
2932457;interior;2;BA
2932507;interior;2;BA
2932606;interior;2;BA
2932705;interior;2;BA
2932804;interior;2;BA
2932903;interior;2;BA
2933000;interior;2;BA
2933059;interior;2;BA
2933109;interior;2;BA
2933158;interior;2;BA
2933174;interior;2;BA
2933208;metropolitana;2;BA
2933257;interior;2;BA
2933307;metropolitana;2;BA
2933406;interior;2;BA
2933455;interior;2;BA
2933505;interior;2;BA
2933604;interior;2;BA
3100104;interior;3;MG
3100203;interior;3;MG
3100302;interior;3;MG
3100401;interior;3;MG
3100500;interior;3;MG
3100609;interior;3;MG
3100708;interior;3;MG
3100807;interior;3;MG
3100906;interior;3;MG
3101003;interior;3;MG
3101102;interior;3;MG
3101201;interior;3;MG
3101300;interior;3;MG
3101409;interior;3;MG
3101508;interior;3;MG
3101607;interior;3;MG
3101631;interior;3;MG
3101706;interior;3;MG
3101805;interior;3;MG
3101904;interior;3;MG
3102001;interior;3;MG
3102050;interior;3;MG
3102100;interior;3;MG
3102209;interior;3;MG
3102308;interior;3;MG
3102407;interior;3;MG
3102506;interior;3;MG
3102605;interior;3;MG
3102704;interior;3;MG
3102803;interior;3;MG
3102852;interior;3;MG
3102902;interior;3;MG
3103009;interior;3;MG
3103108;interior;3;MG
3103207;interior;3;MG
3103306;interior;3;MG
3103405;interior;3;MG
3103504;interior;3;MG
3103603;interior;3;MG
3103702;interior;3;MG
3103751;interior;3;MG
3103801;interior;3;MG
3103900;interior;3;MG
3104007;interior;3;MG
3104106;interior;3;MG
3104205;interior;3;MG
3104304;interior;3;MG
3104403;interior;3;MG
3104452;interior;3;MG
3104502;interior;3;MG
3104601;interior;3;MG
3104700;interior;3;MG
3104809;interior;3;MG
3104908;interior;3;MG
3105004;metropolitana;3;MG
3105103;interior;3;MG
3105202;interior;3;MG
3105301;interior;3;MG
3105400;metropolitana;3;MG
3105509;interior;3;MG
3105608;interior;3;MG
3105707;interior;3;MG
3105905;interior;3;MG
3106002;interior;3;MG
3106101;interior;3;MG
3106200;metropolitana;3;MG
3106309;interior;3;MG
3106408;metropolitana;3;MG
3106507;interior;3;MG
3106606;interior;3;MG
3106655;interior;3;MG
3106705;metropolitana;3;MG
3106804;interior;3;MG
3106903;interior;3;MG
3107000;interior;3;MG
3107109;interior;3;MG
3107208;interior;3;MG
3107307;interior;3;MG
3107406;interior;3;MG
3107505;interior;3;MG
3107604;interior;3;MG
3107703;metropolitana;3;MG
3107802;interior;3;MG
3107901;interior;3;MG
3108008;interior;3;MG
3108107;metropolitana;3;MG
3108206;interior;3;MG
3108255;interior;3;MG
3108305;interior;3;MG
3108404;interior;3;MG
3108503;interior;3;MG
3108552;interior;3;MG
3108602;interior;3;MG
3108701;interior;3;MG
3108800;interior;3;MG
3108909;interior;3;MG
3109006;metropolitana;3;MG
3109105;interior;3;MG
3109204;interior;3;MG
3109253;interior;3;MG
3109303;metropolitana;3;MG
3109402;interior;3;MG
3109451;interior;3;MG
3109501;interior;3;MG
3109600;interior;3;MG
3109709;interior;3;MG
3109808;interior;3;MG
3109907;interior;3;MG
3110004;metropolitana;3;MG
3110103;interior;3;MG
3110202;interior;3;MG
3110301;interior;3;MG
3110400;interior;3;MG
3110509;interior;3;MG
3110608;interior;3;MG
3110707;interior;3;MG
3110806;interior;3;MG
3110905;interior;3;MG
3111002;interior;3;MG
3111101;interior;3;MG
3111150;interior;3;MG
3111200;interior;3;MG
3111309;interior;3;MG
3111408;interior;3;MG
3111507;interior;3;MG
3111606;interior;3;MG
3111705;interior;3;MG
3111804;interior;3;MG
3111903;interior;3;MG
3112000;interior;3;MG
3112059;interior;3;MG
3112109;interior;3;MG
3112208;interior;3;MG
3112307;interior;3;MG
3112406;interior;3;MG
3112505;metropolitana;3;MG
3112604;interior;3;MG
3112653;interior;3;MG
3112703;interior;3;MG
3112802;interior;3;MG
3112901;interior;3;MG
3113008;interior;3;MG
3113107;interior;3;MG
3113206;interior;3;MG
3113305;interior;3;MG
3113404;interior;3;MG
3113503;interior;3;MG
3113602;interior;3;MG
3113701;interior;3;MG
3113800;interior;3;MG
3113909;interior;3;MG
3114006;interior;3;MG
3114105;interior;3;MG
3114204;interior;3;MG
3114303;interior;3;MG
3114402;interior;3;MG
3114501;interior;3;MG
3114550;interior;3;MG
3114600;interior;3;MG
3114709;interior;3;MG
3114808;interior;3;MG
3114907;interior;3;MG
3115003;interior;3;MG
3115102;interior;3;MG
3115201;interior;3;MG
3115300;interior;3;MG
3115359;interior;3;MG
3115409;interior;3;MG
3115458;interior;3;MG
3115474;interior;3;MG
3115508;interior;3;MG
3115607;interior;3;MG
3115706;interior;3;MG
3115805;interior;3;MG
3115904;interior;3;MG
3116001;interior;3;MG
3116100;interior;3;MG
3116159;interior;3;MG
3116209;interior;3;MG
3116308;interior;3;MG
3116407;interior;3;MG
3116506;interior;3;MG
3116605;interior;3;MG
3116704;interior;3;MG
3116803;interior;3;MG
3116902;interior;3;MG
3117009;interior;3;MG
3117108;interior;3;MG
3117207;interior;3;MG
3117306;interior;3;MG
3117405;interior;3;MG
3117504;interior;3;MG
3117603;interior;3;MG
3117702;interior;3;MG
3117801;interior;3;MG
3117836;interior;3;MG
3117876;metropolitana;3;MG
3117900;interior;3;MG
3118007;interior;3;MG
3118106;interior;3;MG
3118205;interior;3;MG
3118304;interior;3;MG
3118403;interior;3;MG
3118502;interior;3;MG
3118601;metropolitana;3;MG
3118700;interior;3;MG
3118809;interior;3;MG
3118908;interior;3;MG
3119005;interior;3;MG
3119104;interior;3;MG
3119203;interior;3;MG
3119302;interior;3;MG
3119401;interior;3;MG
3119500;interior;3;MG
3119609;interior;3;MG
3119708;interior;3;MG
3119807;interior;3;MG
3119906;interior;3;MG
3119955;interior;3;MG
3120003;interior;3;MG
3120102;interior;3;MG
3120151;interior;3;MG
3120201;interior;3;MG
3120300;interior;3;MG
3120409;interior;3;MG
3120508;interior;3;MG
3120607;interior;3;MG
3120706;interior;3;MG
3120805;interior;3;MG
3120839;interior;3;MG
3120870;interior;3;MG
3120904;interior;3;MG
3121001;interior;3;MG
3121100;interior;3;MG
3121209;interior;3;MG
3121258;interior;3;MG
3121308;interior;3;MG
3121407;interior;3;MG
3121506;interior;3;MG
3121605;interior;3;MG
3121704;interior;3;MG
3121803;interior;3;MG
3121902;interior;3;MG
3122009;interior;3;MG
3122108;interior;3;MG
3122207;interior;3;MG
3122306;interior;3;MG
3122355;interior;3;MG
3122405;interior;3;MG
3122454;interior;3;MG
3122470;interior;3;MG
3122504;interior;3;MG
3122603;interior;3;MG
3122702;interior;3;MG
3122801;interior;3;MG
3122900;interior;3;MG
3123007;interior;3;MG
3123106;interior;3;MG
3123205;interior;3;MG
3123304;interior;3;MG
3123403;interior;3;MG
3123502;interior;3;MG
3123528;interior;3;MG
3123601;interior;3;MG
3123700;interior;3;MG
3123809;interior;3;MG
3123858;interior;3;MG
3123908;interior;3;MG
3124005;interior;3;MG
3124104;metropolitana;3;MG
3124203;interior;3;MG
3124302;interior;3;MG
3124401;interior;3;MG
3124500;interior;3;MG
3124609;interior;3;MG
3124708;interior;3;MG
3124807;interior;3;MG
3124906;interior;3;MG
3125002;interior;3;MG
3125101;interior;3;MG
3125200;interior;3;MG
3125309;interior;3;MG
3125408;interior;3;MG
3125507;interior;3;MG
3125606;interior;3;MG
3125705;interior;3;MG
3125804;interior;3;MG
3125903;interior;3;MG
3125952;interior;3;MG
3126000;metropolitana;3;MG
3126109;interior;3;MG
3126208;interior;3;MG
3126307;interior;3;MG
3126406;metropolitana;3;MG
3126505;interior;3;MG
3126604;interior;3;MG
3126703;interior;3;MG
3126752;interior;3;MG
3126802;interior;3;MG
3126901;interior;3;MG
3126950;interior;3;MG
3127008;interior;3;MG
3127057;interior;3;MG
3127073;interior;3;MG
3127107;interior;3;MG
3127206;metropolitana;3;MG
3127305;interior;3;MG
3127339;interior;3;MG
3127354;interior;3;MG
3127370;interior;3;MG
3127388;interior;3;MG
3127404;interior;3;MG
3127503;interior;3;MG
3127602;interior;3;MG
3127701;interior;3;MG
3127800;interior;3;MG
3127909;interior;3;MG
3128006;interior;3;MG
3128105;interior;3;MG
3128204;interior;3;MG
3128253;interior;3;MG
3128303;interior;3;MG
3128402;interior;3;MG
3128501;interior;3;MG
3128600;interior;3;MG
3128709;interior;3;MG
3128808;interior;3;MG
3128907;interior;3;MG
3129004;interior;3;MG
3129103;interior;3;MG
3129202;interior;3;MG
3129301;interior;3;MG
3129400;interior;3;MG
3129509;interior;3;MG
3129608;interior;3;MG
3129657;interior;3;MG
3129707;interior;3;MG
3129806;metropolitana;3;MG
3129905;interior;3;MG
3130002;interior;3;MG
3130051;interior;3;MG
3130101;metropolitana;3;MG
3130200;interior;3;MG
3130309;interior;3;MG
3130408;interior;3;MG
3130507;interior;3;MG
3130556;interior;3;MG
3130606;interior;3;MG
3130655;interior;3;MG
3130705;interior;3;MG
3130804;interior;3;MG
3130903;interior;3;MG
3131000;metropolitana;3;MG
3131109;interior;3;MG
3131158;interior;3;MG
3131208;interior;3;MG
3131307;interior;3;MG
3131406;interior;3;MG
3131505;interior;3;MG
3131604;interior;3;MG
3131703;interior;3;MG
3131802;interior;3;MG
3131901;metropolitana;3;MG
3132008;interior;3;MG
3132107;interior;3;MG
3132206;metropolitana;3;MG
3132305;interior;3;MG
3132404;interior;3;MG
3132503;interior;3;MG
3132602;interior;3;MG
3132701;interior;3;MG
3132800;interior;3;MG
3132909;interior;3;MG
3133006;interior;3;MG
3133105;interior;3;MG
3133204;interior;3;MG
3133303;interior;3;MG
3133402;interior;3;MG
3133501;interior;3;MG
3133600;interior;3;MG
3133709;metropolitana;3;MG
3133758;interior;3;MG
3133808;metropolitana;3;MG
3133907;interior;3;MG
3134004;interior;3;MG
3134103;interior;3;MG
3134202;interior;3;MG
3134301;interior;3;MG
3134400;interior;3;MG
3134509;interior;3;MG
3134608;metropolitana;3;MG
3134707;interior;3;MG
3134806;interior;3;MG
3134905;interior;3;MG
3135001;interior;3;MG
3135050;interior;3;MG
3135076;interior;3;MG
3135100;interior;3;MG
3135209;interior;3;MG
3135308;interior;3;MG
3135357;interior;3;MG
3135407;interior;3;MG
3135456;interior;3;MG
3135506;interior;3;MG
3135605;interior;3;MG
3135704;interior;3;MG
3135803;interior;3;MG
3135902;interior;3;MG
3136009;interior;3;MG
3136108;interior;3;MG
3136207;interior;3;MG
3136306;interior;3;MG
3136405;interior;3;MG
3136504;interior;3;MG
3136520;interior;3;MG
3136553;interior;3;MG
3136579;interior;3;MG
3136603;metropolitana;3;MG
3136652;metropolitana;3;MG
3136702;metropolitana;3;MG
3136801;interior;3;MG
3136900;interior;3;MG
3136959;interior;3;MG
3137007;interior;3;MG
3137106;interior;3;MG
3137205;interior;3;MG
3137304;interior;3;MG
3137403;interior;3;MG
3137502;interior;3;MG
3137536;interior;3;MG
3137601;metropolitana;3;MG
3137700;interior;3;MG
3137809;interior;3;MG
3137908;interior;3;MG
3138005;interior;3;MG
3138104;interior;3;MG
3138203;interior;3;MG
3138302;interior;3;MG
3138351;interior;3;MG
3138401;interior;3;MG
3138500;interior;3;MG
3138609;interior;3;MG
3138625;interior;3;MG
3138658;interior;3;MG
3138674;interior;3;MG
3138682;interior;3;MG
3138708;interior;3;MG
3138807;interior;3;MG
3138906;interior;3;MG
3139003;interior;3;MG
3139102;interior;3;MG
3139201;interior;3;MG
3139250;interior;3;MG
3139300;interior;3;MG
3139409;interior;3;MG
3139508;interior;3;MG
3139607;interior;3;MG
3139706;interior;3;MG
3139805;interior;3;MG
3139904;interior;3;MG
3140001;interior;3;MG
3140100;interior;3;MG
3140159;metropolitana;3;MG
3140209;interior;3;MG
3140308;interior;3;MG
3140407;interior;3;MG
3140506;interior;3;MG
3140530;interior;3;MG
3140555;interior;3;MG
3140605;interior;3;MG
3140704;metropolitana;3;MG
3140803;interior;3;MG
3140852;interior;3;MG
3140902;interior;3;MG
3141009;interior;3;MG
3141108;metropolitana;3;MG
3141207;interior;3;MG
3141306;interior;3;MG
3141405;interior;3;MG
3141504;interior;3;MG
3141603;interior;3;MG
3141702;interior;3;MG
3141801;interior;3;MG
3141900;interior;3;MG
3142007;interior;3;MG
3142106;interior;3;MG
3142205;interior;3;MG
3142254;interior;3;MG
3142304;metropolitana;3;MG
3142403;interior;3;MG
3142502;interior;3;MG
3142601;interior;3;MG
3142700;interior;3;MG
3142809;interior;3;MG
3142908;interior;3;MG
3143005;interior;3;MG
3143104;interior;3;MG
3143153;interior;3;MG
3143203;interior;3;MG
3143302;metropolitana;3;MG
3143401;interior;3;MG
3143450;interior;3;MG
3143500;interior;3;MG
3143609;interior;3;MG
3143708;interior;3;MG
3143807;interior;3;MG
3143906;interior;3;MG
3144003;interior;3;MG
3144102;interior;3;MG
3144201;interior;3;MG
3144300;interior;3;MG
3144359;interior;3;MG
3144375;interior;3;MG
3144409;interior;3;MG
3144508;interior;3;MG
3144607;interior;3;MG
3144656;interior;3;MG
3144672;interior;3;MG
3144706;interior;3;MG
3144805;metropolitana;3;MG
3144904;interior;3;MG
3145000;interior;3;MG
3145059;interior;3;MG
3145109;interior;3;MG
3145208;interior;3;MG
3145307;interior;3;MG
3145356;interior;3;MG
3145372;interior;3;MG
3145406;interior;3;MG
3145455;interior;3;MG
3145505;interior;3;MG
3145604;interior;3;MG
3145703;interior;3;MG
3145802;interior;3;MG
3145851;interior;3;MG
3145877;interior;3;MG
3145901;interior;3;MG
3146008;interior;3;MG
3146107;interior;3;MG
3146206;interior;3;MG
3146255;interior;3;MG
3146305;interior;3;MG
3146404;interior;3;MG
3146503;interior;3;MG
3146552;interior;3;MG
3146602;interior;3;MG
3146701;interior;3;MG
3146750;interior;3;MG
3146909;interior;3;MG
3147006;interior;3;MG
3147105;metropolitana;3;MG
3147204;interior;3;MG
3147303;interior;3;MG
3147402;interior;3;MG
3147501;interior;3;MG
3147600;interior;3;MG
3147709;interior;3;MG
3147808;interior;3;MG
3147907;interior;3;MG
3147956;interior;3;MG
3148004;interior;3;MG
3148103;interior;3;MG
3148202;interior;3;MG
3148301;interior;3;MG
3148400;interior;3;MG
3148509;interior;3;MG
3148608;interior;3;MG
3148707;interior;3;MG
3148756;interior;3;MG
3148806;interior;3;MG
3148905;interior;3;MG
3149002;interior;3;MG
3149101;interior;3;MG
3149150;interior;3;MG
3149200;interior;3;MG
3149309;metropolitana;3;MG
3149408;interior;3;MG
3149507;interior;3;MG
3149606;interior;3;MG
3149705;interior;3;MG
3149804;interior;3;MG
3149903;interior;3;MG
3149952;interior;3;MG
3150000;interior;3;MG
3150109;interior;3;MG
3150158;interior;3;MG
3150208;interior;3;MG
3150307;interior;3;MG
3150406;interior;3;MG
3150505;interior;3;MG
3150539;interior;3;MG
3150570;interior;3;MG
3150604;interior;3;MG
3150703;interior;3;MG
3150802;interior;3;MG
3150901;interior;3;MG
3151008;interior;3;MG
3151107;interior;3;MG
3151206;interior;3;MG
3151305;interior;3;MG
3151404;interior;3;MG
3151503;interior;3;MG
3151602;interior;3;MG
3151701;interior;3;MG
3151800;interior;3;MG
3151909;interior;3;MG
3152006;interior;3;MG
3152105;interior;3;MG
3152131;interior;3;MG
3152170;interior;3;MG
3152204;interior;3;MG
3152303;interior;3;MG
3152402;interior;3;MG
3152501;interior;3;MG
3152600;interior;3;MG
3152709;interior;3;MG
3152808;interior;3;MG
3152907;interior;3;MG
3153004;interior;3;MG
3153103;interior;3;MG
3153202;interior;3;MG
3153301;interior;3;MG
3153400;interior;3;MG
3153509;interior;3;MG
3153608;metropolitana;3;MG
3153707;interior;3;MG
3153806;interior;3;MG
3153905;metropolitana;3;MG
3154002;interior;3;MG
3154101;interior;3;MG
3154150;interior;3;MG
3154200;interior;3;MG
3154309;interior;3;MG
3154408;interior;3;MG
3154457;interior;3;MG
3154507;interior;3;MG
3154606;metropolitana;3;MG
3154705;interior;3;MG
3154804;metropolitana;3;MG
3154903;interior;3;MG
3155009;interior;3;MG
3155108;interior;3;MG
3155207;interior;3;MG
3155306;metropolitana;3;MG
3155405;interior;3;MG
3155504;interior;3;MG
3155603;interior;3;MG
3155702;interior;3;MG
3155801;interior;3;MG
3155900;interior;3;MG
3156007;interior;3;MG
3156106;interior;3;MG
3156205;interior;3;MG
3156304;interior;3;MG
3156403;interior;3;MG
3156452;interior;3;MG
3156502;interior;3;MG
3156601;interior;3;MG
3156700;metropolitana;3;MG
3156809;interior;3;MG
3156908;interior;3;MG
3157005;interior;3;MG
3157104;interior;3;MG
3157203;metropolitana;3;MG
3157252;interior;3;MG
3157278;interior;3;MG
3157302;interior;3;MG
3157336;interior;3;MG
3157377;interior;3;MG
3157401;interior;3;MG
3157500;interior;3;MG
3157609;interior;3;MG
3157658;interior;3;MG
3157708;interior;3;MG
3157807;metropolitana;3;MG
3157906;interior;3;MG
3158003;interior;3;MG
3158102;interior;3;MG
3158201;interior;3;MG
3158300;interior;3;MG
3158409;interior;3;MG
3158508;interior;3;MG
3158607;interior;3;MG
3158706;interior;3;MG
3158805;interior;3;MG
3158904;interior;3;MG
3158953;interior;3;MG
3159001;interior;3;MG
3159100;interior;3;MG
3159209;interior;3;MG
3159308;interior;3;MG
3159357;interior;3;MG
3159407;interior;3;MG
3159506;interior;3;MG
3159605;interior;3;MG
3159704;interior;3;MG
3159803;interior;3;MG
3159902;interior;3;MG
3160009;interior;3;MG
3160108;interior;3;MG
3160207;interior;3;MG
3160306;interior;3;MG
3160405;interior;3;MG
3160454;interior;3;MG
3160504;interior;3;MG
3160603;interior;3;MG
3160702;interior;3;MG
3160801;interior;3;MG
3160900;interior;3;MG
3160959;interior;3;MG
3161007;interior;3;MG
3161056;interior;3;MG
3161106;interior;3;MG
3161205;interior;3;MG
3161304;interior;3;MG
3161403;interior;3;MG
3161502;interior;3;MG
3161601;interior;3;MG
3161650;interior;3;MG
3161700;interior;3;MG
3161809;interior;3;MG
3161908;metropolitana;3;MG
3162005;interior;3;MG
3162104;interior;3;MG
3162203;interior;3;MG
3162252;interior;3;MG
3162302;interior;3;MG
3162401;interior;3;MG
3162450;interior;3;MG
3162500;interior;3;MG
3162559;interior;3;MG
3162575;interior;3;MG
3162609;interior;3;MG
3162658;interior;3;MG
3162708;interior;3;MG
3162807;interior;3;MG
3162906;interior;3;MG
3162922;metropolitana;3;MG
3162948;interior;3;MG
3162955;metropolitana;3;MG
3163003;interior;3;MG
3163102;metropolitana;3;MG
3163201;interior;3;MG
3163300;interior;3;MG
3163409;interior;3;MG
3163508;interior;3;MG
3163607;interior;3;MG
3163706;interior;3;MG
3163805;interior;3;MG
3163904;interior;3;MG
3164001;interior;3;MG
3164100;interior;3;MG
3164209;interior;3;MG
3164308;interior;3;MG
3164407;interior;3;MG
3164431;interior;3;MG
3164472;interior;3;MG
3164506;interior;3;MG
3164605;interior;3;MG
3164704;interior;3;MG
3164803;interior;3;MG
3164902;interior;3;MG
3165008;interior;3;MG
3165107;interior;3;MG
3165206;interior;3;MG
3165305;interior;3;MG
3165404;interior;3;MG
3165503;interior;3;MG
3165537;metropolitana;3;MG
3165552;interior;3;MG
3165560;interior;3;MG
3165578;interior;3;MG
3165602;interior;3;MG
3165701;interior;3;MG
3165800;interior;3;MG
3165909;interior;3;MG
3166006;interior;3;MG
3166105;interior;3;MG
3166204;interior;3;MG
3166303;interior;3;MG
3166402;interior;3;MG
3166501;interior;3;MG
3166600;interior;3;MG
3166709;interior;3;MG
3166808;interior;3;MG
3166907;interior;3;MG
3166956;interior;3;MG
3167004;interior;3;MG
3167103;interior;3;MG
3167202;metropolitana;3;MG
3167301;interior;3;MG
3167400;interior;3;MG
3167509;interior;3;MG
3167608;interior;3;MG
3167707;interior;3;MG
3167806;interior;3;MG
3167905;interior;3;MG
3168002;interior;3;MG
3168051;interior;3;MG
3168101;interior;3;MG
3168200;interior;3;MG
3168309;metropolitana;3;MG
3168408;interior;3;MG
3168507;interior;3;MG
3168606;interior;3;MG
3168705;interior;3;MG
3168804;interior;3;MG
3168903;interior;3;MG
3169000;interior;3;MG
3169059;interior;3;MG
3169109;interior;3;MG
3169208;interior;3;MG
3169307;interior;3;MG
3169356;interior;3;MG
3169406;interior;3;MG
3169505;interior;3;MG
3169604;interior;3;MG
3169703;interior;3;MG
3169802;interior;3;MG
3169901;interior;3;MG
3170008;interior;3;MG
3170057;interior;3;MG
3170107;interior;3;MG
3170206;metropolitana;3;MG
3170305;interior;3;MG
3170404;metropolitana;3;MG
3170438;interior;3;MG
3170479;interior;3;MG
3170503;interior;3;MG
3170529;interior;3;MG
3170578;interior;3;MG
3170602;interior;3;MG
3170651;interior;3;MG
3170701;interior;3;MG
3170750;interior;3;MG
3170800;interior;3;MG
3170909;interior;3;MG
3171006;interior;3;MG
3171030;interior;3;MG
3171071;interior;3;MG
3171105;interior;3;MG
3171154;interior;3;MG
3171204;metropolitana;3;MG
3171303;interior;3;MG
3171402;interior;3;MG
3171501;interior;3;MG
3171600;interior;3;MG
3171709;interior;3;MG
3171808;interior;3;MG
3171907;interior;3;MG
3172004;interior;3;MG
3172103;interior;3;MG
3172202;interior;3;MG
3200102;interior;3;ES
3200136;interior;3;ES
3200169;interior;3;ES
3200201;interior;3;ES
3200300;interior;3;ES
3200359;interior;3;ES
3200409;interior;3;ES
3200508;interior;3;ES
3200607;interior;3;ES
3200706;interior;3;ES
3200805;interior;3;ES
3200904;interior;3;ES
3201001;interior;3;ES
3201100;interior;3;ES
3201159;interior;3;ES
3201209;interior;3;ES
3201308;metropolitana;3;ES
3201407;interior;3;ES
3201506;interior;3;ES
3201605;interior;3;ES
3201704;interior;3;ES
3201803;interior;3;ES
3201902;interior;3;ES
3202009;interior;3;ES
3202108;interior;3;ES
3202207;metropolitana;3;ES
3202256;interior;3;ES
3202306;interior;3;ES
3202405;metropolitana;3;ES
3202454;interior;3;ES
3202504;interior;3;ES
3202553;interior;3;ES
3202603;interior;3;ES
3202652;interior;3;ES
3202702;interior;3;ES
3202801;interior;3;ES
3202900;interior;3;ES
3203007;interior;3;ES
3203056;interior;3;ES
3203106;interior;3;ES
3203130;interior;3;ES
3203163;interior;3;ES
3203205;interior;3;ES
3203304;interior;3;ES
3203320;interior;3;ES
3203346;interior;3;ES
3203353;interior;3;ES
3203403;interior;3;ES
3203502;interior;3;ES
3203601;interior;3;ES
3203700;interior;3;ES
3203809;interior;3;ES
3203908;interior;3;ES
3204005;interior;3;ES
3204054;interior;3;ES
3204104;interior;3;ES
3204203;interior;3;ES
3204252;interior;3;ES
3204302;interior;3;ES
3204351;interior;3;ES
3204401;interior;3;ES
3204500;interior;3;ES
3204559;interior;3;ES
3204609;interior;3;ES
3204658;interior;3;ES
3204708;interior;3;ES
3204807;interior;3;ES
3204906;interior;3;ES
3204955;interior;3;ES
3205002;metropolitana;3;ES
3205010;interior;3;ES
3205036;interior;3;ES
3205069;interior;3;ES
3205101;metropolitana;3;ES
3205150;interior;3;ES
3205176;interior;3;ES
3205200;metropolitana;3;ES
3205309;metropolitana;3;ES
3300100;interior;3;RJ
3300159;interior;3;RJ
3300209;interior;3;RJ
3300225;interior;3;RJ
3300233;interior;3;RJ
3300258;interior;3;RJ
3300308;interior;3;RJ
3300407;interior;3;RJ
3300456;metropolitana;3;RJ
3300506;interior;3;RJ
3300605;interior;3;RJ
3300704;interior;3;RJ
3300803;metropolitana;3;RJ
3300902;interior;3;RJ
3300936;interior;3;RJ
3300951;interior;3;RJ
3301009;interior;3;RJ
3301108;interior;3;RJ
3301157;interior;3;RJ
3301207;interior;3;RJ
3301306;interior;3;RJ
3301405;interior;3;RJ
3301504;interior;3;RJ
3301603;interior;3;RJ
3301702;metropolitana;3;RJ
3301801;interior;3;RJ
3301850;metropolitana;3;RJ
3301876;interior;3;RJ
3301900;metropolitana;3;RJ
3302007;metropolitana;3;RJ
3302056;interior;3;RJ
3302106;interior;3;RJ
3302205;interior;3;RJ
3302254;interior;3;RJ
3302270;metropolitana;3;RJ
3302304;interior;3;RJ
3302403;interior;3;RJ
3302452;interior;3;RJ
3302502;metropolitana;3;RJ
3302601;interior;3;RJ
3302700;metropolitana;3;RJ
3302809;interior;3;RJ
3302858;metropolitana;3;RJ
3302908;interior;3;RJ
3303005;interior;3;RJ
3303104;interior;3;RJ
3303203;metropolitana;3;RJ
3303302;metropolitana;3;RJ
3303401;interior;3;RJ
3303500;metropolitana;3;RJ
3303609;metropolitana;3;RJ
3303708;interior;3;RJ
3303807;interior;3;RJ
3303856;interior;3;RJ
3303906;interior;3;RJ
3303955;interior;3;RJ
3304003;interior;3;RJ
3304102;interior;3;RJ
3304110;interior;3;RJ
3304128;interior;3;RJ
3304144;metropolitana;3;RJ
3304151;interior;3;RJ
3304201;interior;3;RJ
3304300;metropolitana;3;RJ
3304409;interior;3;RJ
3304508;interior;3;RJ
3304524;interior;3;RJ
3304557;metropolitana;3;RJ
3304607;interior;3;RJ
3304706;interior;3;RJ
3304755;interior;3;RJ
3304805;interior;3;RJ
3304904;metropolitana;3;RJ
3305000;interior;3;RJ
3305109;metropolitana;3;RJ
3305133;interior;3;RJ
3305158;interior;3;RJ
3305208;interior;3;RJ
3305307;interior;3;RJ
3305406;interior;3;RJ
3305505;interior;3;RJ
3305554;metropolitana;3;RJ
3305604;interior;3;RJ
3305703;interior;3;RJ
3305752;metropolitana;3;RJ
3305802;interior;3;RJ
3305901;interior;3;RJ
3306008;interior;3;RJ
3306107;interior;3;RJ
3306156;interior;3;RJ
3306206;interior;3;RJ
3306305;interior;3;RJ
3500105;interior;3;SP
3500204;interior;3;SP
3500303;interior;3;SP
3500402;interior;3;SP
3500501;interior;3;SP
3500550;interior;3;SP
3500600;interior;3;SP
3500709;interior;3;SP
3500758;interior;3;SP
3500808;interior;3;SP
3500907;interior;3;SP
3501004;interior;3;SP
3501103;interior;3;SP
3501152;interior;3;SP
3501202;interior;3;SP
3501301;interior;3;SP
3501400;interior;3;SP
3501509;interior;3;SP
3501608;interior;3;SP
3501707;interior;3;SP
3501806;interior;3;SP
3501905;interior;3;SP
3502002;interior;3;SP
3502101;interior;3;SP
3502200;interior;3;SP
3502309;interior;3;SP
3502408;interior;3;SP
3502507;interior;3;SP
3502606;interior;3;SP
3502705;interior;3;SP
3502754;interior;3;SP
3502804;interior;3;SP
3502903;interior;3;SP
3503000;interior;3;SP
3503109;interior;3;SP
3503158;interior;3;SP
3503208;interior;3;SP
3503307;interior;3;SP
3503356;interior;3;SP
3503406;interior;3;SP
3503505;interior;3;SP
3503604;interior;3;SP
3503703;interior;3;SP
3503802;interior;3;SP
3503901;metropolitana;3;SP
3503950;interior;3;SP
3504008;interior;3;SP
3504107;interior;3;SP
3504206;interior;3;SP
3504305;interior;3;SP
3504404;interior;3;SP
3504503;interior;3;SP
3504602;interior;3;SP
3504701;interior;3;SP
3504800;interior;3;SP
3504909;interior;3;SP
3505005;interior;3;SP
3505104;interior;3;SP
3505203;interior;3;SP
3505302;interior;3;SP
3505351;interior;3;SP
3505401;interior;3;SP
3505500;interior;3;SP
3505609;interior;3;SP
3505708;metropolitana;3;SP
3505807;interior;3;SP
3505906;interior;3;SP
3506003;metropolitana;3;SP
3506102;interior;3;SP
3506201;interior;3;SP
3506300;interior;3;SP
3506359;interior;3;SP
3506409;interior;3;SP
3506508;interior;3;SP
3506607;metropolitana;3;SP
3506706;interior;3;SP
3506805;interior;3;SP
3506904;interior;3;SP
3507001;interior;3;SP
3507100;interior;3;SP
3507159;interior;3;SP
3507209;interior;3;SP
3507308;interior;3;SP
3507407;interior;3;SP
3507456;interior;3;SP
3507506;interior;3;SP
3507605;interior;3;SP
3507704;interior;3;SP
3507753;interior;3;SP
3507803;interior;3;SP
3507902;interior;3;SP
3508009;interior;3;SP
3508108;interior;3;SP
3508207;interior;3;SP
3508306;interior;3;SP
3508405;interior;3;SP
3508504;interior;3;SP
3508603;interior;3;SP
3508702;interior;3;SP
3508801;interior;3;SP
3508900;interior;3;SP
3509007;metropolitana;3;SP
3509106;interior;3;SP
3509205;metropolitana;3;SP
3509254;interior;3;SP
3509304;interior;3;SP
3509403;interior;3;SP
3509452;interior;3;SP
3509502;metropolitana;3;SP
3509601;interior;3;SP
3509700;interior;3;SP
3509809;interior;3;SP
3509908;interior;3;SP
3509957;interior;3;SP
3510005;interior;3;SP
3510104;interior;3;SP
3510153;interior;3;SP
3510203;interior;3;SP
3510302;interior;3;SP
3510401;interior;3;SP
3510500;interior;3;SP
3510609;metropolitana;3;SP
3510708;interior;3;SP
3510807;interior;3;SP
3510906;interior;3;SP
3511003;interior;3;SP
3511102;interior;3;SP
3511201;interior;3;SP
3511300;interior;3;SP
3511409;interior;3;SP
3511508;interior;3;SP
3511607;interior;3;SP
3511706;interior;3;SP
3511904;interior;3;SP
3512001;interior;3;SP
3512100;interior;3;SP
3512209;interior;3;SP
3512308;interior;3;SP
3512407;interior;3;SP
3512506;interior;3;SP
3512605;interior;3;SP
3512704;interior;3;SP
3512803;interior;3;SP
3512902;interior;3;SP
3513009;metropolitana;3;SP
3513108;interior;3;SP
3513207;interior;3;SP
3513306;interior;3;SP
3513405;interior;3;SP
3513504;interior;3;SP
3513603;interior;3;SP
3513702;interior;3;SP
3513801;metropolitana;3;SP
3513850;interior;3;SP
3513900;interior;3;SP
3514007;interior;3;SP
3514106;interior;3;SP
3514205;interior;3;SP
3514304;interior;3;SP
3514403;interior;3;SP
3514502;interior;3;SP
3514601;interior;3;SP
3514700;interior;3;SP
3514809;interior;3;SP
3514908;interior;3;SP
3514924;interior;3;SP
3514957;interior;3;SP
3515004;metropolitana;3;SP
3515103;metropolitana;3;SP
3515129;interior;3;SP
3515152;interior;3;SP
3515186;interior;3;SP
3515194;interior;3;SP
3515202;interior;3;SP
3515301;interior;3;SP
3515350;interior;3;SP
3515400;interior;3;SP
3515509;interior;3;SP
3515608;interior;3;SP
3515657;interior;3;SP
3515707;metropolitana;3;SP
3515806;interior;3;SP
3515905;interior;3;SP
3516002;interior;3;SP
3516101;interior;3;SP
3516200;interior;3;SP
3516309;metropolitana;3;SP
3516408;metropolitana;3;SP
3516507;interior;3;SP
3516606;interior;3;SP
3516705;interior;3;SP
3516804;interior;3;SP
3516853;interior;3;SP
3516903;interior;3;SP
3517000;interior;3;SP
3517109;interior;3;SP
3517208;interior;3;SP
3517307;interior;3;SP
3517406;interior;3;SP
3517505;interior;3;SP
3517604;interior;3;SP
3517703;interior;3;SP
3517802;interior;3;SP
3517901;interior;3;SP
3518008;interior;3;SP
3518107;interior;3;SP
3518206;interior;3;SP
3518305;metropolitana;3;SP
3518404;interior;3;SP
3518503;interior;3;SP
3518602;interior;3;SP
3518701;interior;3;SP
3518800;metropolitana;3;SP
3518859;interior;3;SP
3518909;interior;3;SP
3519006;interior;3;SP
3519055;interior;3;SP
3519071;interior;3;SP
3519105;interior;3;SP
3519204;interior;3;SP
3519253;interior;3;SP
3519303;interior;3;SP
3519402;interior;3;SP
3519501;interior;3;SP
3519600;interior;3;SP
3519709;interior;3;SP
3519808;interior;3;SP
3519907;interior;3;SP
3520004;interior;3;SP
3520103;interior;3;SP
3520202;interior;3;SP
3520301;interior;3;SP
3520400;interior;3;SP
3520426;interior;3;SP
3520442;interior;3;SP
3520509;interior;3;SP
3520608;interior;3;SP
3520707;interior;3;SP
3520806;interior;3;SP
3520905;interior;3;SP
3521002;interior;3;SP
3521101;interior;3;SP
3521150;interior;3;SP
3521200;interior;3;SP
3521309;interior;3;SP
3521408;interior;3;SP
3521507;interior;3;SP
3521606;interior;3;SP
3521705;interior;3;SP
3521804;interior;3;SP
3521903;interior;3;SP
3522000;interior;3;SP
3522109;interior;3;SP
3522158;interior;3;SP
3522208;metropolitana;3;SP
3522307;interior;3;SP
3522406;interior;3;SP
3522505;metropolitana;3;SP
3522604;interior;3;SP
3522653;interior;3;SP
3522703;interior;3;SP
3522802;interior;3;SP
3522901;interior;3;SP
3523008;interior;3;SP
3523107;metropolitana;3;SP
3523206;interior;3;SP
3523305;interior;3;SP
3523404;interior;3;SP
3523503;interior;3;SP
3523602;interior;3;SP
3523701;interior;3;SP
3523800;interior;3;SP
3523909;interior;3;SP
3524006;interior;3;SP
3524105;interior;3;SP
3524204;interior;3;SP
3524303;interior;3;SP
3524402;interior;3;SP
3524501;interior;3;SP
3524600;interior;3;SP
3524709;interior;3;SP
3524808;interior;3;SP
3524907;interior;3;SP
3525003;metropolitana;3;SP
3525102;interior;3;SP
3525201;interior;3;SP
3525300;interior;3;SP
3525409;interior;3;SP
3525508;interior;3;SP
3525607;interior;3;SP
3525706;interior;3;SP
3525805;interior;3;SP
3525854;interior;3;SP
3525904;interior;3;SP
3526001;interior;3;SP
3526100;interior;3;SP
3526209;metropolitana;3;SP
3526308;interior;3;SP
3526407;interior;3;SP
3526506;interior;3;SP
3526605;interior;3;SP
3526704;interior;3;SP
3526803;interior;3;SP
3526902;interior;3;SP
3527009;interior;3;SP
3527108;interior;3;SP
3527207;interior;3;SP
3527256;interior;3;SP
3527306;interior;3;SP
3527405;interior;3;SP
3527504;interior;3;SP
3527603;interior;3;SP
3527702;interior;3;SP
3527801;interior;3;SP
3527900;interior;3;SP
3528007;interior;3;SP
3528106;interior;3;SP
3528205;interior;3;SP
3528304;interior;3;SP
3528403;interior;3;SP
3528502;metropolitana;3;SP
3528601;interior;3;SP
3528700;interior;3;SP
3528809;interior;3;SP
3528858;interior;3;SP
3528908;interior;3;SP
3529005;interior;3;SP
3529104;interior;3;SP
3529203;interior;3;SP
3529302;interior;3;SP
3529401;metropolitana;3;SP
3529500;interior;3;SP
3529609;interior;3;SP
3529658;interior;3;SP
3529708;interior;3;SP
3529807;interior;3;SP
3529906;interior;3;SP
3530003;interior;3;SP
3530102;interior;3;SP
3530201;interior;3;SP
3530300;interior;3;SP
3530409;interior;3;SP
3530508;interior;3;SP
3530607;metropolitana;3;SP
3530706;interior;3;SP
3530805;interior;3;SP
3530904;interior;3;SP
3531001;interior;3;SP
3531100;interior;3;SP
3531209;interior;3;SP
3531308;interior;3;SP
3531407;interior;3;SP
3531506;interior;3;SP
3531605;interior;3;SP
3531704;interior;3;SP
3531803;interior;3;SP
3531902;interior;3;SP
3532009;interior;3;SP
3532058;interior;3;SP
3532108;interior;3;SP
3532157;interior;3;SP
3532207;interior;3;SP
3532306;interior;3;SP
3532405;interior;3;SP
3532504;interior;3;SP
3532603;interior;3;SP
3532702;interior;3;SP
3532801;interior;3;SP
3532827;interior;3;SP
3532843;interior;3;SP
3532868;interior;3;SP
3532900;interior;3;SP
3533007;interior;3;SP
3533106;interior;3;SP
3533205;interior;3;SP
3533254;interior;3;SP
3533304;interior;3;SP
3533403;interior;3;SP
3533502;interior;3;SP
3533601;interior;3;SP
3533700;interior;3;SP
3533809;interior;3;SP
3533908;interior;3;SP
3534005;interior;3;SP
3534104;interior;3;SP
3534203;interior;3;SP
3534302;interior;3;SP
3534401;metropolitana;3;SP
3534500;interior;3;SP
3534609;interior;3;SP
3534708;interior;3;SP
3534757;interior;3;SP
3534807;interior;3;SP
3534906;interior;3;SP
3535002;interior;3;SP
3535101;interior;3;SP
3535200;interior;3;SP
3535309;interior;3;SP
3535408;interior;3;SP
3535507;interior;3;SP
3535606;interior;3;SP
3535705;interior;3;SP
3535804;interior;3;SP
3535903;interior;3;SP
3536000;interior;3;SP
3536109;interior;3;SP
3536208;interior;3;SP
3536257;interior;3;SP
3536307;interior;3;SP
3536406;interior;3;SP
3536505;interior;3;SP
3536570;interior;3;SP
3536604;interior;3;SP
3536703;interior;3;SP
3536802;interior;3;SP
3536901;interior;3;SP
3537008;interior;3;SP
3537107;interior;3;SP
3537156;interior;3;SP
3537206;interior;3;SP
3537305;interior;3;SP
3537404;interior;3;SP
3537503;interior;3;SP
3537602;interior;3;SP
3537701;interior;3;SP
3537800;interior;3;SP
3537909;interior;3;SP
3538006;interior;3;SP
3538105;interior;3;SP
3538204;interior;3;SP
3538303;interior;3;SP
3538501;interior;3;SP
3538600;interior;3;SP
3538709;interior;3;SP
3538808;interior;3;SP
3538907;interior;3;SP
3539004;interior;3;SP
3539103;metropolitana;3;SP
3539202;interior;3;SP
3539301;interior;3;SP
3539400;interior;3;SP
3539509;interior;3;SP
3539608;interior;3;SP
3539707;interior;3;SP
3539806;metropolitana;3;SP
3539905;interior;3;SP
3540002;interior;3;SP
3540101;interior;3;SP
3540200;interior;3;SP
3540259;interior;3;SP
3540309;interior;3;SP
3540408;interior;3;SP
3540507;interior;3;SP
3540606;interior;3;SP
3540705;interior;3;SP
3540754;interior;3;SP
3540804;interior;3;SP
3540853;interior;3;SP
3540903;interior;3;SP
3541000;interior;3;SP
3541059;interior;3;SP
3541109;interior;3;SP
3541208;interior;3;SP
3541307;interior;3;SP
3541406;interior;3;SP
3541505;interior;3;SP
3541604;interior;3;SP
3541653;interior;3;SP
3541703;interior;3;SP
3541802;interior;3;SP
3541901;interior;3;SP
3542008;interior;3;SP
3542107;interior;3;SP
3542206;interior;3;SP
3542305;interior;3;SP
3542404;interior;3;SP
3542503;interior;3;SP
3542602;interior;3;SP
3542701;interior;3;SP
3542800;interior;3;SP
3542909;interior;3;SP
3543006;interior;3;SP
3543105;interior;3;SP
3543204;interior;3;SP
3543238;interior;3;SP
3543253;interior;3;SP
3543303;metropolitana;3;SP
3543402;metropolitana;3;SP
3543501;interior;3;SP
3543600;interior;3;SP
3543709;interior;3;SP
3543808;interior;3;SP
3543907;interior;3;SP
3544004;interior;3;SP
3544103;metropolitana;3;SP
3544202;interior;3;SP
3544251;interior;3;SP
3544301;interior;3;SP
3544400;interior;3;SP
3544509;interior;3;SP
3544608;interior;3;SP
3544707;interior;3;SP
3544806;interior;3;SP
3544905;interior;3;SP
3545001;metropolitana;3;SP
3545100;interior;3;SP
3545159;interior;3;SP
3545209;interior;3;SP
3545308;interior;3;SP
3545407;interior;3;SP
3545506;interior;3;SP
3545605;interior;3;SP
3545704;interior;3;SP
3545803;interior;3;SP
3546009;interior;3;SP
3546108;interior;3;SP
3546207;interior;3;SP
3546256;interior;3;SP
3546306;interior;3;SP
3546405;interior;3;SP
3546504;interior;3;SP
3546603;interior;3;SP
3546702;interior;3;SP
3546801;metropolitana;3;SP
3546900;interior;3;SP
3547007;interior;3;SP
3547106;interior;3;SP
3547205;interior;3;SP
3547304;metropolitana;3;SP
3547403;interior;3;SP
3547502;interior;3;SP
3547601;interior;3;SP
3547650;interior;3;SP
3547700;interior;3;SP
3547809;metropolitana;3;SP
3547908;interior;3;SP
3548005;interior;3;SP
3548054;interior;3;SP
3548104;interior;3;SP
3548203;interior;3;SP
3548302;interior;3;SP
3548401;interior;3;SP
3548500;interior;3;SP
3548609;interior;3;SP
3548708;metropolitana;3;SP
3548807;metropolitana;3;SP
3548906;interior;3;SP
3549003;interior;3;SP
3549102;interior;3;SP
3549201;interior;3;SP
3549250;interior;3;SP
3549300;interior;3;SP
3549409;interior;3;SP
3549508;interior;3;SP
3549607;interior;3;SP
3549706;interior;3;SP
3549805;metropolitana;3;SP
3549904;metropolitana;3;SP
3549953;metropolitana;3;SP
3550001;interior;3;SP
3550100;interior;3;SP
3550209;interior;3;SP
3550308;metropolitana;3;SP
3550407;interior;3;SP
3550506;interior;3;SP
3550605;interior;3;SP
3550704;interior;3;SP
3550803;interior;3;SP
3550902;interior;3;SP
3551009;interior;3;SP
3551108;interior;3;SP
3551207;interior;3;SP
3551306;interior;3;SP
3551405;interior;3;SP
3551504;interior;3;SP
3551603;interior;3;SP
3551702;interior;3;SP
3551801;interior;3;SP
3551900;interior;3;SP
3552007;interior;3;SP
3552106;interior;3;SP
3552205;metropolitana;3;SP
3552304;interior;3;SP
3552403;interior;3;SP
3552502;metropolitana;3;SP
3552551;interior;3;SP
3552601;interior;3;SP
3552700;interior;3;SP
3552809;metropolitana;3;SP
3552908;interior;3;SP
3553005;interior;3;SP
3553104;interior;3;SP
3553203;interior;3;SP
3553302;interior;3;SP
3553401;interior;3;SP
3553500;interior;3;SP
3553609;interior;3;SP
3553658;interior;3;SP
3553708;interior;3;SP
3553807;interior;3;SP
3553856;interior;3;SP
3553906;interior;3;SP
3553955;interior;3;SP
3554003;interior;3;SP
3554102;interior;3;SP
3554201;interior;3;SP
3554300;interior;3;SP
3554409;interior;3;SP
3554508;interior;3;SP
3554607;interior;3;SP
3554656;interior;3;SP
3554706;interior;3;SP
3554755;interior;3;SP
3554805;interior;3;SP
3554904;interior;3;SP
3554953;interior;3;SP
3555000;interior;3;SP
3555109;interior;3;SP
3555208;interior;3;SP
3555307;interior;3;SP
3555356;interior;3;SP
3555406;interior;3;SP
3555505;interior;3;SP
3555604;interior;3;SP
3555703;interior;3;SP
3555802;interior;3;SP
3555901;interior;3;SP
3556008;interior;3;SP
3556107;interior;3;SP
3556206;interior;3;SP
3556305;interior;3;SP
3556354;interior;3;SP
3556404;interior;3;SP
3556453;metropolitana;3;SP
3556503;interior;3;SP
3556602;interior;3;SP
3556701;interior;3;SP
3556800;interior;3;SP
3556909;interior;3;SP
3556958;interior;3;SP
3557006;interior;3;SP
3557105;interior;3;SP
3557154;interior;3;SP
3557204;interior;3;SP
3557303;interior;3;SP
4100103;interior;4;PR
4100202;metropolitana;4;PR
4100301;metropolitana;4;PR
4100400;metropolitana;4;PR
4100459;interior;4;PR
4100509;interior;4;PR
4100608;interior;4;PR
4100707;interior;4;PR
4100806;interior;4;PR
4100905;interior;4;PR
4101002;interior;4;PR
4101051;interior;4;PR
4101101;interior;4;PR
4101150;interior;4;PR
4101200;interior;4;PR
4101309;interior;4;PR
4101408;interior;4;PR
4101507;interior;4;PR
4101606;interior;4;PR
4101655;interior;4;PR
4101705;interior;4;PR
4101804;metropolitana;4;PR
4101853;interior;4;PR
4101903;interior;4;PR
4102000;interior;4;PR
4102109;interior;4;PR
4102208;interior;4;PR
4102307;metropolitana;4;PR
4102406;interior;4;PR
4102505;interior;4;PR
4102604;interior;4;PR
4102703;interior;4;PR
4102752;interior;4;PR
4102802;interior;4;PR
4102901;interior;4;PR
4103008;interior;4;PR
4103024;interior;4;PR
4103040;interior;4;PR
4103057;interior;4;PR
4103107;metropolitana;4;PR
4103156;interior;4;PR
4103206;interior;4;PR
4103222;interior;4;PR
4103305;interior;4;PR
4103354;interior;4;PR
4103370;interior;4;PR
4103404;interior;4;PR
4103453;interior;4;PR
4103479;interior;4;PR
4103503;interior;4;PR
4103602;interior;4;PR
4103701;interior;4;PR
4103800;interior;4;PR
4103909;interior;4;PR
4103958;interior;4;PR
4104006;metropolitana;4;PR
4104055;interior;4;PR
4104105;metropolitana;4;PR
4104204;metropolitana;4;PR
4104253;metropolitana;4;PR
4104303;interior;4;PR
4104402;interior;4;PR
4104428;interior;4;PR
4104451;interior;4;PR
4104501;interior;4;PR
4104600;interior;4;PR
4104659;interior;4;PR
4104709;interior;4;PR
4104808;metropolitana;4;PR
4104907;interior;4;PR
4105003;interior;4;PR
4105102;interior;4;PR
4105201;metropolitana;4;PR
4105300;interior;4;PR
4105409;interior;4;PR
4105508;interior;4;PR
4105607;interior;4;PR
4105706;interior;4;PR
4105805;metropolitana;4;PR
4105904;interior;4;PR
4106001;interior;4;PR
4106100;interior;4;PR
4106209;metropolitana;4;PR
4106308;interior;4;PR
4106407;interior;4;PR
4106456;interior;4;PR
4106506;interior;4;PR
4106555;interior;4;PR
4106571;interior;4;PR
4106605;interior;4;PR
4106704;interior;4;PR
4106803;interior;4;PR
4106852;interior;4;PR
4106902;metropolitana;4;PR
4107009;interior;4;PR
4107108;interior;4;PR
4107124;interior;4;PR
4107157;interior;4;PR
4107207;interior;4;PR
4107256;interior;4;PR
4107306;interior;4;PR
4107405;interior;4;PR
4107504;interior;4;PR
4107520;interior;4;PR
4107538;interior;4;PR
4107546;interior;4;PR
4107553;interior;4;PR
4107603;interior;4;PR
4107652;metropolitana;4;PR
4107702;interior;4;PR
4107736;interior;4;PR
4107751;interior;4;PR
4107801;interior;4;PR
4107850;interior;4;PR
4107900;interior;4;PR
4108007;interior;4;PR
4108106;interior;4;PR
4108205;interior;4;PR
4108304;interior;4;PR
4108320;interior;4;PR
4108403;interior;4;PR
4108452;interior;4;PR
4108502;interior;4;PR
4108551;interior;4;PR
4108601;interior;4;PR
4108650;interior;4;PR
4108700;interior;4;PR
4108809;interior;4;PR
4108908;interior;4;PR
4108957;interior;4;PR
4109005;interior;4;PR
4109104;interior;4;PR
4109203;interior;4;PR
4109302;interior;4;PR
4109401;interior;4;PR
4109500;interior;4;PR
4109609;interior;4;PR
4109658;interior;4;PR
4109708;interior;4;PR
4109757;interior;4;PR
4109807;interior;4;PR
4109906;interior;4;PR
4110003;interior;4;PR
4110052;interior;4;PR
4110078;interior;4;PR
4110102;interior;4;PR
4110201;interior;4;PR
4110300;interior;4;PR
4110409;interior;4;PR
4110508;interior;4;PR
4110607;interior;4;PR
4110656;interior;4;PR
4110706;interior;4;PR
4110805;interior;4;PR
4110904;interior;4;PR
4110953;interior;4;PR
4111001;interior;4;PR
4111100;interior;4;PR
4111209;interior;4;PR
4111258;metropolitana;4;PR
4111308;interior;4;PR
4111407;interior;4;PR
4111506;interior;4;PR
4111555;interior;4;PR
4111605;interior;4;PR
4111704;interior;4;PR
4111803;interior;4;PR
4111902;interior;4;PR
4112009;interior;4;PR
4112108;interior;4;PR
4112207;interior;4;PR
4112306;interior;4;PR
4112405;interior;4;PR
4112504;interior;4;PR
4112603;interior;4;PR
4112702;interior;4;PR
4112751;interior;4;PR
4112801;interior;4;PR
4112900;interior;4;PR
4112959;interior;4;PR
4113007;interior;4;PR
4113106;interior;4;PR
4113205;metropolitana;4;PR
4113254;interior;4;PR
4113304;interior;4;PR
4113403;interior;4;PR
4113429;interior;4;PR
4113452;interior;4;PR
4113502;interior;4;PR
4113601;interior;4;PR
4113700;metropolitana;4;PR
4113734;interior;4;PR
4113759;interior;4;PR
4113809;interior;4;PR
4113908;interior;4;PR
4114005;interior;4;PR
4114104;interior;4;PR
4114203;interior;4;PR
4114302;metropolitana;4;PR
4114351;interior;4;PR
4114401;interior;4;PR
4114500;interior;4;PR
4114609;interior;4;PR
4114708;interior;4;PR
4114807;interior;4;PR
4114906;interior;4;PR
4115002;interior;4;PR
4115101;interior;4;PR
4115200;metropolitana;4;PR
4115309;interior;4;PR
4115358;interior;4;PR
4115408;interior;4;PR
4115457;interior;4;PR
4115507;interior;4;PR
4115606;interior;4;PR
4115705;interior;4;PR
4115739;interior;4;PR
4115754;interior;4;PR
4115804;interior;4;PR
4115853;interior;4;PR
4115903;interior;4;PR
4116000;interior;4;PR
4116059;interior;4;PR
4116109;interior;4;PR
4116208;interior;4;PR
4116307;interior;4;PR
4116406;interior;4;PR
4116505;interior;4;PR
4116604;interior;4;PR
4116703;interior;4;PR
4116802;interior;4;PR
4116901;interior;4;PR
4116950;interior;4;PR
4117008;interior;4;PR
4117057;interior;4;PR
4117107;interior;4;PR
4117206;interior;4;PR
4117214;interior;4;PR
4117222;interior;4;PR
4117255;interior;4;PR
4117271;interior;4;PR
4117297;interior;4;PR
4117305;interior;4;PR
4117404;interior;4;PR
4117453;interior;4;PR
4117503;interior;4;PR
4117602;interior;4;PR
4117701;interior;4;PR
4117800;interior;4;PR
4117909;interior;4;PR
4118006;interior;4;PR
4118105;interior;4;PR
4118204;interior;4;PR
4118303;interior;4;PR
4118402;interior;4;PR
4118451;interior;4;PR
4118501;interior;4;PR
4118600;interior;4;PR
4118709;interior;4;PR
4118808;interior;4;PR
4118857;interior;4;PR
4118907;interior;4;PR
4119004;interior;4;PR
4119103;metropolitana;4;PR
4119152;metropolitana;4;PR
4119202;interior;4;PR
4119251;interior;4;PR
4119301;interior;4;PR
4119400;interior;4;PR
4119509;metropolitana;4;PR
4119608;interior;4;PR
4119657;interior;4;PR
4119707;interior;4;PR
4119806;interior;4;PR
4119905;interior;4;PR
4119954;interior;4;PR
4120002;interior;4;PR
4120101;interior;4;PR
4120150;interior;4;PR
4120200;interior;4;PR
4120309;interior;4;PR
4120333;interior;4;PR
4120358;interior;4;PR
4120408;interior;4;PR
4120507;interior;4;PR
4120606;interior;4;PR
4120655;interior;4;PR
4120705;interior;4;PR
4120804;metropolitana;4;PR
4120853;interior;4;PR
4120903;interior;4;PR
4121000;interior;4;PR
4121109;interior;4;PR
4121208;metropolitana;4;PR
4121257;interior;4;PR
4121307;interior;4;PR
4121356;interior;4;PR
4121406;interior;4;PR
4121505;interior;4;PR
4121604;interior;4;PR
4121703;interior;4;PR
4121752;interior;4;PR
4121802;interior;4;PR
4121901;interior;4;PR
4122008;interior;4;PR
4122107;interior;4;PR
4122156;interior;4;PR
4122172;interior;4;PR
4122206;metropolitana;4;PR
4122305;metropolitana;4;PR
4122404;interior;4;PR
4122503;interior;4;PR
4122602;interior;4;PR
4122651;interior;4;PR
4122701;interior;4;PR
4122800;interior;4;PR
4122909;interior;4;PR
4123006;interior;4;PR
4123105;interior;4;PR
4123204;interior;4;PR
4123303;interior;4;PR
4123402;interior;4;PR
4123501;interior;4;PR
4123600;interior;4;PR
4123709;interior;4;PR
4123808;interior;4;PR
4123824;interior;4;PR
4123857;interior;4;PR
4123907;interior;4;PR
4123956;interior;4;PR
4124004;interior;4;PR
4124020;interior;4;PR
4124053;interior;4;PR
4124103;interior;4;PR
4124202;interior;4;PR
4124301;interior;4;PR
4124400;interior;4;PR
4124509;interior;4;PR
4124608;interior;4;PR
4124707;interior;4;PR
4124806;interior;4;PR
4124905;interior;4;PR
4125001;interior;4;PR
4125100;interior;4;PR
4125209;interior;4;PR
4125308;interior;4;PR
4125357;interior;4;PR
4125407;interior;4;PR
4125456;interior;4;PR
4125506;metropolitana;4;PR
4125555;interior;4;PR
4125605;interior;4;PR
4125704;interior;4;PR
4125753;interior;4;PR
4125803;interior;4;PR
4125902;interior;4;PR
4126009;interior;4;PR
4126108;interior;4;PR
4126207;interior;4;PR
4126256;interior;4;PR
4126272;interior;4;PR
4126306;interior;4;PR
4126355;interior;4;PR
4126405;interior;4;PR
4126504;interior;4;PR
4126603;interior;4;PR
4126652;interior;4;PR
4126678;interior;4;PR
4126702;interior;4;PR
4126801;interior;4;PR
4126900;interior;4;PR
4127007;interior;4;PR
4127106;interior;4;PR
4127205;interior;4;PR
4127304;interior;4;PR
4127403;interior;4;PR
4127502;interior;4;PR
4127601;metropolitana;4;PR
4127700;interior;4;PR
4127809;interior;4;PR
4127858;interior;4;PR
4127882;metropolitana;4;PR
4127908;interior;4;PR
4127957;interior;4;PR
4127965;interior;4;PR
4128005;interior;4;PR
4128104;interior;4;PR
4128203;interior;4;PR
4128302;interior;4;PR
4128401;interior;4;PR
4128500;interior;4;PR
4128534;interior;4;PR
4128559;interior;4;PR
4128609;interior;4;PR
4128625;interior;4;PR
4128633;metropolitana;4;PR
4128658;interior;4;PR
4128708;interior;4;PR
4128807;interior;4;PR
4200051;interior;4;SC
4200101;interior;4;SC
4200200;interior;4;SC
4200309;interior;4;SC
4200408;interior;4;SC
4200507;interior;4;SC
4200556;interior;4;SC
4200606;metropolitana;4;SC
4200705;metropolitana;4;SC
4200754;interior;4;SC
4200804;interior;4;SC
4200903;metropolitana;4;SC
4201000;interior;4;SC
4201109;metropolitana;4;SC
4201208;metropolitana;4;SC
4201257;interior;4;SC
4201273;interior;4;SC
4201307;interior;4;SC
4201406;interior;4;SC
4201505;interior;4;SC
4201604;interior;4;SC
4201653;interior;4;SC
4201703;interior;4;SC
4201802;interior;4;SC
4201901;interior;4;SC
4201950;interior;4;SC
4202008;interior;4;SC
4202057;interior;4;SC
4202073;interior;4;SC
4202081;interior;4;SC
4202099;interior;4;SC
4202107;interior;4;SC
4202131;interior;4;SC
4202156;interior;4;SC
4202206;interior;4;SC
4202305;metropolitana;4;SC
4202404;metropolitana;4;SC
4202438;interior;4;SC
4202453;interior;4;SC
4202503;interior;4;SC
4202537;interior;4;SC
4202578;interior;4;SC
4202602;interior;4;SC
4202701;interior;4;SC
4202800;interior;4;SC
4202859;interior;4;SC
4202875;interior;4;SC
4202909;interior;4;SC
4203006;interior;4;SC
4203105;interior;4;SC
4203154;interior;4;SC
4203204;interior;4;SC
4203253;interior;4;SC
4203303;interior;4;SC
4203402;interior;4;SC
4203501;interior;4;SC
4203600;interior;4;SC
4203709;metropolitana;4;SC
4203808;interior;4;SC
4203907;interior;4;SC
4203956;interior;4;SC
4204004;interior;4;SC
4204103;interior;4;SC
4204152;interior;4;SC
4204178;interior;4;SC
4204194;interior;4;SC
4204202;metropolitana;4;SC
4204251;interior;4;SC
4204301;interior;4;SC
4204350;interior;4;SC
4204400;interior;4;SC
4204459;interior;4;SC
4204509;interior;4;SC
4204558;interior;4;SC
4204608;metropolitana;4;SC
4204707;interior;4;SC
4204756;interior;4;SC
4204806;interior;4;SC
4204905;interior;4;SC
4205001;interior;4;SC
4205100;interior;4;SC
4205159;interior;4;SC
4205175;interior;4;SC
4205191;interior;4;SC
4205209;interior;4;SC
4205308;interior;4;SC
4205357;interior;4;SC
4205407;metropolitana;4;SC
4205431;interior;4;SC
4205456;interior;4;SC
4205506;interior;4;SC
4205555;interior;4;SC
4205605;interior;4;SC
4205704;metropolitana;4;SC
4205803;interior;4;SC
4205902;interior;4;SC
4206009;metropolitana;4;SC
4206108;interior;4;SC
4206207;interior;4;SC
4206306;interior;4;SC
4206405;interior;4;SC
4206504;interior;4;SC
4206603;interior;4;SC
4206652;interior;4;SC
4206702;interior;4;SC
4206751;interior;4;SC
4206801;interior;4;SC
4206900;interior;4;SC
4207007;interior;4;SC
4207106;interior;4;SC
4207205;interior;4;SC
4207304;interior;4;SC
4207403;interior;4;SC
4207502;interior;4;SC
4207577;interior;4;SC
4207601;interior;4;SC
4207650;interior;4;SC
4207684;interior;4;SC
4207700;interior;4;SC
4207759;interior;4;SC
4207809;interior;4;SC
4207858;interior;4;SC
4207908;interior;4;SC
4208005;interior;4;SC
4208104;interior;4;SC
4208203;metropolitana;4;SC
4208302;interior;4;SC
4208401;interior;4;SC
4208450;interior;4;SC
4208500;interior;4;SC
4208609;interior;4;SC
4208708;interior;4;SC
4208807;interior;4;SC
4208906;interior;4;SC
4208955;interior;4;SC
4209003;interior;4;SC
4209102;metropolitana;4;SC
4209151;interior;4;SC
4209177;interior;4;SC
4209201;interior;4;SC
4209300;interior;4;SC
4209409;interior;4;SC
4209458;interior;4;SC
4209508;interior;4;SC
4209607;interior;4;SC
4209706;interior;4;SC
4209805;metropolitana;4;SC
4209854;interior;4;SC
4209904;interior;4;SC
4210001;interior;4;SC
4210035;interior;4;SC
4210050;interior;4;SC
4210100;interior;4;SC
4210209;metropolitana;4;SC
4210308;interior;4;SC
4210407;interior;4;SC
4210506;interior;4;SC
4210555;interior;4;SC
4210605;interior;4;SC
4210704;interior;4;SC
4210803;interior;4;SC
4210852;interior;4;SC
4210902;interior;4;SC
4211009;interior;4;SC
4211058;interior;4;SC
4211108;interior;4;SC
4211207;interior;4;SC
4211256;interior;4;SC
4211306;interior;4;SC
4211405;interior;4;SC
4211454;interior;4;SC
4211504;metropolitana;4;SC
4211603;interior;4;SC
4211652;interior;4;SC
4211702;interior;4;SC
4211751;interior;4;SC
4211801;interior;4;SC
4211850;interior;4;SC
4211876;interior;4;SC
4211892;interior;4;SC
4211900;metropolitana;4;SC
4212007;interior;4;SC
4212056;interior;4;SC
4212106;interior;4;SC
4212205;interior;4;SC
4212239;interior;4;SC
4212254;interior;4;SC
4212270;interior;4;SC
4212304;metropolitana;4;SC
4212403;interior;4;SC
4212502;interior;4;SC
4212601;interior;4;SC
4212650;interior;4;SC
4212700;interior;4;SC
4212809;interior;4;SC
4212908;interior;4;SC
4213005;interior;4;SC
4213104;interior;4;SC
4213153;interior;4;SC
4213203;interior;4;SC
4213302;interior;4;SC
4213351;interior;4;SC
4213401;interior;4;SC
4213500;interior;4;SC
4213609;interior;4;SC
4213708;interior;4;SC
4213807;interior;4;SC
4213906;interior;4;SC
4214003;interior;4;SC
4214102;interior;4;SC
4214151;interior;4;SC
4214201;interior;4;SC
4214300;metropolitana;4;SC
4214409;interior;4;SC
4214508;interior;4;SC
4214607;interior;4;SC
4214706;interior;4;SC
4214805;interior;4;SC
4214904;interior;4;SC
4215000;interior;4;SC
4215059;interior;4;SC
4215075;interior;4;SC
4215109;interior;4;SC
4215208;interior;4;SC
4215307;interior;4;SC
4215356;interior;4;SC
4215406;interior;4;SC
4215455;interior;4;SC
4215505;interior;4;SC
4215554;interior;4;SC
4215604;interior;4;SC
4215653;interior;4;SC
4215679;interior;4;SC
4215687;interior;4;SC
4215695;interior;4;SC
4215703;metropolitana;4;SC
4215752;interior;4;SC
4215802;interior;4;SC
4215901;metropolitana;4;SC
4216008;interior;4;SC
4216057;interior;4;SC
4216107;interior;4;SC
4216206;interior;4;SC
4216255;interior;4;SC
4216305;metropolitana;4;SC
4216354;interior;4;SC
4216404;interior;4;SC
4216503;interior;4;SC
4216602;metropolitana;4;SC
4216701;interior;4;SC
4216800;interior;4;SC
4216909;interior;4;SC
4217006;interior;4;SC
4217105;interior;4;SC
4217154;interior;4;SC
4217204;interior;4;SC
4217253;metropolitana;4;SC
4217303;interior;4;SC
4217402;interior;4;SC
4217501;interior;4;SC
4217550;interior;4;SC
4217600;interior;4;SC
4217709;interior;4;SC
4217758;interior;4;SC
4217808;interior;4;SC
4217907;interior;4;SC
4217956;interior;4;SC
4218004;metropolitana;4;SC
4218103;interior;4;SC
4218202;interior;4;SC
4218251;interior;4;SC
4218301;interior;4;SC
4218350;interior;4;SC
4218400;interior;4;SC
4218509;interior;4;SC
4218608;interior;4;SC
4218707;interior;4;SC
4218756;interior;4;SC
4218806;interior;4;SC
4218855;interior;4;SC
4218905;interior;4;SC
4218954;interior;4;SC
4219002;interior;4;SC
4219101;interior;4;SC
4219150;interior;4;SC
4219176;interior;4;SC
4219200;interior;4;SC
4219309;interior;4;SC
4219358;interior;4;SC
4219408;interior;4;SC
4219507;interior;4;SC
4219606;interior;4;SC
4219705;interior;4;SC
4219853;interior;4;SC
4220000;interior;4;SC
4300034;interior;4;RS
4300059;interior;4;RS
4300109;interior;4;RS
4300208;interior;4;RS
4300307;interior;4;RS
4300406;interior;4;RS
4300455;interior;4;RS
4300471;interior;4;RS
4300505;interior;4;RS
4300554;interior;4;RS
4300570;interior;4;RS
4300604;metropolitana;4;RS
4300638;interior;4;RS
4300646;interior;4;RS
4300661;interior;4;RS
4300703;interior;4;RS
4300802;interior;4;RS
4300851;interior;4;RS
4300877;metropolitana;4;RS
4300901;interior;4;RS
4301008;interior;4;RS
4301057;interior;4;RS
4301073;interior;4;RS
4301107;metropolitana;4;RS
4301206;interior;4;RS
4301305;interior;4;RS
4301404;interior;4;RS
4301503;interior;4;RS
4301552;interior;4;RS
4301602;interior;4;RS
4301636;interior;4;RS
4301651;interior;4;RS
4301701;interior;4;RS
4301750;interior;4;RS
4301800;interior;4;RS
4301859;interior;4;RS
4301875;interior;4;RS
4301909;interior;4;RS
4301925;interior;4;RS
4301958;interior;4;RS
4302006;interior;4;RS
4302055;interior;4;RS
4302105;interior;4;RS
4302154;interior;4;RS
4302204;interior;4;RS
4302220;interior;4;RS
4302238;interior;4;RS
4302253;interior;4;RS
4302303;interior;4;RS
4302352;interior;4;RS
4302378;interior;4;RS
4302402;interior;4;RS
4302451;interior;4;RS
4302501;interior;4;RS
4302584;interior;4;RS
4302600;interior;4;RS
4302659;interior;4;RS
4302709;interior;4;RS
4302808;interior;4;RS
4302907;interior;4;RS
4303004;interior;4;RS
4303103;metropolitana;4;RS
4303202;interior;4;RS
4303301;interior;4;RS
4303400;interior;4;RS
4303509;interior;4;RS
4303558;interior;4;RS
4303608;interior;4;RS
4303673;interior;4;RS
4303707;interior;4;RS
4303806;interior;4;RS
4303905;metropolitana;4;RS
4304002;interior;4;RS
4304101;interior;4;RS
4304200;interior;4;RS
4304309;interior;4;RS
4304358;interior;4;RS
4304408;interior;4;RS
4304507;interior;4;RS
4304606;metropolitana;4;RS
4304614;interior;4;RS
4304622;interior;4;RS
4304630;interior;4;RS
4304655;interior;4;RS
4304663;interior;4;RS
4304671;interior;4;RS
4304689;metropolitana;4;RS
4304697;interior;4;RS
4304705;interior;4;RS
4304713;interior;4;RS
4304804;interior;4;RS
4304853;interior;4;RS
4304903;interior;4;RS
4304952;interior;4;RS
4305009;interior;4;RS
4305108;metropolitana;4;RS
4305116;interior;4;RS
4305124;interior;4;RS
4305132;interior;4;RS
4305157;interior;4;RS
4305173;interior;4;RS
4305207;interior;4;RS
4305306;interior;4;RS
4305355;metropolitana;4;RS
4305371;interior;4;RS
4305405;interior;4;RS
4305439;interior;4;RS
4305447;interior;4;RS
4305454;interior;4;RS
4305504;interior;4;RS
4305587;interior;4;RS
4305603;interior;4;RS
4305702;interior;4;RS
4305801;interior;4;RS
4305835;interior;4;RS
4305850;interior;4;RS
4305871;interior;4;RS
4305900;interior;4;RS
4305934;interior;4;RS
4305959;interior;4;RS
4305975;interior;4;RS
4306007;interior;4;RS
4306056;interior;4;RS
4306072;interior;4;RS
4306106;interior;4;RS
4306130;interior;4;RS
4306205;interior;4;RS
4306304;interior;4;RS
4306320;interior;4;RS
4306353;interior;4;RS
4306379;interior;4;RS
4306403;metropolitana;4;RS
4306429;interior;4;RS
4306452;interior;4;RS
4306502;interior;4;RS
4306551;interior;4;RS
4306601;interior;4;RS
4306700;interior;4;RS
4306734;interior;4;RS
4306759;interior;4;RS
4306767;metropolitana;4;RS
4306809;interior;4;RS
4306908;interior;4;RS
4306924;interior;4;RS
4306932;interior;4;RS
4306957;interior;4;RS
4306973;interior;4;RS
4307005;interior;4;RS
4307054;interior;4;RS
4307104;interior;4;RS
4307203;interior;4;RS
4307302;interior;4;RS
4307401;interior;4;RS
4307450;interior;4;RS
4307500;interior;4;RS
4307559;interior;4;RS
4307609;metropolitana;4;RS
4307708;metropolitana;4;RS
4307807;interior;4;RS
4307815;interior;4;RS
4307831;interior;4;RS
4307864;interior;4;RS
4307906;interior;4;RS
4308003;interior;4;RS
4308052;interior;4;RS
4308078;interior;4;RS
4308102;interior;4;RS
4308201;interior;4;RS
4308250;interior;4;RS
4308300;interior;4;RS
4308409;interior;4;RS
4308433;interior;4;RS
4308458;interior;4;RS
4308508;interior;4;RS
4308607;interior;4;RS
4308656;interior;4;RS
4308706;interior;4;RS
4308805;interior;4;RS
4308854;interior;4;RS
4308904;interior;4;RS
4309001;interior;4;RS
4309050;metropolitana;4;RS
4309100;interior;4;RS
4309126;interior;4;RS
4309159;interior;4;RS
4309209;metropolitana;4;RS
4309258;interior;4;RS
4309308;metropolitana;4;RS
4309407;interior;4;RS
4309506;interior;4;RS
4309555;interior;4;RS
4309571;interior;4;RS
4309605;interior;4;RS
4309654;interior;4;RS
4309704;interior;4;RS
4309753;interior;4;RS
4309803;interior;4;RS
4309902;interior;4;RS
4309951;interior;4;RS
4310009;interior;4;RS
4310108;metropolitana;4;RS
4310207;interior;4;RS
4310306;interior;4;RS
4310330;interior;4;RS
4310363;interior;4;RS
4310405;interior;4;RS
4310413;interior;4;RS
4310439;interior;4;RS
4310462;interior;4;RS
4310504;interior;4;RS
4310538;interior;4;RS
4310553;interior;4;RS
4310579;interior;4;RS
4310603;interior;4;RS
4310652;interior;4;RS
4310702;interior;4;RS
4310751;interior;4;RS
4310801;metropolitana;4;RS
4310850;interior;4;RS
4310876;interior;4;RS
4310900;interior;4;RS
4311007;interior;4;RS
4311106;interior;4;RS
4311122;interior;4;RS
4311130;interior;4;RS
4311155;interior;4;RS
4311205;interior;4;RS
4311239;interior;4;RS
4311254;interior;4;RS
4311270;interior;4;RS
4311304;interior;4;RS
4311403;interior;4;RS
4311429;interior;4;RS
4311502;interior;4;RS
4311601;interior;4;RS
4311627;interior;4;RS
4311643;interior;4;RS
4311700;interior;4;RS
4311718;interior;4;RS
4311734;interior;4;RS
4311759;interior;4;RS
4311775;interior;4;RS
4311791;interior;4;RS
4311809;interior;4;RS
4311908;interior;4;RS
4311981;interior;4;RS
4312005;interior;4;RS
4312054;interior;4;RS
4312104;interior;4;RS
4312138;interior;4;RS
4312153;interior;4;RS
4312179;interior;4;RS
4312203;interior;4;RS
4312252;interior;4;RS
4312302;interior;4;RS
4312351;interior;4;RS
4312377;interior;4;RS
4312385;interior;4;RS
4312401;metropolitana;4;RS
4312427;interior;4;RS
4312443;interior;4;RS
4312450;interior;4;RS
4312476;interior;4;RS
4312500;interior;4;RS
4312609;interior;4;RS
4312617;interior;4;RS
4312625;interior;4;RS
4312658;interior;4;RS
4312674;interior;4;RS
4312708;interior;4;RS
4312757;interior;4;RS
4312807;interior;4;RS
4312906;interior;4;RS
4312955;interior;4;RS
4313003;interior;4;RS
4313011;interior;4;RS
4313037;interior;4;RS
4313060;metropolitana;4;RS
4313086;interior;4;RS
4313102;interior;4;RS
4313201;interior;4;RS
4313300;interior;4;RS
4313334;interior;4;RS
4313359;interior;4;RS
4313375;metropolitana;4;RS
4313391;interior;4;RS
4313409;metropolitana;4;RS
4313425;interior;4;RS
4313441;interior;4;RS
4313466;interior;4;RS
4313490;interior;4;RS
4313508;interior;4;RS
4313607;interior;4;RS
4313656;interior;4;RS
4313706;interior;4;RS
4313805;interior;4;RS
4313904;interior;4;RS
4313953;interior;4;RS
4314001;interior;4;RS
4314027;interior;4;RS
4314035;interior;4;RS
4314050;metropolitana;4;RS
4314068;interior;4;RS
4314076;interior;4;RS
4314100;metropolitana;4;RS
4314134;interior;4;RS
4314159;interior;4;RS
4314175;interior;4;RS
4314209;interior;4;RS
4314308;interior;4;RS
4314407;interior;4;RS
4314423;interior;4;RS
4314456;interior;4;RS
4314464;interior;4;RS
4314472;interior;4;RS
4314498;interior;4;RS
4314506;interior;4;RS
4314548;interior;4;RS
4314555;interior;4;RS
4314605;interior;4;RS
4314704;interior;4;RS
4314753;interior;4;RS
4314779;interior;4;RS
4314787;interior;4;RS
4314803;metropolitana;4;RS
4314902;metropolitana;4;RS
4315008;interior;4;RS
4315057;interior;4;RS
4315073;interior;4;RS
4315107;interior;4;RS
4315131;interior;4;RS
4315149;interior;4;RS
4315156;interior;4;RS
4315172;interior;4;RS
4315206;interior;4;RS
4315305;interior;4;RS
4315313;interior;4;RS
4315321;interior;4;RS
4315354;interior;4;RS
4315404;interior;4;RS
4315453;interior;4;RS
4315503;interior;4;RS
4315552;interior;4;RS
4315602;interior;4;RS
4315701;interior;4;RS
4315750;interior;4;RS
4315800;interior;4;RS
4315909;interior;4;RS
4315958;interior;4;RS
4316006;metropolitana;4;RS
4316105;interior;4;RS
4316204;interior;4;RS
4316303;interior;4;RS
4316402;interior;4;RS
4316428;interior;4;RS
4316436;interior;4;RS
4316451;interior;4;RS
4316477;interior;4;RS
4316501;interior;4;RS
4316600;interior;4;RS
4316709;interior;4;RS
4316733;interior;4;RS
4316758;interior;4;RS
4316808;interior;4;RS
4316907;interior;4;RS
4316956;interior;4;RS
4316972;interior;4;RS
4317004;interior;4;RS
4317103;interior;4;RS
4317202;interior;4;RS
4317251;interior;4;RS
4317301;interior;4;RS
4317400;interior;4;RS
4317509;interior;4;RS
4317558;interior;4;RS
4317608;metropolitana;4;RS
4317707;interior;4;RS
4317756;interior;4;RS
4317806;interior;4;RS
4317905;interior;4;RS
4317954;interior;4;RS
4318002;interior;4;RS
4318051;interior;4;RS
4318101;interior;4;RS
4318200;interior;4;RS
4318309;interior;4;RS
4318408;metropolitana;4;RS
4318424;interior;4;RS
4318432;interior;4;RS
4318440;interior;4;RS
4318457;interior;4;RS
4318465;interior;4;RS
4318481;interior;4;RS
4318499;interior;4;RS
4318507;interior;4;RS
4318606;interior;4;RS
4318614;interior;4;RS
4318622;interior;4;RS
4318705;metropolitana;4;RS
4318804;interior;4;RS
4318903;interior;4;RS
4319000;interior;4;RS
4319109;interior;4;RS
4319125;interior;4;RS
4319158;interior;4;RS
4319208;interior;4;RS
4319307;interior;4;RS
4319356;interior;4;RS
4319364;interior;4;RS
4319372;interior;4;RS
4319406;interior;4;RS
4319505;metropolitana;4;RS
4319604;interior;4;RS
4319703;interior;4;RS
4319711;interior;4;RS
4319737;interior;4;RS
4319752;interior;4;RS
4319802;interior;4;RS
4319901;metropolitana;4;RS
4320008;metropolitana;4;RS
4320107;interior;4;RS
4320206;interior;4;RS
4320230;interior;4;RS
4320263;interior;4;RS
4320305;interior;4;RS
4320321;interior;4;RS
4320354;interior;4;RS
4320404;interior;4;RS
4320453;interior;4;RS
4320503;interior;4;RS
4320552;interior;4;RS
4320578;interior;4;RS
4320602;interior;4;RS
4320651;interior;4;RS
4320677;interior;4;RS
4320701;interior;4;RS
4320800;interior;4;RS
4320859;interior;4;RS
4320909;interior;4;RS
4321006;interior;4;RS
4321105;interior;4;RS
4321204;metropolitana;4;RS
4321303;interior;4;RS
4321329;interior;4;RS
4321352;interior;4;RS
4321402;interior;4;RS
4321436;interior;4;RS
4321451;interior;4;RS
4321469;interior;4;RS
4321477;interior;4;RS
4321493;interior;4;RS
4321501;interior;4;RS
4321600;interior;4;RS
4321626;interior;4;RS
4321634;interior;4;RS
4321667;interior;4;RS
4321709;interior;4;RS
4321808;interior;4;RS
4321832;interior;4;RS
4321857;interior;4;RS
4321907;interior;4;RS
4321956;interior;4;RS
4322004;metropolitana;4;RS
4322103;interior;4;RS
4322152;interior;4;RS
4322186;interior;4;RS
4322202;interior;4;RS
4322251;interior;4;RS
4322301;interior;4;RS
4322327;interior;4;RS
4322343;interior;4;RS
4322350;interior;4;RS
4322376;interior;4;RS
4322400;interior;4;RS
4322509;interior;4;RS
4322525;interior;4;RS
4322533;interior;4;RS
4322541;interior;4;RS
4322558;interior;4;RS
4322608;interior;4;RS
4322707;interior;4;RS
4322806;interior;4;RS
4322855;interior;4;RS
4322905;interior;4;RS
4323002;metropolitana;4;RS
4323101;interior;4;RS
4323200;interior;4;RS
4323309;interior;4;RS
4323358;interior;4;RS
4323408;interior;4;RS
4323457;interior;4;RS
4323507;interior;4;RS
4323606;interior;4;RS
4323705;interior;4;RS
4323754;interior;4;RS
4323770;interior;4;RS
4323804;interior;4;RS
5000203;interior;5;MS
5000252;interior;5;MS
5000609;interior;5;MS
5000708;interior;5;MS
5000807;interior;5;MS
5000856;interior;5;MS
5000906;interior;5;MS
5001003;interior;5;MS
5001102;interior;5;MS
5001243;interior;5;MS
5001508;interior;5;MS
5001904;interior;5;MS
5002001;interior;5;MS
5002100;interior;5;MS
5002159;interior;5;MS
5002209;interior;5;MS
5002308;interior;5;MS
5002407;interior;5;MS
5002605;interior;5;MS
5002704;metropolitana;5;MS
5002803;interior;5;MS
5002902;interior;5;MS
5002951;interior;5;MS
5003108;interior;5;MS
5003157;interior;5;MS
5003207;interior;5;MS
5003256;interior;5;MS
5003306;interior;5;MS
5003454;interior;5;MS
5003488;interior;5;MS
5003504;interior;5;MS
5003702;interior;5;MS
5003751;interior;5;MS
5003801;interior;5;MS
5003900;interior;5;MS
5004007;interior;5;MS
5004106;interior;5;MS
5004304;interior;5;MS
5004403;interior;5;MS
5004502;interior;5;MS
5004601;interior;5;MS
5004700;interior;5;MS
5004809;interior;5;MS
5004908;interior;5;MS
5005004;interior;5;MS
5005103;interior;5;MS
5005152;interior;5;MS
5005202;interior;5;MS
5005251;interior;5;MS
5005400;interior;5;MS
5005608;interior;5;MS
5005681;interior;5;MS
5005707;interior;5;MS
5005806;interior;5;MS
5006002;interior;5;MS
5006200;interior;5;MS
5006259;interior;5;MS
5006275;interior;5;MS
5006309;interior;5;MS
5006358;interior;5;MS
5006408;interior;5;MS
5006606;interior;5;MS
5006903;interior;5;MS
5007109;interior;5;MS
5007208;interior;5;MS
5007307;interior;5;MS
5007406;interior;5;MS
5007505;interior;5;MS
5007554;interior;5;MS
5007695;interior;5;MS
5007703;interior;5;MS
5007802;interior;5;MS
5007901;interior;5;MS
5007935;interior;5;MS
5007950;interior;5;MS
5007976;interior;5;MS
5008008;interior;5;MS
5008305;interior;5;MS
5008404;interior;5;MS
5100102;metropolitana;5;MT
5100201;interior;5;MT
5100250;interior;5;MT
5100300;interior;5;MT
5100359;interior;5;MT
5100409;interior;5;MT
5100508;interior;5;MT
5100607;interior;5;MT
5100805;interior;5;MT
5101001;interior;5;MT
5101209;interior;5;MT
5101258;interior;5;MT
5101308;interior;5;MT
5101407;interior;5;MT
5101605;metropolitana;5;MT
5101704;interior;5;MT
5101803;interior;5;MT
5101852;interior;5;MT
5101902;interior;5;MT
5102504;interior;5;MT
5102603;interior;5;MT
5102637;interior;5;MT
5102678;interior;5;MT
5102686;interior;5;MT
5102694;interior;5;MT
5102702;interior;5;MT
5102793;interior;5;MT
5102850;interior;5;MT
5103007;metropolitana;5;MT
5103056;interior;5;MT
5103106;interior;5;MT
5103205;interior;5;MT
5103254;interior;5;MT
5103304;interior;5;MT
5103353;interior;5;MT
5103361;interior;5;MT
5103379;interior;5;MT
5103403;metropolitana;5;MT
5103437;interior;5;MT
5103452;interior;5;MT
5103502;interior;5;MT
5103601;interior;5;MT
5103700;interior;5;MT
5103809;interior;5;MT
5103858;interior;5;MT
5103908;interior;5;MT
5103957;interior;5;MT
5104104;interior;5;MT
5104203;interior;5;MT
5104500;interior;5;MT
5104526;interior;5;MT
5104542;interior;5;MT
5104559;interior;5;MT
5104609;interior;5;MT
5104807;interior;5;MT
5104906;metropolitana;5;MT
5105002;interior;5;MT
5105101;interior;5;MT
5105150;interior;5;MT
5105176;interior;5;MT
5105200;interior;5;MT
5105234;interior;5;MT
5105259;interior;5;MT
5105309;interior;5;MT
5105507;interior;5;MT
5105580;interior;5;MT
5105606;interior;5;MT
5105622;interior;5;MT
5105903;metropolitana;5;MT
5106000;interior;5;MT
5106109;metropolitana;5;MT
5106158;interior;5;MT
5106174;interior;5;MT
5106182;interior;5;MT
5106190;interior;5;MT
5106208;metropolitana;5;MT
5106216;interior;5;MT
5106224;interior;5;MT
5106232;interior;5;MT
5106240;interior;5;MT
5106257;interior;5;MT
5106265;interior;5;MT
5106273;interior;5;MT
5106281;interior;5;MT
5106299;interior;5;MT
5106307;interior;5;MT
5106315;interior;5;MT
5106372;interior;5;MT
5106422;interior;5;MT
5106455;metropolitana;5;MT
5106505;metropolitana;5;MT
5106653;interior;5;MT
5106703;interior;5;MT
5106752;interior;5;MT
5106778;interior;5;MT
5106802;interior;5;MT
5106828;interior;5;MT
5106851;interior;5;MT
5107008;interior;5;MT
5107040;interior;5;MT
5107065;interior;5;MT
5107107;interior;5;MT
5107156;interior;5;MT
5107180;interior;5;MT
5107198;interior;5;MT
5107206;interior;5;MT
5107248;interior;5;MT
5107263;interior;5;MT
5107297;interior;5;MT
5107305;interior;5;MT
5107354;interior;5;MT
5107404;interior;5;MT
5107578;interior;5;MT
5107602;interior;5;MT
5107701;metropolitana;5;MT
5107743;interior;5;MT
5107750;interior;5;MT
5107768;interior;5;MT
5107776;interior;5;MT
5107792;interior;5;MT
5107800;metropolitana;5;MT
5107859;interior;5;MT
5107875;interior;5;MT
5107883;interior;5;MT
5107909;interior;5;MT
5107925;interior;5;MT
5107941;interior;5;MT
5107958;interior;5;MT
5108006;interior;5;MT
5108055;interior;5;MT
5108105;interior;5;MT
5108204;interior;5;MT
5108303;interior;5;MT
5108352;interior;5;MT
5108402;metropolitana;5;MT
5108501;interior;5;MT
5108600;interior;5;MT
5108808;interior;5;MT
5108857;interior;5;MT
5108907;interior;5;MT
5108956;interior;5;MT
5200050;metropolitana;5;GO
5200100;metropolitana;5;GO
5200134;interior;5;GO
5200159;interior;5;GO
5200175;metropolitana;5;GO
5200209;interior;5;GO
5200258;metropolitana;5;GO
5200308;metropolitana;5;GO
5200506;interior;5;GO
5200555;interior;5;GO
5200605;interior;5;GO
5200803;interior;5;GO
5200829;interior;5;GO
5200852;interior;5;GO
5200902;interior;5;GO
5201108;interior;5;GO
5201207;interior;5;GO
5201306;interior;5;GO
5201405;metropolitana;5;GO
5201454;interior;5;GO
5201504;interior;5;GO
5201603;interior;5;GO
5201702;interior;5;GO
5201801;metropolitana;5;GO
5202155;interior;5;GO
5202353;interior;5;GO
5202502;interior;5;GO
5202601;interior;5;GO
5202809;interior;5;GO
5203104;interior;5;GO
5203203;interior;5;GO
5203302;metropolitana;5;GO
5203401;interior;5;GO
5203500;interior;5;GO
5203559;metropolitana;5;GO
5203575;interior;5;GO
5203609;metropolitana;5;GO
5203807;interior;5;GO
5203906;interior;5;GO
5203939;interior;5;GO
5203962;interior;5;GO
5204003;metropolitana;5;GO
5204102;interior;5;GO
5204201;interior;5;GO
5204250;interior;5;GO
5204300;interior;5;GO
5204409;interior;5;GO
5204508;interior;5;GO
5204557;metropolitana;5;GO
5204607;interior;5;GO
5204656;interior;5;GO
5204706;interior;5;GO
5204805;interior;5;GO
5204854;interior;5;GO
5204904;interior;5;GO
5204953;interior;5;GO
5205000;interior;5;GO
5205059;interior;5;GO
5205109;interior;5;GO
5205208;metropolitana;5;GO
5205307;interior;5;GO
5205406;interior;5;GO
5205455;interior;5;GO
5205471;interior;5;GO
5205497;metropolitana;5;GO
5205513;metropolitana;5;GO
5205521;interior;5;GO
5205703;interior;5;GO
5205802;metropolitana;5;GO
5205901;interior;5;GO
5206206;metropolitana;5;GO
5206305;interior;5;GO
5206404;interior;5;GO
5206503;interior;5;GO
5206602;interior;5;GO
5206701;interior;5;GO
5206800;interior;5;GO
5206909;interior;5;GO
5207105;interior;5;GO
5207253;interior;5;GO
5207352;interior;5;GO
5207402;interior;5;GO
5207501;interior;5;GO
5207535;interior;5;GO
5207600;interior;5;GO
5207808;interior;5;GO
5207907;interior;5;GO
5208004;metropolitana;5;GO
5208103;interior;5;GO
5208152;interior;5;GO
5208301;interior;5;GO
5208400;metropolitana;5;GO
5208509;interior;5;GO
5208608;interior;5;GO
5208707;metropolitana;5;GO
5208806;metropolitana;5;GO
5208905;interior;5;GO
5209101;interior;5;GO
5209150;interior;5;GO
5209200;metropolitana;5;GO
5209291;interior;5;GO
5209408;interior;5;GO
5209457;interior;5;GO
5209606;interior;5;GO
5209705;metropolitana;5;GO
5209804;interior;5;GO
5209903;interior;5;GO
5209937;interior;5;GO
5209952;interior;5;GO
5210000;metropolitana;5;GO
5210109;interior;5;GO
5210158;interior;5;GO
5210208;interior;5;GO
5210307;interior;5;GO
5210406;interior;5;GO
5210562;interior;5;GO
5210604;interior;5;GO
5210802;interior;5;GO
5210901;interior;5;GO
5211008;interior;5;GO
5211206;interior;5;GO
5211305;interior;5;GO
5211404;interior;5;GO
5211503;interior;5;GO
5211602;interior;5;GO
5211701;interior;5;GO
5211800;interior;5;GO
5211909;interior;5;GO
5212006;interior;5;GO
5212055;interior;5;GO
5212105;interior;5;GO
5212204;interior;5;GO
5212253;interior;5;GO
5212303;interior;5;GO
5212501;metropolitana;5;GO
5212600;interior;5;GO
5212709;interior;5;GO
5212808;interior;5;GO
5212907;interior;5;GO
5212956;interior;5;GO
5213004;interior;5;GO
5213053;metropolitana;5;GO
5213087;interior;5;GO
5213103;interior;5;GO
5213400;interior;5;GO
5213509;interior;5;GO
5213707;interior;5;GO
5213756;interior;5;GO
5213772;interior;5;GO
5213806;interior;5;GO
5213855;interior;5;GO
5213905;interior;5;GO
5214002;interior;5;GO
5214051;interior;5;GO
5214101;interior;5;GO
5214408;interior;5;GO
5214507;metropolitana;5;GO
5214606;interior;5;GO
5214705;interior;5;GO
5214804;interior;5;GO
5214838;interior;5;GO
5214861;interior;5;GO
5214879;interior;5;GO
5214903;interior;5;GO
5215009;metropolitana;5;GO
5215207;interior;5;GO
5215231;metropolitana;5;GO
5215256;interior;5;GO
5215306;interior;5;GO
5215405;interior;5;GO
5215504;interior;5;GO
5215603;metropolitana;5;GO
5215652;interior;5;GO
5215702;interior;5;GO
5215801;interior;5;GO
5215900;interior;5;GO
5216007;interior;5;GO
5216304;interior;5;GO
5216403;interior;5;GO
5216452;interior;5;GO
5216809;interior;5;GO
5216908;interior;5;GO
5217104;interior;5;GO
5217203;interior;5;GO
5217302;metropolitana;5;GO
5217401;interior;5;GO
5217609;metropolitana;5;GO
5217708;interior;5;GO
5218003;interior;5;GO
5218052;interior;5;GO
5218102;interior;5;GO
5218300;interior;5;GO
5218391;interior;5;GO
5218508;interior;5;GO
5218607;interior;5;GO
5218706;interior;5;GO
5218789;interior;5;GO
5218805;interior;5;GO
5218904;interior;5;GO
5219001;interior;5;GO
5219100;interior;5;GO
5219209;interior;5;GO
5219258;interior;5;GO
5219308;interior;5;GO
5219357;interior;5;GO
5219407;interior;5;GO
5219456;interior;5;GO
5219506;interior;5;GO
5219605;interior;5;GO
5219704;interior;5;GO
5219712;interior;5;GO
5219738;metropolitana;5;GO
5219753;metropolitana;5;GO
5219803;interior;5;GO
5219902;interior;5;GO
5220009;interior;5;GO
5220058;interior;5;GO
5220108;interior;5;GO
5220157;interior;5;GO
5220207;interior;5;GO
5220264;interior;5;GO
5220280;interior;5;GO
5220405;interior;5;GO
5220454;metropolitana;5;GO
5220504;interior;5;GO
5220603;interior;5;GO
5220686;interior;5;GO
5220702;interior;5;GO
5221007;interior;5;GO
5221080;interior;5;GO
5221197;metropolitana;5;GO
5221304;interior;5;GO
5221403;metropolitana;5;GO
5221452;interior;5;GO
5221502;interior;5;GO
5221551;interior;5;GO
5221577;interior;5;GO
5221601;interior;5;GO
5221700;interior;5;GO
5221809;interior;5;GO
5221858;metropolitana;5;GO
5221908;interior;5;GO
5222005;interior;5;GO
5222054;interior;5;GO
5222203;metropolitana;5;GO
5222302;interior;5;GO
