"CODE_MUNI";"STATE";"REGION";"region"
3550308;"SP";35;"metropolitana"
3304557;"RJ";33;"metropolitana"
5300108;"DF";53;"metropolitana"
3106200;"MG";31;"metropolitana"
4314902;"RS";43;"metropolitana"
4106902;"PR";41;"metropolitana"
3509502;"SP";35;"metropolitana"
2927408;"BA";29;"metropolitana"
2611606;"PE";26;"metropolitana"
2304400;"CE";23;"metropolitana"
1302603;"AM";13;"metropolitana"
5208707;"GO";52;"metropolitana"
3205309;"ES";32;"metropolitana"
1501402;"PA";15;"metropolitana"
4205407;"SC";42;"metropolitana"
3543402;"SP";35;"metropolitana"
2111300;"MA";21;"metropolitana"
2408102;"RN";24;"metropolitana"
5103403;"MT";51;"metropolitana"
5002704;"MS";50;"metropolitana"
2507507;"PB";25;"metropolitana"
2704302;"AL";27;"metropolitana"
2800308;"SE";28;"metropolitana"
2211001;"PI";22;"metropolitana"
3549904;"SP";35;"metropolitana"
3552205;"SP";35;"metropolitana"
3170206;"MG";31;"metropolitana"
4208203;"SC";42;"metropolitana"
4209102;"SC";42;"metropolitana"
4113700;"PR";41;"metropolitana"
4305108;"RS";43;"metropolitana"
4115200;"PR";41;"metropolitana"
4202404;"SC";42;"metropolitana"
3549805;"SP";35;"metropolitana"
3136702;"MG";31;"metropolitana"
1100205;"RO";11;"metropolitana"
3506003;"SP";35;"metropolitana"
2910800;"BA";29;"metropolitana"
4204608;"SC";42;"metropolitana"
4104808;"PR";41;"metropolitana"
4204202;"SC";42;"metropolitana"
3143302;"MG";31;"metropolitana"
4314100;"RS";43;"metropolitana"
1721000;"TO";17;"metropolitana"
2307304;"CE";23;"metropolitana"
2604106;"PE";26;"metropolitana"
2933307;"BA";29;"metropolitana"
2914802;"BA";29;"metropolitana"
3525904;"SP";35;"metropolitana"
3548500;"SP";35;"metropolitana"
3302403;"RJ";33;"metropolitana"
3538709;"SP";35;"metropolitana"
3301009;"RJ";33;"metropolitana"
3501608;"SP";35;"metropolitana"
3306305;"RJ";33;"metropolitana"
3131307;"MG";31;"metropolitana"
4119905;"PR";41;"metropolitana"
4108304;"PR";41;"metropolitana"
3170107;"MG";31;"metropolitana"
5201108;"GO";52;"metropolitana"
3303906;"RJ";33;"metropolitana"
3526902;"SP";35;"metropolitana"
3300704;"RJ";33;"metropolitana"
3516200;"SP";35;"metropolitana"
1600303;"AP";16;"metropolitana"
3503208;"SP";35;"metropolitana"
3548906;"SP";35;"metropolitana"
3541406;"SP";35;"metropolitana"
5107602;"MT";51;"metropolitana"
2504009;"PB";25;"metropolitana"
2611101;"PE";26;"metropolitana"
4316808;"RS";43;"metropolitana"
4314407;"RS";43;"metropolitana"
1200401;"AC";12;"metropolitana"
1400100;"RR";14;"metropolitana"
5003702;"MS";50;"metropolitana"
2105302;"MA";21;"metropolitana"
3529005;"SP";35;"metropolitana"
3167202;"MG";31;"metropolitana"
1504208;"PA";15;"metropolitana"
3502804;"SP";35;"metropolitana"
4316907;"RS";43;"metropolitana"
3152501;"MG";31;"metropolitana"
4311403;"RS";43;"metropolitana"
4202909;"SC";42;"metropolitana"
3151800;"MG";31;"metropolitana"
3518404;"SP";35;"metropolitana"
2408003;"RN";24;"metropolitana"
3127701;"MG";31;"metropolitana"
3122306;"MG";31;"metropolitana"
5107909;"MT";51;"metropolitana"
4218707;"SC";42;"metropolitana"
3511102;"SP";35;"metropolitana"
3201209;"ES";32;"metropolitana"
4209300;"SC";42;"metropolitana"
1506807;"PA";15;"metropolitana"
3170701;"MG";31;"metropolitana"
3505500;"SP";35;"metropolitana"
3525300;"SP";35;"metropolitana"
2312908;"CE";23;"metropolitana"
2700300;"AL";27;"metropolitana"
2913606;"BA";29;"metropolitana"
1702109;"TO";17;"metropolitana"
1502400;"PA";15;"metropolitana"
2903201;"BA";29;"metropolitana"
1100122;"RO";11;"metropolitana"
4203006;"SC";42;"metropolitana"
2910727;"BA";29;"metropolitana"
3168606;"MG";31;"metropolitana"
2606002;"PE";26;"metropolitana"
4209003;"SC";42;"metropolitana"
1100049;"RO";11;"metropolitana"
3523909;"SP";35;"metropolitana"
3304201;"RJ";33;"metropolitana"
1505536;"PA";15;"metropolitana"
3520509;"SP";35;"metropolitana"
3543907;"SP";35;"metropolitana"
4208906;"SC";42;"metropolitana"
3530706;"SP";35;"metropolitana"
4302105;"RS";43;"metropolitana"
5008305;"MS";50;"metropolitana"
5218805;"GO";52;"metropolitana"
4118204;"PR";41;"metropolitana"
4315602;"RS";43;"metropolitana"
4127700;"PR";41;"metropolitana"
3203205;"ES";32;"metropolitana"
4109401;"PR";41;"metropolitana"
5211503;"GO";52;"metropolitana"
3551702;"SP";35;"metropolitana"
3507605;"SP";35;"metropolitana"
3503307;"SP";35;"metropolitana"
3507506;"SP";35;"metropolitana"
3303401;"RJ";33;"metropolitana"
3522307;"SP";35;"metropolitana"
4307005;"RS";43;"metropolitana"
3148004;"MG";31;"metropolitana"
4101507;"PR";41;"metropolitana"
4118501;"PR";41;"metropolitana"
4301602;"RS";43;"metropolitana"
4104303;"PR";41;"metropolitana"
4306106;"RS";43;"metropolitana"
4128104;"PR";41;"metropolitana"
3201506;"ES";32;"metropolitana"
2900702;"BA";29;"metropolitana"
4310207;"RS";43;"metropolitana"
5107958;"MT";51;"metropolitana"
4101408;"PR";41;"metropolitana"
3549102;"SP";35;"metropolitana"
3534708;"SP";35;"metropolitana"
3504008;"SP";35;"metropolitana"
3169901;"MG";31;"metropolitana"
4108403;"PR";41;"metropolitana"
3105608;"MG";31;"metropolitana"
3138203;"MG";31;"metropolitana"
4214805;"SC";42;"metropolitana"
4322400;"RS";43;"metropolitana"
4304705;"RS";43;"metropolitana"
4321600;"RS";43;"metropolitana"
3302205;"RJ";33;"metropolitana"
4317202;"RS";43;"metropolitana"
4317509;"RS";43;"metropolitana"
2925303;"BA";29;"metropolitana"
3527207;"SP";35;"metropolitana"
4105508;"PR";41;"metropolitana"
1500602;"PA";15;"metropolitana"
2918001;"BA";29;"metropolitana"
1100304;"RO";11;"metropolitana"
3522406;"SP";35;"metropolitana"
3147907;"MG";31;"metropolitana"
3101607;"MG";31;"metropolitana"
4118402;"PR";41;"metropolitana"
2924009;"BA";29;"metropolitana"
5213103;"GO";52;"metropolitana"
2931350;"BA";29;"metropolitana"
1100023;"RO";11;"metropolitana"
4219309;"SC";42;"metropolitana"
3515509;"SP";35;"metropolitana"
3162500;"MG";31;"metropolitana"
2928703;"BA";29;"metropolitana"
3139409;"MG";31;"metropolitana"
5101803;"MT";51;"metropolitana"
3143906;"MG";31;"metropolitana"
1709500;"TO";17;"metropolitana"
4128203;"PR";41;"metropolitana"
3204906;"ES";32;"metropolitana"
3300308;"RJ";33;"metropolitana"
2207702;"PI";22;"metropolitana"
4201406;"SC";42;"metropolitana"
2103000;"MA";21;"metropolitana"
3101508;"MG";31;"metropolitana"
1506138;"PA";15;"metropolitana"
2802908;"SE";28;"metropolitana"
2510808;"PB";25;"metropolitana"
2208007;"PI";22;"metropolitana"
2305506;"CE";23;"metropolitana"
4217204;"SC";42;"metropolitana"
2613909;"PE";26;"metropolitana"
2203909;"PI";22;"metropolitana"
2109908;"MA";21;"metropolitana"
2911709;"BA";29;"metropolitana"
2101202;"MA";21;"metropolitana"
3545605;"SP";35;"metropolitana"
2503704;"PB";25;"metropolitana"
2914604;"BA";29;"metropolitana"
3163706;"MG";31;"metropolitana"
2601201;"PE";26;"metropolitana"
2930105;"BA";29;"metropolitana"
2609907;"PE";26;"metropolitana"
3510500;"SP";35;"metropolitana"
4305355;"RS";43;"metropolitana"
3300100;"RJ";33;"nao metropolitana"
3118304;"MG";31;"metropolitana"
5205109;"GO";52;"metropolitana"
3504107;"SP";35;"metropolitana"
3125101;"MG";31;"nao metropolitana"
5107925;"MT";51;"nao metropolitana"
3104007;"MG";31;"metropolitana"
3305802;"RJ";33;"nao metropolitana"
2606200;"PE";26;"nao metropolitana"
3523404;"SP";35;"nao metropolitana"
1501303;"PA";15;"nao metropolitana"
3306008;"RJ";33;"metropolitana"
4321204;"RS";43;"metropolitana"
3200607;"ES";32;"nao metropolitana"
1508100;"PA";15;"nao metropolitana"
3550605;"SP";35;"metropolitana"
3506508;"SP";35;"metropolitana"
3527108;"SP";35;"nao metropolitana"
5211909;"GO";52;"nao metropolitana"
2919553;"BA";29;"nao metropolitana"
3103504;"MG";31;"nao metropolitana"
3529302;"SP";35;"metropolitana"
5105259;"MT";51;"nao metropolitana"
3554003;"SP";35;"nao metropolitana"
3557105;"SP";35;"metropolitana"
4215802;"SC";42;"metropolitana"
3501905;"SP";35;"metropolitana"
5107040;"MT";51;"nao metropolitana"
3131703;"MG";31;"nao metropolitana"
3511508;"SP";35;"metropolitana"
3522604;"SP";35;"nao metropolitana"
4127106;"PR";41;"nao metropolitana"
3133808;"MG";31;"metropolitana"
2616407;"PE";26;"nao metropolitana"
3506102;"SP";35;"nao metropolitana"
3147006;"MG";31;"nao metropolitana"
3170404;"MG";31;"nao metropolitana"
3502101;"SP";35;"nao metropolitana"
3526704;"SP";35;"metropolitana"
4208302;"SC";42;"metropolitana"
4312401;"RS";43;"nao metropolitana"
5106224;"MT";51;"nao metropolitana"
4204301;"SC";42;"nao metropolitana"
4322608;"RS";43;"metropolitana"
5003207;"MS";50;"metropolitana"
3146107;"MG";31;"nao metropolitana"
3300209;"RJ";33;"metropolitana"
3134202;"MG";31;"nao metropolitana"
3132404;"MG";31;"metropolitana"
4304408;"RS";43;"metropolitana"
3524303;"SP";35;"nao metropolitana"
1505502;"PA";15;"nao metropolitana"
5006606;"MS";50;"nao metropolitana"
3148103;"MG";31;"nao metropolitana"
4104907;"PR";41;"nao metropolitana"
5204508;"GO";52;"metropolitana"
3504503;"SP";35;"nao metropolitana"
3147105;"MG";31;"nao metropolitana"
3136207;"MG";31;"metropolitana"
3539301;"SP";35;"nao metropolitana"
4210100;"SC";42;"metropolitana"
4122404;"PR";41;"nao metropolitana"
3526803;"SP";35;"nao metropolitana"
2101400;"MA";21;"nao metropolitana"
4203808;"SC";42;"metropolitana"
4303004;"RS";43;"nao metropolitana"
4317103;"RS";43;"nao metropolitana"
3169307;"MG";31;"nao metropolitana"
5103502;"MT";51;"nao metropolitana"
3555000;"SP";35;"metropolitana"
4322509;"RS";43;"nao metropolitana"
3145208;"MG";31;"metropolitana"
3151206;"MG";31;"metropolitana"
5208608;"GO";52;"metropolitana"
5208004;"GO";52;"nao metropolitana"
3513405;"SP";35;"metropolitana"
4114609;"PR";41;"nao metropolitana"
3202405;"ES";32;"nao metropolitana"
1301902;"AM";13;"nao metropolitana"
2100055;"MA";21;"nao metropolitana"
3134400;"MG";31;"nao metropolitana"
4304630;"RS";43;"metropolitana"
3546405;"SP";35;"nao metropolitana"
3510401;"SP";35;"metropolitana"
3533908;"SP";35;"nao metropolitana"
4300406;"RS";43;"nao metropolitana"
3128709;"MG";31;"nao metropolitana"
4207304;"SC";42;"metropolitana"
4303509;"RS";43;"nao metropolitana"
5006200;"MS";50;"nao metropolitana"
3542602;"SP";35;"nao metropolitana"
4311809;"RS";43;"nao metropolitana"
3500105;"SP";35;"metropolitana"
3540705;"SP";35;"nao metropolitana"
4318309;"RS";43;"metropolitana"
5102504;"MT";51;"nao metropolitana"
4218202;"SC";42;"nao metropolitana"
3549706;"SP";35;"nao metropolitana"
3537305;"SP";35;"nao metropolitana"
4318002;"RS";43;"nao metropolitana"
4115804;"PR";41;"nao metropolitana"
3159605;"MG";31;"nao metropolitana"
3164704;"MG";31;"nao metropolitana"
3127107;"MG";31;"nao metropolitana"
1503606;"PA";15;"nao metropolitana"
3534302;"SP";35;"nao metropolitana"
5100250;"MT";51;"nao metropolitana"
4110706;"PR";41;"nao metropolitana"
3171303;"MG";31;"metropolitana"
2601706;"PE";26;"nao metropolitana"
3304300;"RJ";33;"nao metropolitana"
3304706;"RJ";33;"metropolitana"
3152105;"MG";31;"metropolitana"
4219507;"SC";42;"nao metropolitana"
3113404;"MG";31;"nao metropolitana"
5005707;"MS";50;"nao metropolitana"
1718204;"TO";17;"nao metropolitana"
2802106;"SE";28;"nao metropolitana"
3115300;"MG";31;"nao metropolitana"
3126109;"MG";31;"nao metropolitana"
4107207;"PR";41;"nao metropolitana"
3549409;"SP";35;"nao metropolitana"
3120904;"MG";31;"metropolitana"
4106407;"PR";41;"nao metropolitana"
2932903;"BA";29;"nao metropolitana"
3524808;"SP";35;"metropolitana"
2803500;"SE";28;"nao metropolitana"
2904605;"BA";29;"nao metropolitana"
3553708;"SP";35;"nao metropolitana"
3519600;"SP";35;"nao metropolitana"
4313706;"RS";43;"nao metropolitana"
2306405;"CE";23;"nao metropolitana"
1100114;"RO";11;"nao metropolitana"
4322806;"RS";43;"metropolitana"
2612505;"PE";26;"nao metropolitana"
5001102;"MS";50;"metropolitana"
2604007;"PE";26;"nao metropolitana"
2917508;"BA";29;"nao metropolitana"
1500107;"PA";15;"nao metropolitana"
5213806;"GO";52;"nao metropolitana"
1302504;"AM";13;"nao metropolitana"
1716109;"TO";17;"nao metropolitana"
4204806;"SC";42;"nao metropolitana"
2301109;"CE";23;"nao metropolitana"
1100288;"RO";11;"nao metropolitana"
5106752;"MT";51;"nao metropolitana"
4317400;"RS";43;"nao metropolitana"
5006309;"MS";50;"nao metropolitana"
4321501;"RS";43;"metropolitana"
1508407;"PA";15;"nao metropolitana"
3107406;"MG";31;"nao metropolitana"
4111803;"PR";41;"nao metropolitana"
3135100;"MG";31;"metropolitana"
4311304;"RS";43;"metropolitana"
4318903;"RS";43;"nao metropolitana"
3514403;"SP";35;"nao metropolitana"
1200203;"AC";12;"nao metropolitana"
2706703;"AL";27;"metropolitana"
2402006;"RN";24;"nao metropolitana"
2516201;"PB";25;"nao metropolitana"
2313401;"CE";23;"nao metropolitana"
3143104;"MG";31;"nao metropolitana"
3539509;"SP";35;"nao metropolitana"
1303403;"AM";13;"nao metropolitana"
2103307;"MA";21;"nao metropolitana"
2916401;"BA";29;"nao metropolitana"
4124103;"PR";41;"nao metropolitana"
2309607;"CE";23;"nao metropolitana"
1100189;"RO";11;"nao metropolitana"
3510203;"SP";35;"metropolitana"
4308508;"RS";43;"nao metropolitana"
1502202;"PA";15;"nao metropolitana"
5210000;"GO";52;"nao metropolitana"
2506301;"PB";25;"metropolitana"
2311306;"CE";23;"nao metropolitana"
3203908;"ES";32;"nao metropolitana"
2909802;"BA";29;"nao metropolitana"
5105150;"MT";51;"nao metropolitana"
4205506;"SC";42;"nao metropolitana"
3111200;"MG";31;"nao metropolitana"
2708600;"AL";27;"nao metropolitana"
4321808;"RS";43;"nao metropolitana"
2307601;"CE";23;"nao metropolitana"
3523206;"SP";35;"nao metropolitana"
2311801;"CE";23;"nao metropolitana"
5100201;"MT";51;"nao metropolitana"
4108809;"PR";41;"nao metropolitana"
2601102;"PE";26;"metropolitana"
2915601;"BA";29;"nao metropolitana"
2903904;"BA";29;"nao metropolitana"
2930501;"BA";29;"nao metropolitana"
2610004;"PE";26;"nao metropolitana"
5003306;"MS";50;"nao metropolitana"
4119608;"PR";41;"nao metropolitana"
4217709;"SC";42;"metropolitana"
4320107;"RS";43;"nao metropolitana"
2914703;"BA";29;"nao metropolitana"
2108603;"MA";21;"nao metropolitana"
2709301;"AL";27;"nao metropolitana"
2612208;"PE";26;"nao metropolitana"
2400208;"RN";24;"nao metropolitana"
3145604;"MG";31;"nao metropolitana"
4309407;"RS";43;"nao metropolitana"
1721208;"TO";17;"metropolitana"
4306809;"RS";43;"nao metropolitana"
5005004;"MS";50;"metropolitana"
4320800;"RS";43;"nao metropolitana"
5221601;"GO";52;"nao metropolitana"
4305207;"RS";43;"metropolitana"
1100106;"RO";11;"nao metropolitana"
2908408;"BA";29;"nao metropolitana"
2706307;"AL";27;"nao metropolitana"
2605202;"PE";26;"nao metropolitana"
3121605;"MG";31;"nao metropolitana"
1100155;"RO";11;"nao metropolitana"
4111506;"PR";41;"nao metropolitana"
2614501;"PE";26;"nao metropolitana"
4113304;"PR";41;"nao metropolitana"
4321907;"RS";43;"nao metropolitana"
5205406;"GO";52;"metropolitana"
2608909;"PE";26;"nao metropolitana"
1200104;"AC";12;"metropolitana"
2108207;"MA";21;"metropolitana"
2304103;"CE";23;"nao metropolitana"
4104501;"PR";41;"nao metropolitana"
2103208;"MA";21;"nao metropolitana"
2208403;"PI";22;"nao metropolitana"
5211800;"GO";52;"nao metropolitana"
2403103;"RN";24;"nao metropolitana"
3135209;"MG";31;"nao metropolitana"
2615300;"PE";26;"nao metropolitana"
2910701;"BA";29;"nao metropolitana"
2302602;"CE";23;"nao metropolitana"
3128006;"MG";31;"nao metropolitana"
4109708;"PR";41;"nao metropolitana"
3115508;"MG";31;"metropolitana"
2306306;"CE";23;"nao metropolitana"
2202208;"PI";22;"nao metropolitana"
2708006;"AL";27;"nao metropolitana"
2109106;"MA";21;"nao metropolitana"
2804508;"SE";28;"nao metropolitana"
2201903;"PI";22;"nao metropolitana"
2926608;"BA";29;"nao metropolitana"
3101706;"MG";31;"nao metropolitana"
2805703;"SE";28;"metropolitana"
2702405;"AL";27;"nao metropolitana"
2409407;"RN";24;"nao metropolitana"
2913903;"BA";29;"nao metropolitana"
1304062;"AM";13;"nao metropolitana"
2210607;"PI";22;"nao metropolitana"
2600104;"PE";26;"nao metropolitana"
2207009;"PI";22;"nao metropolitana"
3103405;"MG";31;"nao metropolitana"
2302107;"CE";23;"nao metropolitana"
4216206;"SC";42;"nao metropolitana"
3507001;"SP";35;"metropolitana"
5102637;"MT";51;"nao metropolitana"
5107875;"MT";51;"nao metropolitana"
2312403;"CE";23;"nao metropolitana"
5102678;"MT";51;"nao metropolitana"
5007208;"MS";50;"nao metropolitana"
3306107;"RJ";33;"metropolitana"
2922003;"BA";29;"nao metropolitana"
4203600;"SC";42;"nao metropolitana"
4117909;"PR";41;"nao metropolitana"
3530508;"SP";35;"nao metropolitana"
3531308;"SP";35;"nao metropolitana"
4113205;"PR";41;"nao metropolitana"
4313904;"RS";43;"nao metropolitana"
4213203;"SC";42;"nao metropolitana"
3536703;"SP";35;"nao metropolitana"
3505906;"SP";35;"nao metropolitana"
3540606;"SP";35;"nao metropolitana"
5218508;"GO";52;"nao metropolitana"
1600279;"AP";16;"metropolitana"
5007695;"MS";50;"nao metropolitana"
5209101;"GO";52;"nao metropolitana"
2305233;"CE";23;"nao metropolitana"
3137205;"MG";31;"metropolitana"
4218004;"SC";42;"nao metropolitana"
4112009;"PR";41;"nao metropolitana"
4321451;"RS";43;"metropolitana"
4308201;"RS";43;"nao metropolitana"
3136306;"MG";31;"nao metropolitana"
3515186;"SP";35;"nao metropolitana"
3169406;"MG";31;"nao metropolitana"
3535507;"SP";35;"metropolitana"
3546603;"SP";35;"metropolitana"
3524105;"SP";35;"nao metropolitana"
3533502;"SP";35;"nao metropolitana"
3525706;"SP";35;"nao metropolitana"
3509700;"SP";35;"nao metropolitana"
4125605;"PR";41;"nao metropolitana"
3537602;"SP";35;"nao metropolitana"
5101704;"MT";51;"nao metropolitana"
3522703;"SP";35;"nao metropolitana"
3537800;"SP";35;"nao metropolitana"
4306601;"RS";43;"nao metropolitana"
4102000;"PR";41;"nao metropolitana"
4310603;"RS";43;"nao metropolitana"
3550100;"SP";35;"nao metropolitana"
3104205;"MG";31;"nao metropolitana"
3516705;"SP";35;"nao metropolitana"
4313300;"RS";43;"nao metropolitana"
4117602;"PR";41;"nao metropolitana"
4304507;"RS";43;"nao metropolitana"
1501709;"PA";15;"nao metropolitana"
4120606;"PR";41;"nao metropolitana"
5100300;"MT";51;"metropolitana"
3541307;"SP";35;"nao metropolitana"
4318804;"RS";43;"nao metropolitana"
3110608;"MG";31;"metropolitana"
2606408;"PE";26;"nao metropolitana"
4202800;"SC";42;"nao metropolitana"
3138401;"MG";31;"nao metropolitana"
3534609;"SP";35;"nao metropolitana"
4310009;"RS";43;"nao metropolitana"
4210506;"SC";42;"nao metropolitana"
2405801;"RN";24;"nao metropolitana"
5104807;"MT";51;"metropolitana"
4212908;"SC";42;"nao metropolitana"
3139003;"MG";31;"nao metropolitana"
5217401;"GO";52;"metropolitana"
5000609;"MS";50;"nao metropolitana"
3107109;"MG";31;"nao metropolitana"
2311405;"CE";23;"nao metropolitana"
2508901;"PB";25;"metropolitana"
5103205;"MT";51;"nao metropolitana"
4317301;"RS";43;"nao metropolitana"
4316402;"RS";43;"nao metropolitana"
3102605;"MG";31;"nao metropolitana"
5218003;"GO";52;"nao metropolitana"
3300605;"RJ";33;"metropolitana"
3200904;"ES";32;"nao metropolitana"
4219705;"SC";42;"nao metropolitana"
4211702;"SC";42;"nao metropolitana"
2104057;"MA";21;"metropolitana"
4216909;"SC";42;"nao metropolitana"
4320909;"RS";43;"nao metropolitana"
5220108;"GO";52;"nao metropolitana"
5105101;"MT";51;"nao metropolitana"
3541505;"SP";35;"metropolitana"
4112108;"PR";41;"metropolitana"
4208500;"SC";42;"nao metropolitana"
4302808;"RS";43;"nao metropolitana"
2928604;"BA";29;"nao metropolitana"
4308904;"RS";43;"metropolitana"
3107307;"MG";31;"nao metropolitana"
2906006;"BA";29;"nao metropolitana"
3162104;"MG";31;"nao metropolitana"
5103353;"MT";51;"nao metropolitana"
2914000;"BA";29;"nao metropolitana"
4102406;"PR";41;"nao metropolitana"
2302503;"CE";23;"nao metropolitana"
4116901;"PR";41;"nao metropolitana"
4205001;"SC";42;"metropolitana"
3144300;"MG";31;"nao metropolitana"
2610905;"PE";26;"nao metropolitana"
2905206;"BA";29;"nao metropolitana"
1705508;"TO";17;"nao metropolitana"
3146008;"MG";31;"nao metropolitana"
5105622;"MT";51;"nao metropolitana"
3538808;"SP";35;"nao metropolitana"
2101608;"MA";21;"nao metropolitana"
5210208;"GO";52;"nao metropolitana"
4121406;"PR";41;"nao metropolitana"
2928109;"BA";29;"metropolitana"
3202306;"ES";32;"nao metropolitana"
1709302;"TO";17;"nao metropolitana"
3157005;"MG";31;"nao metropolitana"
3112307;"MG";31;"nao metropolitana"
1502707;"PA";15;"nao metropolitana"
2305407;"CE";23;"nao metropolitana"
3113305;"MG";31;"nao metropolitana"
2807402;"SE";28;"nao metropolitana"
4113502;"PR";41;"nao metropolitana"
5218300;"GO";52;"nao metropolitana"
2411205;"RN";24;"nao metropolitana"
2101707;"MA";21;"nao metropolitana"
2929909;"BA";29;"nao metropolitana"
3100203;"MG";31;"nao metropolitana"
5005681;"MS";50;"nao metropolitana"
2312304;"CE";23;"nao metropolitana"
5208905;"GO";52;"nao metropolitana"
2601409;"PE";26;"nao metropolitana"
3168002;"MG";31;"nao metropolitana"
2513901;"PB";25;"nao metropolitana"
4206900;"SC";42;"nao metropolitana"
2512101;"PB";25;"nao metropolitana"
2105708;"MA";21;"nao metropolitana"
2906873;"BA";29;"nao metropolitana"
4320701;"RS";43;"nao metropolitana"
2203701;"PI";22;"nao metropolitana"
1707009;"TO";17;"nao metropolitana"
2202901;"PI";22;"nao metropolitana"
2111102;"MA";21;"nao metropolitana"
2907806;"BA";29;"nao metropolitana"
2507002;"PB";25;"nao metropolitana"
2103802;"MA";21;"nao metropolitana"
2211308;"PI";22;"nao metropolitana"
2200202;"PI";22;"nao metropolitana"
3500709;"SP";35;"nao metropolitana"
2702306;"AL";27;"nao metropolitana"
5002951;"MS";50;"nao metropolitana"
3505203;"SP";35;"nao metropolitana"
2110302;"MA";21;"nao metropolitana"
4120903;"PR";41;"nao metropolitana"
4309605;"RS";43;"nao metropolitana"
3172004;"MG";31;"nao metropolitana"
5102702;"MT";51;"nao metropolitana"
4312658;"RS";43;"nao metropolitana"
5213087;"GO";52;"nao metropolitana"
5214606;"GO";52;"nao metropolitana"
4128005;"PR";41;"nao metropolitana"
2611002;"PE";26;"nao metropolitana"
4216503;"SC";42;"nao metropolitana"
3526407;"SP";35;"nao metropolitana"
3151503;"MG";31;"nao metropolitana"
2927002;"BA";29;"nao metropolitana"
3537404;"SP";35;"nao metropolitana"
2211209;"PI";22;"metropolitana"
4108601;"PR";41;"nao metropolitana"
4208401;"SC";42;"metropolitana"
4115606;"PR";41;"nao metropolitana"
5001904;"MS";50;"nao metropolitana"
1716505;"TO";17;"metropolitana"
1508084;"PA";15;"nao metropolitana"
1501808;"PA";15;"nao metropolitana"
4304200;"RS";43;"nao metropolitana"
5104104;"MT";51;"nao metropolitana"
1507458;"PA";15;"metropolitana"
4307500;"RS";43;"nao metropolitana"
3302106;"RJ";33;"metropolitana"
3200805;"ES";32;"nao metropolitana"
4105904;"PR";41;"metropolitana"
1304203;"AM";13;"nao metropolitana"
2302800;"CE";23;"nao metropolitana"
3553807;"SP";35;"nao metropolitana"
5220603;"GO";52;"nao metropolitana"
5107859;"MT";51;"nao metropolitana"
3502705;"SP";35;"nao metropolitana"
4320404;"RS";43;"nao metropolitana"
4105409;"PR";41;"nao metropolitana"
3170800;"MG";31;"nao metropolitana"
3105103;"MG";31;"nao metropolitana"
3520442;"SP";35;"nao metropolitana"
4316451;"RS";43;"nao metropolitana"
2917607;"BA";29;"nao metropolitana"
4212106;"SC";42;"nao metropolitana"
5106257;"MT";51;"nao metropolitana"
4101002;"PR";41;"nao metropolitana"
4217808;"SC";42;"nao metropolitana"
5002902;"MS";50;"nao metropolitana"
4317806;"RS";43;"nao metropolitana"
3508108;"SP";35;"nao metropolitana"
2313302;"CE";23;"nao metropolitana"
1100130;"RO";11;"nao metropolitana"
4214003;"SC";42;"nao metropolitana"
4316600;"RS";43;"nao metropolitana"
4218806;"SC";42;"nao metropolitana"
4212205;"SC";42;"nao metropolitana"
2516003;"PB";25;"metropolitana"
4128500;"PR";41;"nao metropolitana"
5002100;"MS";50;"nao metropolitana"
1502301;"PA";15;"nao metropolitana"
3161106;"MG";31;"nao metropolitana"
4317905;"RS";43;"nao metropolitana"
3200102;"ES";32;"nao metropolitana"
4126603;"PR";41;"nao metropolitana"
5108600;"MT";51;"nao metropolitana"
2509701;"PB";25;"nao metropolitana"
4103909;"PR";41;"nao metropolitana"
2110500;"MA";21;"nao metropolitana"
2919504;"BA";29;"nao metropolitana"
3203007;"ES";32;"nao metropolitana"
3138807;"MG";31;"nao metropolitana"
5212204;"GO";52;"nao metropolitana"
3124203;"MG";31;"nao metropolitana"
3133501;"MG";31;"nao metropolitana"
4300109;"RS";43;"nao metropolitana"
4117107;"PR";41;"metropolitana"
3147303;"MG";31;"nao metropolitana"
5101258;"MT";51;"nao metropolitana"
4107603;"PR";41;"nao metropolitana"
2402204;"RN";24;"nao metropolitana"
2608800;"PE";26;"nao metropolitana"
1100056;"RO";11;"nao metropolitana"
2103604;"MA";21;"nao metropolitana"
2312205;"CE";23;"nao metropolitana"
2605707;"PE";26;"nao metropolitana"
4304903;"RS";43;"nao metropolitana"
5206404;"GO";52;"nao metropolitana"
4216008;"SC";42;"metropolitana"
2112506;"MA";21;"nao metropolitana"
1301407;"AM";13;"nao metropolitana"
5211206;"GO";52;"nao metropolitana"
4216701;"SC";42;"nao metropolitana"
2114007;"MA";21;"nao metropolitana"
1702208;"TO";17;"nao metropolitana"
2103406;"MA";21;"nao metropolitana"
2300309;"CE";23;"nao metropolitana"
2504306;"PB";25;"nao metropolitana"
2907301;"BA";29;"nao metropolitana"
3132503;"MG";31;"nao metropolitana"
4321402;"RS";43;"nao metropolitana"
2305001;"CE";23;"nao metropolitana"
4109302;"PR";41;"nao metropolitana"
2933604;"BA";29;"nao metropolitana"
3112604;"MG";31;"nao metropolitana"
3203502;"ES";32;"nao metropolitana"
2901007;"BA";29;"nao metropolitana"
2308104;"CE";23;"nao metropolitana"
4319406;"RS";43;"nao metropolitana"
2913200;"BA";29;"nao metropolitana"
2305803;"CE";23;"nao metropolitana"
3137809;"MG";31;"nao metropolitana"
2926301;"BA";29;"nao metropolitana"
5210901;"GO";52;"nao metropolitana"
2919801;"BA";29;"nao metropolitana"
2911204;"BA";29;"nao metropolitana"
2926004;"BA";29;"nao metropolitana"
2918100;"BA";29;"nao metropolitana"
2927200;"BA";29;"nao metropolitana"
3108008;"MG";31;"nao metropolitana"
2707305;"AL";27;"nao metropolitana"
4301206;"RS";43;"nao metropolitana"
3152204;"MG";31;"nao metropolitana"
2920502;"BA";29;"nao metropolitana"
2308500;"CE";23;"nao metropolitana"
1100064;"RO";11;"nao metropolitana"
3108602;"MG";31;"nao metropolitana"
3119104;"MG";31;"nao metropolitana"
3108305;"MG";31;"nao metropolitana"
2103505;"MA";21;"nao metropolitana"
2921708;"BA";29;"nao metropolitana"
2613602;"PE";26;"nao metropolitana"
2408904;"RN";24;"nao metropolitana"
3504206;"SP";35;"nao metropolitana"
3155801;"MG";31;"nao metropolitana"
3130903;"MG";31;"nao metropolitana"
1504059;"PA";15;"nao metropolitana"
5101308;"MT";51;"metropolitana"
3522802;"SP";35;"nao metropolitana"
2207900;"PI";22;"nao metropolitana"
2905602;"BA";29;"nao metropolitana"
4318606;"RS";43;"nao metropolitana"
4305801;"RS";43;"nao metropolitana"
3133303;"MG";31;"nao metropolitana"
5101852;"MT";51;"nao metropolitana"
2709400;"AL";27;"nao metropolitana"
2110708;"MA";21;"nao metropolitana"
2505105;"PB";25;"metropolitana"
3141801;"MG";31;"nao metropolitana"
5204904;"GO";52;"nao metropolitana"
4307302;"RS";43;"nao metropolitana"
2902807;"BA";29;"nao metropolitana"
4301404;"RS";43;"nao metropolitana"
2905008;"BA";29;"nao metropolitana"
3135803;"MG";31;"nao metropolitana"
3169703;"MG";31;"nao metropolitana"
2208304;"PI";22;"nao metropolitana"
3122009;"MG";31;"nao metropolitana"
3154309;"MG";31;"nao metropolitana"
2614600;"PE";26;"nao metropolitana"
1702554;"TO";17;"nao metropolitana"
3100906;"MG";31;"nao metropolitana"
3167103;"MG";31;"nao metropolitana"
3120805;"MG";31;"nao metropolitana"
4213401;"SC";42;"nao metropolitana"
2917102;"BA";29;"nao metropolitana"
3131208;"MG";31;"nao metropolitana"
2113009;"MA";21;"nao metropolitana"
2928208;"BA";29;"nao metropolitana"
3123205;"MG";31;"nao metropolitana"
2933000;"BA";29;"nao metropolitana"
3148707;"MG";31;"nao metropolitana"
2512309;"PB";25;"nao metropolitana"
3141405;"MG";31;"nao metropolitana"
2925808;"BA";29;"nao metropolitana"
2412500;"RN";24;"nao metropolitana"
5200803;"GO";52;"metropolitana"
2207801;"PI";22;"nao metropolitana"
2202307;"PI";22;"nao metropolitana"
2103703;"MA";21;"nao metropolitana"
4102505;"PR";41;"nao metropolitana"
4322103;"RS";43;"nao metropolitana"
4305405;"RS";43;"nao metropolitana"
2705705;"AL";27;"nao metropolitana"
2210003;"PI";22;"nao metropolitana"
3148608;"MG";31;"nao metropolitana"
2202703;"PI";22;"nao metropolitana"
3139201;"MG";31;"nao metropolitana"
3162708;"MG";31;"nao metropolitana"
2923605;"BA";29;"nao metropolitana"
4302204;"RS";43;"nao metropolitana"
2205805;"PI";22;"nao metropolitana"
3142908;"MG";31;"nao metropolitana"
3528601;"SP";35;"nao metropolitana"
5212808;"GO";52;"nao metropolitana"
2112605;"MA";21;"nao metropolitana"
3162807;"MG";31;"nao metropolitana"
2514503;"PB";25;"nao metropolitana"
4123709;"PR";41;"nao metropolitana"
2513406;"PB";25;"nao metropolitana"
2110104;"MA";21;"nao metropolitana"
2511301;"PB";25;"nao metropolitana"
2706406;"AL";27;"nao metropolitana"
2511400;"PB";25;"nao metropolitana"
2102903;"MA";21;"nao metropolitana"
2516300;"PB";25;"nao metropolitana"
4119004;"PR";41;"nao metropolitana"
3146305;"MG";31;"nao metropolitana"
4315909;"RS";43;"nao metropolitana"
2108009;"MA";21;"nao metropolitana"
2106326;"MA";21;"nao metropolitana"
2516904;"PB";25;"nao metropolitana"
2504405;"PB";25;"nao metropolitana"
2202604;"PI";22;"nao metropolitana"
2108108;"MA";21;"nao metropolitana"
2932804;"BA";29;"nao metropolitana"
2106706;"MA";21;"nao metropolitana"
2412609;"RN";24;"nao metropolitana"
2205201;"PI";22;"nao metropolitana"
3170909;"MG";31;"nao metropolitana"
4214508;"SC";42;"nao metropolitana"
4201000;"SC";42;"nao metropolitana"
2931053;"BA";29;"nao metropolitana"
2105005;"MA";21;"nao metropolitana"
3171808;"MG";31;"nao metropolitana"
2104008;"MA";21;"nao metropolitana"
5219704;"GO";52;"nao metropolitana"
2210805;"PI";22;"nao metropolitana"
3142700;"MG";31;"nao metropolitana"
3158201;"MG";31;"nao metropolitana"
1714203;"TO";17;"nao metropolitana"
2400802;"RN";24;"nao metropolitana"
3141009;"MG";31;"nao metropolitana"
2210706;"PI";22;"nao metropolitana"
2515500;"PB";25;"nao metropolitana"
2502805;"PB";25;"nao metropolitana"
1715754;"TO";17;"nao metropolitana"
2406700;"RN";24;"nao metropolitana"
2409308;"RN";24;"nao metropolitana"
3131802;"MG";31;"nao metropolitana"
3101201;"MG";31;"nao metropolitana"
2901304;"BA";29;"nao metropolitana"
3116803;"MG";31;"nao metropolitana"
2203206;"PI";22;"nao metropolitana"
3122702;"MG";31;"nao metropolitana"
2914109;"BA";29;"nao metropolitana"
2927903;"BA";29;"nao metropolitana"
2400901;"RN";24;"nao metropolitana"
3524709;"SP";35;"nao metropolitana"
3517406;"SP";35;"nao metropolitana"
3541604;"SP";35;"nao metropolitana"
3131901;"MG";31;"nao metropolitana"
5220405;"GO";52;"nao metropolitana"
1502152;"PA";15;"nao metropolitana"
5005400;"MS";50;"nao metropolitana"
5206206;"GO";52;"nao metropolitana"
3512407;"SP";35;"nao metropolitana"
3544251;"SP";35;"nao metropolitana"
3140001;"MG";31;"nao metropolitana"
3502754;"SP";35;"nao metropolitana"
2908507;"BA";29;"nao metropolitana"
3202801;"ES";32;"nao metropolitana"
3304003;"RJ";33;"nao metropolitana"
5007802;"MS";50;"nao metropolitana"
3204302;"ES";32;"nao metropolitana"
3161908;"MG";31;"nao metropolitana"
3503802;"SP";35;"metropolitana"
4119301;"PR";41;"nao metropolitana"
2404507;"RN";24;"nao metropolitana"
1505304;"PA";15;"nao metropolitana"
4114401;"PR";41;"nao metropolitana"
3505302;"SP";35;"metropolitana"
3519709;"SP";35;"nao metropolitana"
3520103;"SP";35;"metropolitana"
4103453;"PR";41;"nao metropolitana"
5007901;"MS";50;"nao metropolitana"
5003256;"MS";50;"nao metropolitana"
4104600;"PR";41;"nao metropolitana"
3506359;"SP";35;"nao metropolitana"
2928901;"BA";29;"nao metropolitana"
3169356;"MG";31;"nao metropolitana"
5006002;"MS";50;"nao metropolitana"
3518305;"SP";35;"nao metropolitana"
4115705;"PR";41;"metropolitana"
1507300;"PA";15;"nao metropolitana"
5200308;"GO";52;"nao metropolitana"
3513702;"SP";35;"nao metropolitana"
3156908;"MG";31;"nao metropolitana"
4114203;"PR";41;"nao metropolitana"
1508126;"PA";15;"nao metropolitana"
4117701;"PR";41;"nao metropolitana"
5102686;"MT";51;"nao metropolitana"
5106240;"MT";51;"nao metropolitana"
2801207;"SE";28;"nao metropolitana"
3556305;"SP";35;"metropolitana"
3518602;"SP";35;"metropolitana"
2904902;"BA";29;"metropolitana"
3303807;"RJ";33;"nao metropolitana"
5002407;"MS";50;"nao metropolitana"
3531902;"SP";35;"nao metropolitana"
3518206;"SP";35;"nao metropolitana"
3540002;"SP";35;"metropolitana"
4117305;"PR";41;"nao metropolitana"
3301504;"RJ";33;"metropolitana"
2607653;"PE";26;"metropolitana"
5107065;"MT";51;"nao metropolitana"
3553401;"SP";35;"nao metropolitana"
3303856;"RJ";33;"metropolitana"
3520301;"SP";35;"metropolitana"
5210109;"GO";52;"nao metropolitana"
3542206;"SP";35;"nao metropolitana"
5104609;"MT";51;"nao metropolitana"
4322202;"RS";43;"nao metropolitana"
1502103;"PA";15;"nao metropolitana"
3512001;"SP";35;"nao metropolitana"
1301209;"AM";13;"nao metropolitana"
3553955;"SP";35;"nao metropolitana"
3537107;"SP";35;"nao metropolitana"
2909307;"BA";29;"nao metropolitana"
5000203;"MS";50;"nao metropolitana"
3203320;"ES";32;"nao metropolitana"
3127008;"MG";31;"nao metropolitana"
4317608;"RS";43;"nao metropolitana"
3529708;"SP";35;"nao metropolitana"
3554300;"SP";35;"nao metropolitana"
5205471;"GO";52;"nao metropolitana"
4311205;"RS";43;"nao metropolitana"
5210406;"GO";52;"nao metropolitana"
3509254;"SP";35;"nao metropolitana"
3506805;"SP";35;"nao metropolitana"
3300803;"RJ";33;"nao metropolitana"
4101606;"PR";41;"nao metropolitana"
5100607;"MT";51;"nao metropolitana"
5219308;"GO";52;"nao metropolitana"
3540200;"SP";35;"nao metropolitana"
5004700;"MS";50;"nao metropolitana"
3204559;"ES";32;"nao metropolitana"
4125704;"PR";41;"nao metropolitana"
3527603;"SP";35;"nao metropolitana"
3141108;"MG";31;"metropolitana"
1508357;"PA";15;"nao metropolitana"
2412203;"RN";24;"metropolitana"
4203907;"SC";42;"metropolitana"
3304151;"RJ";33;"nao metropolitana"
2911105;"BA";29;"nao metropolitana"
3306206;"RJ";33;"nao metropolitana"
5204250;"GO";52;"nao metropolitana"
2613008;"PE";26;"nao metropolitana"
3304755;"RJ";33;"nao metropolitana"
4300901;"RS";43;"nao metropolitana"
3526001;"SP";35;"nao metropolitana"
3152808;"MG";31;"nao metropolitana"
3119302;"MG";31;"nao metropolitana"
1503903;"PA";15;"nao metropolitana"
3160702;"MG";31;"nao metropolitana"
3510005;"SP";35;"nao metropolitana"
5007109;"MS";50;"nao metropolitana"
5001003;"MS";50;"nao metropolitana"
3129509;"MG";31;"nao metropolitana"
3556404;"SP";35;"nao metropolitana"
3201407;"ES";32;"nao metropolitana"
4127502;"PR";41;"nao metropolitana"
3548005;"SP";35;"nao metropolitana"
4315701;"RS";43;"nao metropolitana"
1507953;"PA";15;"nao metropolitana"
2303501;"CE";23;"nao metropolitana"
1504703;"PA";15;"nao metropolitana"
3530201;"SP";35;"nao metropolitana"
2500601;"PB";25;"nao metropolitana"
4123501;"PR";41;"nao metropolitana"
3510807;"SP";35;"nao metropolitana"
4213104;"SC";42;"metropolitana"
3145000;"MG";31;"nao metropolitana"
3502200;"SP";35;"nao metropolitana"
3537008;"SP";35;"nao metropolitana"
5215702;"GO";52;"nao metropolitana"
5213004;"GO";52;"metropolitana"
1505064;"PA";15;"nao metropolitana"
3505807;"SP";35;"nao metropolitana"
5101902;"MT";51;"nao metropolitana"
5216403;"GO";52;"nao metropolitana"
5203302;"GO";52;"nao metropolitana"
3550407;"SP";35;"metropolitana"
5204300;"GO";52;"nao metropolitana"
4126272;"PR";41;"nao metropolitana"
2925204;"BA";29;"nao metropolitana"
3117504;"MG";31;"nao metropolitana"
1500206;"PA";15;"nao metropolitana"
2402600;"RN";24;"nao metropolitana"
2708105;"AL";27;"nao metropolitana"
5108006;"MT";51;"nao metropolitana"
3117306;"MG";31;"nao metropolitana"
3521804;"SP";35;"nao metropolitana"
2929305;"BA";29;"nao metropolitana"
5203500;"GO";52;"nao metropolitana"
3500303;"SP";35;"nao metropolitana"
3151602;"MG";31;"metropolitana"
1506708;"PA";15;"nao metropolitana"
4217501;"SC";42;"nao metropolitana"
5106307;"MT";51;"nao metropolitana"
2308708;"CE";23;"nao metropolitana"
2803203;"SE";28;"nao metropolitana"
4216305;"SC";42;"nao metropolitana"
4109609;"PR";41;"nao metropolitana"
3552106;"SP";35;"nao metropolitana"
3147402;"MG";31;"metropolitana"
5217104;"GO";52;"nao metropolitana"
4319604;"RS";43;"nao metropolitana"
3540903;"SP";35;"nao metropolitana"
5106372;"MT";51;"nao metropolitana"
2928802;"BA";29;"nao metropolitana"
4300802;"RS";43;"metropolitana"
4211751;"SC";42;"metropolitana"
2933208;"BA";29;"metropolitana"
3304805;"RJ";33;"nao metropolitana"
4111902;"PR";41;"nao metropolitana"
3547601;"SP";35;"nao metropolitana"
5213756;"GO";52;"nao metropolitana"
4309001;"RS";43;"nao metropolitana"
4110102;"PR";41;"nao metropolitana"
3133006;"MG";31;"nao metropolitana"
3529609;"SP";35;"nao metropolitana"
5207402;"GO";52;"nao metropolitana"
3200409;"ES";32;"nao metropolitana"
1713205;"TO";17;"metropolitana"
4313201;"RS";43;"nao metropolitana"
3514304;"SP";35;"nao metropolitana"
3114303;"MG";31;"nao metropolitana"
1505809;"PA";15;"nao metropolitana"
3157203;"MG";31;"nao metropolitana"
4119103;"PR";41;"nao metropolitana"
4321303;"RS";43;"nao metropolitana"
3159803;"MG";31;"nao metropolitana"
3201902;"ES";32;"nao metropolitana"
5101407;"MT";51;"nao metropolitana"
2704500;"AL";27;"metropolitana"
3511409;"SP";35;"nao metropolitana"
4101101;"PR";41;"nao metropolitana"
4119400;"PR";41;"nao metropolitana"
3514106;"SP";35;"nao metropolitana"
4208104;"SC";42;"nao metropolitana"
3300506;"RJ";33;"nao metropolitana"
4124400;"PR";41;"metropolitana"
3152006;"MG";31;"nao metropolitana"
1504802;"PA";15;"nao metropolitana"
3536604;"SP";35;"metropolitana"
3507902;"SP";35;"nao metropolitana"
2700409;"AL";27;"nao metropolitana"
4312906;"RS";43;"nao metropolitana"
3109303;"MG";31;"nao metropolitana"
3551603;"SP";35;"nao metropolitana"
4106605;"PR";41;"nao metropolitana"
1508308;"PA";15;"nao metropolitana"
4205803;"SC";42;"nao metropolitana"
3149804;"MG";31;"nao metropolitana"
1507607;"PA";15;"nao metropolitana"
1500404;"PA";15;"nao metropolitana"
1502806;"PA";15;"nao metropolitana"
4103602;"PR";41;"nao metropolitana"
5107305;"MT";51;"nao metropolitana"
1502939;"PA";15;"nao metropolitana"
4124806;"PR";41;"nao metropolitana"
5004502;"MS";50;"nao metropolitana"
3169604;"MG";31;"nao metropolitana"
3550209;"SP";35;"nao metropolitana"
1301308;"AM";13;"nao metropolitana"
3151404;"MG";31;"metropolitana"
2313500;"CE";23;"nao metropolitana"
3535804;"SP";35;"nao metropolitana"
4127403;"PR";41;"nao metropolitana"
3157708;"MG";31;"nao metropolitana"
2601904;"PE";26;"nao metropolitana"
1508001;"PA";15;"nao metropolitana"
4319000;"RS";43;"nao metropolitana"
3512209;"SP";35;"nao metropolitana"
1301852;"AM";13;"nao metropolitana"
2302206;"CE";23;"nao metropolitana"
5002209;"MS";50;"nao metropolitana"
5204409;"GO";52;"nao metropolitana"
4316709;"RS";43;"nao metropolitana"
3105400;"MG";31;"nao metropolitana"
3162005;"MG";31;"nao metropolitana"
4120002;"PR";41;"nao metropolitana"
3519105;"SP";35;"nao metropolitana"
1506500;"PA";15;"nao metropolitana"
4311007;"RS";43;"nao metropolitana"
5000856;"MS";50;"nao metropolitana"
3531407;"SP";35;"nao metropolitana"
4318200;"RS";43;"nao metropolitana"
3528007;"SP";35;"nao metropolitana"
4106506;"PR";41;"nao metropolitana"
5103007;"MT";51;"nao metropolitana"
3547502;"SP";35;"nao metropolitana"
4102109;"PR";41;"nao metropolitana"
3533007;"SP";35;"metropolitana"
5104526;"MT";51;"nao metropolitana"
5007935;"MS";50;"nao metropolitana"
5106232;"MT";51;"nao metropolitana"
4208450;"SC";42;"nao metropolitana"
3129707;"MG";31;"nao metropolitana"
5004601;"MS";50;"nao metropolitana"
5200134;"GO";52;"nao metropolitana"
3535309;"SP";35;"nao metropolitana"
1505106;"PA";15;"nao metropolitana"
3551900;"SP";35;"nao metropolitana"
3530102;"SP";35;"nao metropolitana"
4106308;"PR";41;"nao metropolitana"
4316303;"RS";43;"nao metropolitana"
5105606;"MT";51;"nao metropolitana"
3522901;"SP";35;"nao metropolitana"
3500501;"SP";35;"metropolitana"
4200101;"SC";42;"nao metropolitana"
4113908;"PR";41;"nao metropolitana"
3155504;"MG";31;"nao metropolitana"
3514908;"SP";35;"nao metropolitana"
3537909;"SP";35;"nao metropolitana"
3511003;"SP";35;"nao metropolitana"
3545506;"SP";35;"nao metropolitana"
1502772;"PA";15;"nao metropolitana"
5209952;"GO";52;"metropolitana"
4217006;"SC";42;"nao metropolitana"
3130705;"MG";31;"nao metropolitana"
5100409;"MT";51;"nao metropolitana"
2907202;"BA";29;"nao metropolitana"
5001243;"MS";50;"nao metropolitana"
1100452;"RO";11;"nao metropolitana"
2300200;"CE";23;"nao metropolitana"
2615409;"PE";26;"nao metropolitana"
3515202;"SP";35;"nao metropolitana"
3521705;"SP";35;"nao metropolitana"
2916302;"BA";29;"nao metropolitana"
3116605;"MG";31;"nao metropolitana"
3142809;"MG";31;"nao metropolitana"
4105300;"PR";41;"nao metropolitana"
4204558;"SC";42;"nao metropolitana"
3536406;"SP";35;"nao metropolitana"
3171006;"MG";31;"nao metropolitana"
3140704;"MG";31;"nao metropolitana"
2104800;"MA";21;"nao metropolitana"
4126504;"PR";41;"nao metropolitana"
4121703;"PR";41;"nao metropolitana"
1504455;"PA";15;"nao metropolitana"
3535002;"SP";35;"nao metropolitana"
4306908;"RS";43;"nao metropolitana"
3162948;"MG";31;"nao metropolitana"
3113206;"MG";31;"nao metropolitana"
2614204;"PE";26;"nao metropolitana"
3529203;"SP";35;"nao metropolitana"
3521903;"SP";35;"nao metropolitana"
1505031;"PA";15;"nao metropolitana"
2110005;"MA";21;"nao metropolitana"
3508603;"SP";35;"nao metropolitana"
3204708;"ES";32;"nao metropolitana"
3123601;"MG";31;"nao metropolitana"
2515302;"PB";25;"nao metropolitana"
5103304;"MT";51;"nao metropolitana"
3302809;"RJ";33;"metropolitana"
2105401;"MA";21;"nao metropolitana"
4218509;"SC";42;"nao metropolitana"
3509403;"SP";35;"nao metropolitana"
1303536;"AM";13;"nao metropolitana"
1100098;"RO";11;"nao metropolitana"
4316006;"RS";43;"nao metropolitana"
2407203;"RN";24;"nao metropolitana"
3205069;"ES";32;"nao metropolitana"
3111101;"MG";31;"nao metropolitana"
2414407;"RN";24;"nao metropolitana"
1505437;"PA";15;"nao metropolitana"
4210001;"SC";42;"nao metropolitana"
1501782;"PA";15;"nao metropolitana"
5105903;"MT";51;"nao metropolitana"
5107008;"MT";51;"nao metropolitana"
3517604;"SP";35;"nao metropolitana"
4114005;"PR";41;"nao metropolitana"
3516903;"SP";35;"nao metropolitana"
3110509;"MG";31;"nao metropolitana"
5107768;"MT";51;"nao metropolitana"
5108501;"MT";51;"nao metropolitana"
4101200;"PR";41;"nao metropolitana"
4112801;"PR";41;"nao metropolitana"
4302352;"RS";43;"nao metropolitana"
3135050;"MG";31;"nao metropolitana"
1505486;"PA";15;"nao metropolitana"
4116703;"PR";41;"nao metropolitana"
1506187;"PA";15;"nao metropolitana"
4211009;"SC";42;"nao metropolitana"
2907509;"BA";29;"nao metropolitana"
3528809;"SP";35;"nao metropolitana"
1100320;"RO";11;"nao metropolitana"
5220207;"GO";52;"nao metropolitana"
5107800;"MT";51;"nao metropolitana"
4204707;"SC";42;"nao metropolitana"
4312617;"RS";43;"nao metropolitana"
1503705;"PA";15;"nao metropolitana"
5106505;"MT";51;"nao metropolitana"
4210605;"SC";42;"nao metropolitana"
4211504;"SC";42;"nao metropolitana"
3540804;"SP";35;"nao metropolitana"
1716604;"TO";17;"nao metropolitana"
1400472;"RR";14;"nao metropolitana"
2401453;"RN";24;"nao metropolitana"
3536208;"SP";35;"nao metropolitana"
1508159;"PA";15;"nao metropolitana"
4110409;"PR";41;"nao metropolitana"
3147204;"MG";31;"nao metropolitana"
2902906;"BA";29;"nao metropolitana"
3134905;"MG";31;"nao metropolitana"
2704203;"AL";27;"nao metropolitana"
4301305;"RS";43;"nao metropolitana"
2401107;"RN";24;"nao metropolitana"
1301704;"AM";13;"nao metropolitana"
4107256;"PR";41;"nao metropolitana"
3531506;"SP";35;"nao metropolitana"
4213708;"SC";42;"nao metropolitana"
2102325;"MA";21;"nao metropolitana"
1501907;"PA";15;"nao metropolitana"
2910602;"BA";29;"nao metropolitana"
2112001;"MA";21;"nao metropolitana"
3553302;"SP";35;"nao metropolitana"
3203056;"ES";32;"nao metropolitana"
3160405;"MG";31;"nao metropolitana"
1503804;"PA";15;"nao metropolitana"
1505205;"PA";15;"nao metropolitana"
4118105;"PR";41;"metropolitana"
4104428;"PR";41;"nao metropolitana"
3133758;"MG";31;"nao metropolitana"
3200201;"ES";32;"nao metropolitana"
5002308;"MS";50;"nao metropolitana"
3205010;"ES";32;"nao metropolitana"
5006275;"MS";50;"nao metropolitana"
3111606;"MG";31;"nao metropolitana"
2807105;"SE";28;"nao metropolitana"
3505609;"SP";35;"nao metropolitana"
4121802;"PR";41;"nao metropolitana"
1503457;"PA";15;"nao metropolitana"
4122008;"PR";41;"nao metropolitana"
4111209;"PR";41;"nao metropolitana"
4319158;"RS";43;"nao metropolitana"
1100015;"RO";11;"nao metropolitana"
1302702;"AM";13;"nao metropolitana"
2602100;"PE";26;"nao metropolitana"
3303005;"RJ";33;"nao metropolitana"
1200500;"AC";12;"nao metropolitana"
3144607;"MG";31;"nao metropolitana"
2926202;"BA";29;"nao metropolitana"
2923001;"BA";29;"nao metropolitana"
2106755;"MA";21;"nao metropolitana"
3533601;"SP";35;"nao metropolitana"
2925105;"BA";29;"nao metropolitana"
5106422;"MT";51;"nao metropolitana"
2910503;"BA";29;"nao metropolitana"
3301207;"RJ";33;"nao metropolitana"
4105706;"PR";41;"nao metropolitana"
5005608;"MS";50;"nao metropolitana"
5103254;"MT";51;"nao metropolitana"
3501004;"SP";35;"nao metropolitana"
5008008;"MS";50;"nao metropolitana"
3153400;"MG";31;"nao metropolitana"
5215306;"GO";52;"nao metropolitana"
2609501;"PE";26;"nao metropolitana"
5214002;"GO";52;"nao metropolitana"
3144102;"MG";31;"nao metropolitana"
1507979;"PA";15;"nao metropolitana"
4125100;"PR";41;"nao metropolitana"
4208807;"SC";42;"nao metropolitana"
3305158;"RJ";33;"nao metropolitana"
3546306;"SP";35;"nao metropolitana"
3118205;"MG";31;"nao metropolitana"
2905404;"BA";29;"nao metropolitana"
3541703;"SP";35;"nao metropolitana"
2306900;"CE";23;"nao metropolitana"
4300505;"RS";43;"nao metropolitana"
3203403;"ES";32;"nao metropolitana"
1711902;"TO";17;"nao metropolitana"
4102802;"PR";41;"nao metropolitana"
4126306;"PR";41;"nao metropolitana"
4126801;"PR";41;"nao metropolitana"
4305454;"RS";43;"metropolitana"
5205901;"GO";52;"nao metropolitana"
4101705;"PR";41;"nao metropolitana"
5217708;"GO";52;"nao metropolitana"
2408300;"RN";24;"nao metropolitana"
3550902;"SP";35;"nao metropolitana"
3524600;"SP";35;"nao metropolitana"
1303569;"AM";13;"nao metropolitana"
4322251;"RS";43;"nao metropolitana"
3114402;"MG";31;"nao metropolitana"
3538600;"SP";35;"nao metropolitana"
2913705;"BA";29;"nao metropolitana"
3526209;"SP";35;"nao metropolitana"
4315800;"RS";43;"nao metropolitana"
3555356;"SP";35;"nao metropolitana"
4305306;"RS";43;"nao metropolitana"
3508801;"SP";35;"nao metropolitana"
3515152;"SP";35;"nao metropolitana"
4318101;"RS";43;"nao metropolitana"
3143203;"MG";31;"nao metropolitana"
3538907;"SP";35;"metropolitana"
2612604;"PE";26;"nao metropolitana"
2701407;"AL";27;"nao metropolitana"
1302405;"AM";13;"nao metropolitana"
2306553;"CE";23;"nao metropolitana"
1500347;"PA";15;"nao metropolitana"
3204609;"ES";32;"nao metropolitana"
2204501;"PI";22;"nao metropolitana"
5220504;"GO";52;"nao metropolitana"
1200609;"AC";12;"nao metropolitana"
2400703;"RN";24;"nao metropolitana"
5007406;"MS";50;"nao metropolitana"
2708501;"AL";27;"nao metropolitana"
3139508;"MG";31;"nao metropolitana"
2931905;"BA";29;"nao metropolitana"
5105507;"MT";51;"nao metropolitana"
3534757;"SP";35;"nao metropolitana"
5103452;"MT";51;"nao metropolitana"
2300754;"CE";23;"nao metropolitana"
2706901;"AL";27;"nao metropolitana"
5216452;"GO";52;"nao metropolitana"
3201605;"ES";32;"nao metropolitana"
4302709;"RS";43;"nao metropolitana"
4315305;"RS";43;"nao metropolitana"
2401008;"RN";24;"nao metropolitana"
1100338;"RO";11;"nao metropolitana"
2925501;"BA";29;"nao metropolitana"
3529906;"SP";35;"nao metropolitana"
3204104;"ES";32;"nao metropolitana"
2310209;"CE";23;"nao metropolitana"
1506203;"PA";15;"nao metropolitana"
5218904;"GO";52;"nao metropolitana"
4313656;"RS";43;"nao metropolitana"
2611804;"PE";26;"nao metropolitana"
4314472;"RS";43;"nao metropolitana"
2109809;"MA";21;"metropolitana"
2310258;"CE";23;"nao metropolitana"
3101102;"MG";31;"nao metropolitana"
5005251;"MS";50;"nao metropolitana"
2803005;"SE";28;"nao metropolitana"
5201306;"GO";52;"nao metropolitana"
2606101;"PE";26;"nao metropolitana"
3543006;"SP";35;"nao metropolitana"
1506161;"PA";15;"nao metropolitana"
3166808;"MG";31;"nao metropolitana"
5108907;"MT";51;"nao metropolitana"
3204351;"ES";32;"nao metropolitana"
2930204;"BA";29;"nao metropolitana"
3517703;"SP";35;"nao metropolitana"
5106299;"MT";51;"nao metropolitana"
3519808;"SP";35;"nao metropolitana"
2603207;"PE";26;"metropolitana"
3143401;"MG";31;"nao metropolitana"
3523602;"SP";35;"nao metropolitana"
4311155;"RS";43;"nao metropolitana"
5003801;"MS";50;"nao metropolitana"
3305604;"RJ";33;"nao metropolitana"
2506004;"PB";25;"nao metropolitana"
4205308;"SC";42;"nao metropolitana"
4315503;"RS";43;"nao metropolitana"
3133105;"MG";31;"nao metropolitana"
4204004;"SC";42;"nao metropolitana"
2920601;"BA";29;"nao metropolitana"
2112803;"MA";21;"nao metropolitana"
3111408;"MG";31;"nao metropolitana"
3140902;"MG";31;"nao metropolitana"
4115408;"PR";41;"nao metropolitana"
5007554;"MS";50;"nao metropolitana"
3149903;"MG";31;"nao metropolitana"
2313609;"CE";23;"nao metropolitana"
5004304;"MS";50;"nao metropolitana"
4127205;"PR";41;"nao metropolitana"
2709152;"AL";27;"nao metropolitana"
4107504;"PR";41;"nao metropolitana"
3547700;"SP";35;"nao metropolitana"
3532009;"SP";35;"nao metropolitana"
4321006;"RS";43;"nao metropolitana"
1302900;"AM";13;"nao metropolitana"
4110508;"PR";41;"nao metropolitana"
5002605;"MS";50;"nao metropolitana"
2701100;"AL";27;"nao metropolitana"
4101903;"PR";41;"nao metropolitana"
2111607;"MA";21;"nao metropolitana"
2616308;"PE";26;"nao metropolitana"
5204805;"GO";52;"nao metropolitana"
2906907;"BA";29;"nao metropolitana"
4217907;"SC";42;"nao metropolitana"
5200555;"GO";52;"nao metropolitana"
2902104;"BA";29;"nao metropolitana"
2921906;"BA";29;"nao metropolitana"
1100254;"RO";11;"nao metropolitana"
4203303;"SC";42;"nao metropolitana"
3507407;"SP";35;"nao metropolitana"
3133402;"MG";31;"nao metropolitana"
4318507;"RS";43;"nao metropolitana"
4201257;"SC";42;"nao metropolitana"
2930774;"BA";29;"nao metropolitana"
4314464;"RS";43;"nao metropolitana"
3508009;"SP";35;"nao metropolitana"
3114204;"MG";31;"nao metropolitana"
1504000;"PA";15;"nao metropolitana"
4308102;"RS";43;"nao metropolitana"
2313807;"CE";23;"nao metropolitana"
3205036;"ES";32;"nao metropolitana"
3114501;"MG";31;"nao metropolitana"
2314102;"CE";23;"nao metropolitana"
3162906;"MG";31;"nao metropolitana"
3203346;"ES";32;"nao metropolitana"
4127965;"PR";41;"nao metropolitana"
5103056;"MT";51;"nao metropolitana"
5104203;"MT";51;"nao metropolitana"
2304707;"CE";23;"nao metropolitana"
4124509;"PR";41;"nao metropolitana"
1503093;"PA";15;"nao metropolitana"
3128303;"MG";31;"nao metropolitana"
5222005;"GO";52;"nao metropolitana"
3126703;"MG";31;"nao metropolitana"
2602803;"PE";26;"nao metropolitana"
5214838;"GO";52;"nao metropolitana"
2311603;"CE";23;"metropolitana"
5103700;"MT";51;"nao metropolitana"
5107792;"MT";51;"nao metropolitana"
2916500;"BA";29;"nao metropolitana"
3305703;"RJ";33;"nao metropolitana"
2307007;"CE";23;"nao metropolitana"
2603009;"PE";26;"nao metropolitana"
4122503;"PR";41;"nao metropolitana"
5107941;"MT";51;"nao metropolitana"
1708205;"TO";17;"nao metropolitana"
2408805;"RN";24;"nao metropolitana"
2302404;"CE";23;"nao metropolitana"
3520905;"SP";35;"nao metropolitana"
3551801;"SP";35;"nao metropolitana"
1503309;"PA";15;"nao metropolitana"
2310704;"CE";23;"nao metropolitana"
1508209;"PA";15;"nao metropolitana"
5106216;"MT";51;"nao metropolitana"
3511607;"SP";35;"nao metropolitana"
2605103;"PE";26;"nao metropolitana"
2602308;"PE";26;"nao metropolitana"
2704005;"AL";27;"nao metropolitana"
4115358;"PR";41;"nao metropolitana"
3548054;"SP";35;"metropolitana"
3155702;"MG";31;"nao metropolitana"
4110953;"PR";41;"nao metropolitana"
5106281;"MT";51;"nao metropolitana"
3139607;"MG";31;"nao metropolitana"
4215505;"SC";42;"nao metropolitana"
4312708;"RS";43;"nao metropolitana"
4110607;"PR";41;"nao metropolitana"
5103858;"MT";51;"nao metropolitana"
4214201;"SC";42;"nao metropolitana"
3515400;"SP";35;"nao metropolitana"
3113701;"MG";31;"nao metropolitana"
4114500;"PR";41;"nao metropolitana"
3544202;"SP";35;"metropolitana"
3130309;"MG";31;"nao metropolitana"
4118907;"PR";41;"nao metropolitana"
3521309;"SP";35;"nao metropolitana"
1600501;"AP";16;"nao metropolitana"
5106802;"MT";51;"nao metropolitana"
5217203;"GO";52;"nao metropolitana"
4127601;"PR";41;"nao metropolitana"
5107107;"MT";51;"nao metropolitana"
4122701;"PR";41;"nao metropolitana"
3519501;"SP";35;"nao metropolitana"
3200300;"ES";32;"nao metropolitana"
2902708;"BA";29;"nao metropolitana"
3204203;"ES";32;"nao metropolitana"
3111507;"MG";31;"nao metropolitana"
1600238;"AP";16;"nao metropolitana"
3556909;"SP";35;"nao metropolitana"
3101904;"MG";31;"nao metropolitana"
5217302;"GO";52;"nao metropolitana"
2201200;"PI";22;"nao metropolitana"
3115102;"MG";31;"nao metropolitana"
4305009;"RS";43;"nao metropolitana"
2200400;"PI";22;"nao metropolitana"
3526100;"SP";35;"nao metropolitana"
2917359;"BA";29;"nao metropolitana"
3124807;"MG";31;"nao metropolitana"
1200450;"AC";12;"nao metropolitana"
5222054;"GO";52;"nao metropolitana"
5002001;"MS";50;"nao metropolitana"
2412559;"RN";24;"nao metropolitana"
4314605;"RS";43;"nao metropolitana"
2101251;"MA";21;"nao metropolitana"
3202108;"ES";32;"nao metropolitana"
3203130;"ES";32;"nao metropolitana"
3144003;"MG";31;"nao metropolitana"
4305702;"RS";43;"nao metropolitana"
4316501;"RS";43;"metropolitana"
1506195;"PA";15;"nao metropolitana"
1200302;"AC";12;"nao metropolitana"
4123006;"PR";41;"nao metropolitana"
4321105;"RS";43;"nao metropolitana"
2102804;"MA";21;"metropolitana"
3111002;"MG";31;"nao metropolitana"
2708808;"AL";27;"nao metropolitana"
2927705;"BA";29;"nao metropolitana"
5103601;"MT";51;"nao metropolitana"
3556107;"SP";35;"nao metropolitana"
5107248;"MT";51;"nao metropolitana"
2905800;"BA";29;"nao metropolitana"
3556008;"SP";35;"nao metropolitana"
3137502;"MG";31;"nao metropolitana"
4219176;"SC";42;"nao metropolitana"
1501204;"PA";15;"nao metropolitana"
3128600;"MG";31;"nao metropolitana"
2908309;"BA";29;"metropolitana"
3504404;"SP";35;"nao metropolitana"
2611309;"PE";26;"nao metropolitana"
1507904;"PA";15;"metropolitana"
3304409;"RJ";33;"nao metropolitana"
4100509;"PR";41;"nao metropolitana"
3300902;"RJ";33;"nao metropolitana"
1503200;"PA";15;"nao metropolitana"
4112959;"PR";41;"nao metropolitana"
3508207;"SP";35;"nao metropolitana"
2928000;"BA";29;"nao metropolitana"
2703205;"AL";27;"nao metropolitana"
2914406;"BA";29;"nao metropolitana"
4116059;"PR";41;"nao metropolitana"
2914653;"BA";29;"nao metropolitana"
3301157;"RJ";33;"nao metropolitana"
3302056;"RJ";33;"nao metropolitana"
3109709;"MG";31;"nao metropolitana"
4302303;"RS";43;"nao metropolitana"
2308401;"CE";23;"nao metropolitana"
3202454;"ES";32;"nao metropolitana"
4312500;"RS";43;"nao metropolitana"
3111804;"MG";31;"nao metropolitana"
4127304;"PR";41;"nao metropolitana"
4127007;"PR";41;"nao metropolitana"
4216107;"SC";42;"nao metropolitana"
2602605;"PE";26;"nao metropolitana"
3517901;"SP";35;"nao metropolitana"
2917300;"BA";29;"nao metropolitana"
4105607;"PR";41;"nao metropolitana"
4207908;"SC";42;"nao metropolitana"
4121505;"PR";41;"nao metropolitana"
5003751;"MS";50;"nao metropolitana"
2211100;"PI";22;"nao metropolitana"
4118006;"PR";41;"nao metropolitana"
2311504;"CE";23;"nao metropolitana"
5001508;"MS";50;"nao metropolitana"
3512308;"SP";35;"nao metropolitana"
4127957;"PR";41;"nao metropolitana"
1400209;"RR";14;"nao metropolitana"
3110905;"MG";31;"nao metropolitana"
1502954;"PA";15;"nao metropolitana"
2613107;"PE";26;"nao metropolitana"
3130200;"MG";31;"nao metropolitana"
4123907;"PR";41;"nao metropolitana"
2932200;"BA";29;"metropolitana"
3544905;"SP";35;"nao metropolitana"
2600708;"PE";26;"nao metropolitana"
2314003;"CE";23;"nao metropolitana"
3124005;"MG";31;"nao metropolitana"
2933505;"BA";29;"nao metropolitana"
2404200;"RN";24;"nao metropolitana"
3137700;"MG";31;"nao metropolitana"
4320206;"RS";43;"nao metropolitana"
4112751;"PR";41;"nao metropolitana"
1101492;"RO";11;"nao metropolitana"
4209607;"SC";42;"nao metropolitana"
1507201;"PA";15;"nao metropolitana"
4200408;"SC";42;"nao metropolitana"
3304102;"RJ";33;"nao metropolitana"
4306007;"RS";43;"nao metropolitana"
2602209;"PE";26;"nao metropolitana"
1500305;"PA";15;"nao metropolitana"
5206909;"GO";52;"nao metropolitana"
2108504;"MA";21;"nao metropolitana"
3147600;"MG";31;"nao metropolitana"
1600535;"AP";16;"nao metropolitana"
1100940;"RO";11;"nao metropolitana"
1503044;"PA";15;"nao metropolitana"
4107108;"PR";41;"nao metropolitana"
4301909;"RS";43;"nao metropolitana"
3105905;"MG";31;"nao metropolitana"
3550803;"SP";35;"nao metropolitana"
3532900;"SP";35;"nao metropolitana"
4316105;"RS";43;"nao metropolitana"
2600500;"PE";26;"nao metropolitana"
3138625;"MG";31;"nao metropolitana"
3506706;"SP";35;"nao metropolitana"
2801306;"SE";28;"nao metropolitana"
2609709;"PE";26;"nao metropolitana"
1507003;"PA";15;"nao metropolitana"
5006903;"MS";50;"nao metropolitana"
4117222;"PR";41;"nao metropolitana"
2912202;"BA";29;"nao metropolitana"
2921500;"BA";29;"nao metropolitana"
2104552;"MA";21;"nao metropolitana"
3552551;"SP";35;"nao metropolitana"
3532405;"SP";35;"nao metropolitana"
3144706;"MG";31;"nao metropolitana"
1508050;"PA";15;"nao metropolitana"
4207700;"SC";42;"nao metropolitana"
1500859;"PA";15;"nao metropolitana"
1500909;"PA";15;"nao metropolitana"
2906303;"BA";29;"nao metropolitana"
3508702;"SP";35;"nao metropolitana"
4305900;"RS";43;"nao metropolitana"
1300706;"AM";13;"nao metropolitana"
4118808;"PR";41;"nao metropolitana"
1100148;"RO";11;"nao metropolitana"
2807600;"SE";28;"nao metropolitana"
4302907;"RS";43;"nao metropolitana"
3203700;"ES";32;"nao metropolitana"
4106803;"PR";41;"nao metropolitana"
2307403;"CE";23;"metropolitana"
2503001;"PB";25;"nao metropolitana"
3112000;"MG";31;"nao metropolitana"
2109601;"MA";21;"nao metropolitana"
5107701;"MT";51;"nao metropolitana"
2916856;"BA";29;"nao metropolitana"
2111508;"MA";21;"nao metropolitana"
3114550;"MG";31;"nao metropolitana"
4127858;"PR";41;"nao metropolitana"
4317707;"RS";43;"nao metropolitana"
5105200;"MT";51;"nao metropolitana"
4121208;"PR";41;"nao metropolitana"
3159902;"MG";31;"nao metropolitana"
2921104;"BA";29;"nao metropolitana"
5201504;"GO";52;"nao metropolitana"
4117255;"PR";41;"nao metropolitana"
4116208;"PR";41;"nao metropolitana"
4104402;"PR";41;"nao metropolitana"
5203906;"GO";52;"nao metropolitana"
5107354;"MT";51;"nao metropolitana"
3140506;"MG";31;"nao metropolitana"
4301503;"RS";43;"nao metropolitana"
1500958;"PA";15;"nao metropolitana"
1600154;"AP";16;"nao metropolitana"
4119806;"PR";41;"nao metropolitana"
3536000;"SP";35;"nao metropolitana"
4108502;"PR";41;"nao metropolitana"
1506583;"PA";15;"nao metropolitana"
1304302;"AM";13;"nao metropolitana"
2205508;"PI";22;"nao metropolitana"
2413359;"RN";24;"nao metropolitana"
1703867;"TO";17;"nao metropolitana"
3154002;"MG";31;"nao metropolitana"
1301159;"AM";13;"nao metropolitana"
4312807;"RS";43;"nao metropolitana"
3110707;"MG";31;"nao metropolitana"
3556800;"SP";35;"nao metropolitana"
3552304;"SP";35;"nao metropolitana"
4102901;"PR";41;"nao metropolitana"
2615607;"PE";26;"nao metropolitana"
2112407;"MA";21;"nao metropolitana"
2312700;"CE";23;"nao metropolitana"
3553609;"SP";35;"nao metropolitana"
3204054;"ES";32;"nao metropolitana"
2800670;"SE";28;"nao metropolitana"
3555109;"SP";35;"metropolitana"
4208708;"SC";42;"nao metropolitana"
2917706;"BA";29;"nao metropolitana"
4100202;"PR";41;"metropolitana"
4302501;"RS";43;"nao metropolitana"
2608503;"PE";26;"nao metropolitana"
3202603;"ES";32;"nao metropolitana"
2702900;"AL";27;"nao metropolitana"
5200100;"GO";52;"nao metropolitana"
2932507;"BA";29;"nao metropolitana"
1300300;"AM";13;"nao metropolitana"
4309506;"RS";43;"nao metropolitana"
1100403;"RO";11;"nao metropolitana"
3510302;"SP";35;"nao metropolitana"
2414209;"RN";24;"nao metropolitana"
5220009;"GO";52;"nao metropolitana"
4308458;"RS";43;"nao metropolitana"
5213707;"GO";52;"nao metropolitana"
5205513;"GO";52;"nao metropolitana"
4314506;"RS";43;"nao metropolitana"
3146503;"MG";31;"nao metropolitana"
4123808;"PR";41;"nao metropolitana"
2100600;"MA";21;"nao metropolitana"
3532603;"SP";35;"nao metropolitana"
2903409;"BA";29;"nao metropolitana"
2614105;"PE";26;"nao metropolitana"
4111407;"PR";41;"nao metropolitana"
3532827;"SP";35;"nao metropolitana"
2112704;"MA";21;"nao metropolitana"
2923803;"BA";29;"nao metropolitana"
3504305;"SP";35;"nao metropolitana"
4300059;"RS";43;"nao metropolitana"
3164605;"MG";31;"nao metropolitana"
2804607;"SE";28;"nao metropolitana"
4217303;"SC";42;"nao metropolitana"
2313104;"CE";23;"nao metropolitana"
2112902;"MA";21;"nao metropolitana"
2917003;"BA";29;"nao metropolitana"
2901106;"BA";29;"nao metropolitana"
2930154;"BA";29;"nao metropolitana"
1504604;"PA";15;"nao metropolitana"
1506005;"PA";15;"nao metropolitana"
2102002;"MA";21;"nao metropolitana"
4313102;"RS";43;"nao metropolitana"
4202602;"SC";42;"nao metropolitana"
3145109;"MG";31;"nao metropolitana"
3127800;"MG";31;"nao metropolitana"
4104709;"PR";41;"nao metropolitana"
3104601;"MG";31;"nao metropolitana"
4128609;"PR";41;"nao metropolitana"
2614857;"PE";26;"nao metropolitana"
3536109;"SP";35;"nao metropolitana"
4206405;"SC";42;"nao metropolitana"
2112308;"MA";21;"nao metropolitana"
4214706;"SC";42;"nao metropolitana"
4108205;"PR";41;"nao metropolitana"
4122156;"PR";41;"nao metropolitana"
5200175;"GO";52;"nao metropolitana"
2608750;"PE";26;"nao metropolitana"
3124302;"MG";31;"nao metropolitana"
4304655;"RS";43;"nao metropolitana"
3106903;"MG";31;"metropolitana"
2511905;"PB";25;"nao metropolitana"
1703842;"TO";17;"nao metropolitana"
1100924;"RO";11;"nao metropolitana"
2100501;"MA";21;"metropolitana"
4126009;"PR";41;"metropolitana"
2611903;"PE";26;"nao metropolitana"
3169000;"MG";31;"nao metropolitana"
4216800;"SC";42;"nao metropolitana"
2806008;"SE";28;"nao metropolitana"
4105003;"PR";41;"nao metropolitana"
2307809;"CE";23;"nao metropolitana"
3539608;"SP";35;"nao metropolitana"
5005152;"MS";50;"nao metropolitana"
4313953;"RS";43;"nao metropolitana"
4200705;"SC";42;"nao metropolitana"
4120507;"PR";41;"nao metropolitana"
5204003;"GO";52;"nao metropolitana"
1303809;"AM";13;"nao metropolitana"
1700707;"TO";17;"nao metropolitana"
1400308;"RR";14;"nao metropolitana"
2706802;"AL";27;"nao metropolitana"
4115754;"PR";41;"nao metropolitana"
4100608;"PR";41;"nao metropolitana"
4309902;"RS";43;"nao metropolitana"
3519006;"SP";35;"nao metropolitana"
2105427;"MA";21;"nao metropolitana"
4118709;"PR";41;"nao metropolitana"
3513900;"SP";35;"nao metropolitana"
4322301;"RS";43;"nao metropolitana"
2909901;"BA";29;"nao metropolitana"
5205455;"GO";52;"nao metropolitana"
3102308;"MG";31;"nao metropolitana"
4122602;"PR";41;"nao metropolitana"
3118403;"MG";31;"nao metropolitana"
1506609;"PA";15;"nao metropolitana"
5105580;"MT";51;"nao metropolitana"
2110203;"MA";21;"nao metropolitana"
4114906;"PR";41;"nao metropolitana"
2915502;"BA";29;"nao metropolitana"
1502764;"PA";15;"nao metropolitana"
1300607;"AM";13;"nao metropolitana"
4203501;"SC";42;"nao metropolitana"
4124608;"PR";41;"nao metropolitana"
2310506;"CE";23;"nao metropolitana"
3103900;"MG";31;"nao metropolitana"
5004908;"MS";50;"nao metropolitana"
1502905;"PA";15;"nao metropolitana"
2701001;"AL";27;"nao metropolitana"
2604205;"PE";26;"nao metropolitana"
3523503;"SP";35;"nao metropolitana"
1300805;"AM";13;"nao metropolitana"
4126678;"PR";41;"nao metropolitana"
2110609;"MA";21;"nao metropolitana"
1200385;"AC";12;"nao metropolitana"
2805406;"SE";28;"nao metropolitana"
4300208;"RS";43;"nao metropolitana"
1301001;"AM";13;"nao metropolitana"
4123303;"PR";41;"nao metropolitana"
2914901;"BA";29;"nao metropolitana"
2309300;"CE";23;"nao metropolitana"
3104106;"MG";31;"nao metropolitana"
2705101;"AL";27;"nao metropolitana"
3151701;"MG";31;"nao metropolitana"
5105002;"MT";51;"nao metropolitana"
4126405;"PR";41;"nao metropolitana"
3157906;"MG";31;"nao metropolitana"
4314001;"RS";43;"nao metropolitana"
4125308;"PR";41;"nao metropolitana"
1502756;"PA";15;"nao metropolitana"
2401206;"RN";24;"nao metropolitana"
4125803;"PR";41;"nao metropolitana"
4105201;"PR";41;"nao metropolitana"
2307254;"CE";23;"nao metropolitana"
4320503;"RS";43;"nao metropolitana"
1505650;"PA";15;"nao metropolitana"
2803302;"SE";28;"nao metropolitana"
3132701;"MG";31;"nao metropolitana"
2900801;"BA";29;"nao metropolitana"
3517802;"SP";35;"nao metropolitana"
1714880;"TO";17;"nao metropolitana"
4215109;"SC";42;"nao metropolitana"
3124500;"MG";31;"nao metropolitana"
3201159;"ES";32;"nao metropolitana"
2100907;"MA";21;"nao metropolitana"
4218905;"SC";42;"nao metropolitana"
3200706;"ES";32;"nao metropolitana"
2506905;"PB";25;"nao metropolitana"
5102603;"MT";51;"nao metropolitana"
2205706;"PI";22;"nao metropolitana"
4204400;"SC";42;"nao metropolitana"
5204102;"GO";52;"nao metropolitana"
2411502;"RN";24;"metropolitana"
3164407;"MG";31;"nao metropolitana"
3143500;"MG";31;"nao metropolitana"
3125705;"MG";31;"nao metropolitana"
3115359;"MG";31;"nao metropolitana"
4314308;"RS";43;"nao metropolitana"
2600401;"PE";26;"nao metropolitana"
3552601;"SP";35;"nao metropolitana"
3143005;"MG";31;"nao metropolitana"
4202206;"SC";42;"nao metropolitana"
2705507;"AL";27;"nao metropolitana"
2908200;"BA";29;"nao metropolitana"
2606606;"PE";26;"nao metropolitana"
2607307;"PE";26;"nao metropolitana"
3535606;"SP";35;"nao metropolitana"
5005103;"MS";50;"nao metropolitana"
4125209;"PR";41;"nao metropolitana"
3535408;"SP";35;"nao metropolitana"
2908606;"BA";29;"nao metropolitana"
2102036;"MA";21;"nao metropolitana"
4100707;"PR";41;"nao metropolitana"
5107180;"MT";51;"nao metropolitana"
3155603;"MG";31;"nao metropolitana"
2805604;"SE";28;"nao metropolitana"
5205000;"GO";52;"nao metropolitana"
4121604;"PR";41;"nao metropolitana"
3539004;"SP";35;"nao metropolitana"
2708303;"AL";27;"nao metropolitana"
4209508;"SC";42;"nao metropolitana"
3303104;"RJ";33;"nao metropolitana"
2903276;"BA";29;"nao metropolitana"
2500403;"PB";25;"nao metropolitana"
4310405;"RS";43;"nao metropolitana"
1507151;"PA";15;"nao metropolitana"
5005806;"MS";50;"nao metropolitana"
2906808;"BA";29;"nao metropolitana"
1302553;"AM";13;"nao metropolitana"
4215455;"SC";42;"nao metropolitana"
1400050;"RR";14;"nao metropolitana"
3138609;"MG";31;"nao metropolitana"
3112703;"MG";31;"nao metropolitana"
5205307;"GO";52;"nao metropolitana"
1400159;"RR";14;"nao metropolitana"
4311502;"RS";43;"nao metropolitana"
2928406;"BA";29;"nao metropolitana"
2609006;"PE";26;"nao metropolitana"
2922508;"BA";29;"nao metropolitana"
2613503;"PE";26;"nao metropolitana"
5003454;"MS";50;"nao metropolitana"
3202702;"ES";32;"nao metropolitana"
3150703;"MG";31;"nao metropolitana"
2305357;"CE";23;"nao metropolitana"
5004403;"MS";50;"nao metropolitana"
4209706;"SC";42;"nao metropolitana"
4117800;"PR";41;"nao metropolitana"
4100806;"PR";41;"nao metropolitana"
5103908;"MT";51;"nao metropolitana"
3133600;"MG";31;"nao metropolitana"
2402303;"RN";24;"nao metropolitana"
2916807;"BA";29;"nao metropolitana"
4207650;"SC";42;"nao metropolitana"
1100346;"RO";11;"nao metropolitana"
3519907;"SP";35;"nao metropolitana"
4125001;"PR";41;"nao metropolitana"
4312609;"RS";43;"nao metropolitana"
2905305;"BA";29;"nao metropolitana"
1101401;"RO";11;"nao metropolitana"
3205176;"ES";32;"nao metropolitana"
4219200;"SC";42;"nao metropolitana"
4128401;"PR";41;"nao metropolitana"
2926400;"BA";29;"nao metropolitana"
4118600;"PR";41;"nao metropolitana"
4116109;"PR";41;"nao metropolitana"
1301100;"AM";13;"nao metropolitana"
4113734;"PR";41;"nao metropolitana"
3144508;"MG";31;"nao metropolitana"
2409902;"RN";24;"nao metropolitana"
3108404;"MG";31;"nao metropolitana"
4314779;"RS";43;"nao metropolitana"
4128559;"PR";41;"nao metropolitana"
5207352;"GO";52;"nao metropolitana"
2914505;"BA";29;"nao metropolitana"
2500304;"PB";25;"nao metropolitana"
4319802;"RS";43;"nao metropolitana"
5108055;"MT";51;"nao metropolitana"
3113909;"MG";31;"nao metropolitana"
2605905;"PE";26;"nao metropolitana"
3541901;"SP";35;"nao metropolitana"
2201150;"PI";22;"nao metropolitana"
1503754;"PA";15;"nao metropolitana"
4311718;"RS";43;"nao metropolitana"
2509305;"PB";25;"nao metropolitana"
3128105;"MG";31;"nao metropolitana"
2602001;"PE";26;"nao metropolitana"
4115309;"PR";41;"nao metropolitana"
1100072;"RO";11;"nao metropolitana"
2709103;"AL";27;"nao metropolitana"
3552700;"SP";35;"nao metropolitana"
3538204;"SP";35;"nao metropolitana"
1504901;"PA";15;"nao metropolitana"
2406502;"RN";24;"nao metropolitana"
3514601;"SP";35;"nao metropolitana"
2101004;"MA";21;"nao metropolitana"
3132206;"MG";31;"nao metropolitana"
2608107;"PE";26;"nao metropolitana"
3145307;"MG";31;"nao metropolitana"
3301603;"RJ";33;"nao metropolitana"
3535705;"SP";35;"nao metropolitana"
4123402;"PR";41;"nao metropolitana"
2800209;"SE";28;"nao metropolitana"
3202652;"ES";32;"nao metropolitana"
4128534;"PR";41;"nao metropolitana"
4207684;"SC";42;"nao metropolitana"
4302220;"RS";43;"nao metropolitana"
3202504;"ES";32;"nao metropolitana"
2920700;"BA";29;"nao metropolitana"
1600402;"AP";16;"nao metropolitana"
3523305;"SP";35;"nao metropolitana"
2805505;"SE";28;"nao metropolitana"
3137403;"MG";31;"nao metropolitana"
1508035;"PA";15;"nao metropolitana"
4104451;"PR";41;"nao metropolitana"
2613800;"PE";26;"nao metropolitana"
4214904;"SC";42;"nao metropolitana"
4112504;"PR";41;"nao metropolitana"
1100379;"RO";11;"nao metropolitana"
3518503;"SP";35;"nao metropolitana"
4311106;"RS";43;"nao metropolitana"
3109501;"MG";31;"nao metropolitana"
2102101;"MA";21;"nao metropolitana"
1501725;"PA";15;"nao metropolitana"
2918803;"BA";29;"nao metropolitana"
5211305;"GO";52;"nao metropolitana"
2702108;"AL";27;"nao metropolitana"
2308005;"CE";23;"nao metropolitana"
3512902;"SP";35;"nao metropolitana"
1505908;"PA";15;"nao metropolitana"
1200013;"AC";12;"nao metropolitana"
4322533;"RS";43;"nao metropolitana"
3161007;"MG";31;"nao metropolitana"
2605004;"PE";26;"nao metropolitana"
4108007;"PR";41;"nao metropolitana"
2313955;"CE";23;"nao metropolitana"
4107009;"PR";41;"nao metropolitana"
2708402;"AL";27;"nao metropolitana"
3204658;"ES";32;"nao metropolitana"
3110301;"MG";31;"nao metropolitana"
4103222;"PR";41;"nao metropolitana"
2401859;"RN";24;"metropolitana"
4110805;"PR";41;"nao metropolitana"
1400175;"RR";14;"nao metropolitana"
3542909;"SP";35;"nao metropolitana"
4210803;"SC";42;"nao metropolitana"
4200200;"SC";42;"nao metropolitana"
2610806;"PE";26;"nao metropolitana"
4306502;"RS";43;"nao metropolitana"
3145455;"MG";31;"nao metropolitana"
2615003;"PE";26;"nao metropolitana"
3146909;"MG";31;"nao metropolitana"
3514809;"SP";35;"nao metropolitana"
5104906;"MT";51;"nao metropolitana"
3123007;"MG";31;"nao metropolitana"
2605301;"PE";26;"nao metropolitana"
2925006;"BA";29;"nao metropolitana"
1200807;"AC";12;"nao metropolitana"
4321667;"RS";43;"nao metropolitana"
2512002;"PB";25;"nao metropolitana"
4301107;"RS";43;"nao metropolitana"
2910750;"BA";29;"nao metropolitana"
4311759;"RS";43;"nao metropolitana"
2100956;"MA";21;"nao metropolitana"
4218608;"SC";42;"nao metropolitana"
3203353;"ES";32;"nao metropolitana"
4120655;"PR";41;"nao metropolitana"
4107538;"PR";41;"nao metropolitana"
2925758;"BA";29;"nao metropolitana"
2110039;"MA";21;"nao metropolitana"
3519402;"SP";35;"nao metropolitana"
1100700;"RO";11;"nao metropolitana"
2915809;"BA";29;"nao metropolitana"
2921203;"BA";29;"nao metropolitana"
4204905;"SC";42;"nao metropolitana"
2600302;"PE";26;"nao metropolitana"
1503077;"PA";15;"nao metropolitana"
2307502;"CE";23;"nao metropolitana"
4208005;"SC";42;"nao metropolitana"
2305902;"CE";23;"nao metropolitana"
3201001;"ES";32;"nao metropolitana"
4212007;"SC";42;"nao metropolitana"
2911808;"BA";29;"nao metropolitana"
1300508;"AM";13;"nao metropolitana"
4304309;"RS";43;"nao metropolitana"
2908101;"BA";29;"nao metropolitana"
2304509;"CE";23;"nao metropolitana"
1713304;"TO";17;"nao metropolitana"
2916005;"BA";29;"nao metropolitana"
1720903;"TO";17;"nao metropolitana"
3543808;"SP";35;"nao metropolitana"
1503507;"PA";15;"nao metropolitana"
4107405;"PR";41;"nao metropolitana"
1504406;"PA";15;"nao metropolitana"
2112852;"MA";21;"nao metropolitana"
4220000;"SC";42;"nao metropolitana"
3504909;"SP";35;"nao metropolitana"
3104304;"MG";31;"nao metropolitana"
2100436;"MA";21;"nao metropolitana"
1304104;"AM";13;"nao metropolitana"
3545407;"SP";35;"nao metropolitana"
3529500;"SP";35;"nao metropolitana"
2918357;"BA";29;"nao metropolitana"
4304671;"RS";43;"nao metropolitana"
4316956;"RS";43;"nao metropolitana"
2109502;"MA";21;"nao metropolitana"
1200708;"AC";12;"nao metropolitana"
3514502;"SP";35;"nao metropolitana"
2609808;"PE";26;"nao metropolitana"
4121901;"PR";41;"nao metropolitana"
2703809;"AL";27;"nao metropolitana"
2801702;"SE";28;"nao metropolitana"
5106109;"MT";51;"nao metropolitana"
3511904;"SP";35;"nao metropolitana"
2912707;"BA";29;"nao metropolitana"
3131604;"MG";31;"nao metropolitana"
3513603;"SP";35;"nao metropolitana"
4113007;"PR";41;"nao metropolitana"
5000807;"MS";50;"nao metropolitana"
2310803;"CE";23;"nao metropolitana"
3204005;"ES";32;"nao metropolitana"
3102001;"MG";31;"nao metropolitana"
4314209;"RS";43;"metropolitana"
5007703;"MS";50;"nao metropolitana"
4103008;"PR";41;"nao metropolitana"
5209937;"GO";52;"nao metropolitana"
3120201;"MG";31;"nao metropolitana"
4115101;"PR";41;"nao metropolitana"
5104542;"MT";51;"nao metropolitana"
5106778;"MT";51;"nao metropolitana"
5212105;"GO";52;"nao metropolitana"
4320305;"RS";43;"nao metropolitana"
2409506;"RN";24;"nao metropolitana"
5222302;"GO";52;"nao metropolitana"
2801405;"SE";28;"nao metropolitana"
4301800;"RS";43;"nao metropolitana"
2305605;"CE";23;"nao metropolitana"
3118809;"MG";31;"nao metropolitana"
2922409;"BA";29;"nao metropolitana"
2925956;"BA";29;"nao metropolitana"
1303106;"AM";13;"nao metropolitana"
1504307;"PA";15;"nao metropolitana"
4203402;"SC";42;"nao metropolitana"
4303806;"RS";43;"nao metropolitana"
2805802;"SE";28;"nao metropolitana"
3117702;"MG";31;"nao metropolitana"
3161700;"MG";31;"nao metropolitana"
5008404;"MS";50;"nao metropolitana"
3510708;"SP";35;"nao metropolitana"
3108206;"MG";31;"nao metropolitana"
5207253;"GO";52;"nao metropolitana"
2912806;"BA";29;"nao metropolitana"
4105102;"PR";41;"nao metropolitana"
2924405;"BA";29;"nao metropolitana"
2501104;"PB";25;"nao metropolitana"
4117008;"PR";41;"nao metropolitana"
2931004;"BA";29;"nao metropolitana"
2310852;"CE";23;"nao metropolitana"
2610509;"PE";26;"nao metropolitana"
3137536;"MG";31;"nao metropolitana"
5219258;"GO";52;"nao metropolitana"
4305975;"RS";43;"nao metropolitana"
2310308;"CE";23;"nao metropolitana"
1503101;"PA";15;"nao metropolitana"
1505700;"PA";15;"nao metropolitana"
1100080;"RO";11;"nao metropolitana"
3518859;"SP";35;"nao metropolitana"
5218102;"GO";52;"nao metropolitana"
3139300;"MG";31;"nao metropolitana"
3113008;"MG";31;"metropolitana"
3201704;"ES";32;"nao metropolitana"
4112405;"PR";41;"nao metropolitana"
1303908;"AM";13;"nao metropolitana"
2604601;"PE";26;"nao metropolitana"
3142601;"MG";31;"nao metropolitana"
2930907;"BA";29;"nao metropolitana"
3202900;"ES";32;"nao metropolitana"
2302305;"CE";23;"nao metropolitana"
3104502;"MG";31;"nao metropolitana"
5006408;"MS";50;"nao metropolitana"
4124707;"PR";41;"nao metropolitana"
3132909;"MG";31;"nao metropolitana"
3506300;"SP";35;"nao metropolitana"
4110078;"PR";41;"nao metropolitana"
4323408;"RS";43;"nao metropolitana"
3509908;"SP";35;"nao metropolitana"
5221700;"GO";52;"nao metropolitana"
2801009;"SE";28;"nao metropolitana"
4216255;"SC";42;"nao metropolitana"
4103040;"PR";41;"nao metropolitana"
4309803;"RS";43;"nao metropolitana"
3553856;"SP";35;"nao metropolitana"
2206209;"PI";22;"nao metropolitana"
3525508;"SP";35;"nao metropolitana"
2302701;"CE";23;"nao metropolitana"
2608453;"PE";26;"nao metropolitana"
3112802;"MG";31;"nao metropolitana"
4319109;"RS";43;"nao metropolitana"
2613206;"PE";26;"nao metropolitana"
2105500;"MA";21;"nao metropolitana"
2923704;"BA";29;"nao metropolitana"
3557204;"SP";35;"nao metropolitana"
3204500;"ES";32;"nao metropolitana"
1505635;"PA";15;"nao metropolitana"
4121000;"PR";41;"nao metropolitana"
5000906;"MS";50;"nao metropolitana"
3500907;"SP";35;"nao metropolitana"
1101500;"RO";11;"nao metropolitana"
2703759;"AL";27;"nao metropolitana"
3108552;"MG";31;"nao metropolitana"
3507308;"SP";35;"nao metropolitana"
3554706;"SP";35;"nao metropolitana"
4115853;"PR";41;"nao metropolitana"
2707107;"AL";27;"nao metropolitana"
4109906;"PR";41;"nao metropolitana"
3134608;"MG";31;"nao metropolitana"
3534906;"SP";35;"nao metropolitana"
2932705;"BA";29;"nao metropolitana"
2308302;"CE";23;"nao metropolitana"
2603702;"PE";26;"nao metropolitana"
4206108;"SC";42;"nao metropolitana"
5106828;"MT";51;"nao metropolitana"
3170750;"MG";31;"nao metropolitana"
1302306;"AM";13;"nao metropolitana"
2911303;"BA";29;"nao metropolitana"
2605152;"PE";26;"nao metropolitana"
4117057;"PR";41;"nao metropolitana"
2911907;"BA";29;"nao metropolitana"
4308706;"RS";43;"nao metropolitana"
4320677;"RS";43;"nao metropolitana"
4116802;"PR";41;"nao metropolitana"
1101708;"RO";11;"nao metropolitana"
5002159;"MS";50;"nao metropolitana"
4207809;"SC";42;"nao metropolitana"
2610301;"PE";26;"nao metropolitana"
4214607;"SC";42;"nao metropolitana"
2913507;"BA";29;"nao metropolitana"
3114105;"MG";31;"nao metropolitana"
3130507;"MG";31;"nao metropolitana"
3102803;"MG";31;"nao metropolitana"
1507409;"PA";15;"nao metropolitana"
2925907;"BA";29;"nao metropolitana"
4306957;"RS";43;"nao metropolitana"
3117108;"MG";31;"nao metropolitana"
4301057;"RS";43;"nao metropolitana"
2312007;"CE";23;"nao metropolitana"
3550506;"SP";35;"nao metropolitana"
2907103;"BA";29;"nao metropolitana"
2917904;"BA";29;"nao metropolitana"
5204706;"GO";52;"nao metropolitana"
2923100;"BA";29;"nao metropolitana"
2919157;"BA";29;"nao metropolitana"
2509107;"PB";25;"nao metropolitana"
4111555;"PR";41;"nao metropolitana"
1716208;"TO";17;"nao metropolitana"
4307401;"RS";43;"nao metropolitana"
2313203;"CE";23;"nao metropolitana"
5003488;"MS";50;"nao metropolitana"
2917201;"BA";29;"nao metropolitana"
2905909;"BA";29;"nao metropolitana"
4213807;"SC";42;"metropolitana"
2607505;"PE";26;"nao metropolitana"
2611507;"PE";26;"nao metropolitana"
4317004;"RS";43;"nao metropolitana"
2709202;"AL";27;"nao metropolitana"
1101302;"RO";11;"nao metropolitana"
2932002;"BA";29;"nao metropolitana"
3164308;"MG";31;"nao metropolitana"
3162401;"MG";31;"nao metropolitana"
4108957;"PR";41;"nao metropolitana"
4307831;"RS";43;"nao metropolitana"
2802304;"SE";28;"nao metropolitana"
5007950;"MS";50;"nao metropolitana"
2305308;"CE";23;"nao metropolitana"
3204401;"ES";32;"nao metropolitana"
5103379;"MT";51;"nao metropolitana"
4305439;"RS";43;"nao metropolitana"
2301208;"CE";23;"nao metropolitana"
3115805;"MG";31;"nao metropolitana"
2407807;"RN";24;"nao metropolitana"
3117900;"MG";31;"nao metropolitana"
4301701;"RS";43;"nao metropolitana"
4126355;"PR";41;"nao metropolitana"
5106158;"MT";51;"nao metropolitana"
2309508;"CE";23;"nao metropolitana"
2106904;"MA";21;"nao metropolitana"
3545704;"SP";35;"nao metropolitana"
4304002;"RS";43;"nao metropolitana"
2107803;"MA";21;"nao metropolitana"
1101203;"RO";11;"nao metropolitana"
3202256;"ES";32;"nao metropolitana"
1200336;"AC";12;"nao metropolitana"
2304251;"CE";23;"nao metropolitana"
3305901;"RJ";33;"nao metropolitana"
1500701;"PA";15;"nao metropolitana"
4311130;"RS";43;"nao metropolitana"
3305307;"RJ";33;"nao metropolitana"
3304508;"RJ";33;"nao metropolitana"
2104677;"MA";21;"nao metropolitana"
2406106;"RN";24;"nao metropolitana"
3553005;"SP";35;"nao metropolitana"
2806206;"SE";28;"nao metropolitana"
2601607;"PE";26;"nao metropolitana"
4215679;"SC";42;"nao metropolitana"
3516002;"SP";35;"nao metropolitana"
3100302;"MG";31;"nao metropolitana"
5209150;"GO";52;"nao metropolitana"
4210308;"SC";42;"nao metropolitana"
1303007;"AM";13;"metropolitana"
4108908;"PR";41;"nao metropolitana"
4218251;"SC";42;"nao metropolitana"
3506409;"SP";35;"nao metropolitana"
4300703;"RS";43;"nao metropolitana"
3535200;"SP";35;"nao metropolitana"
2915205;"BA";29;"nao metropolitana"
1600709;"AP";16;"nao metropolitana"
2600906;"PE";26;"nao metropolitana"
2932309;"BA";29;"nao metropolitana"
3517208;"SP";35;"nao metropolitana"
2932101;"BA";29;"nao metropolitana"
4219606;"SC";42;"nao metropolitana"
4306734;"RS";43;"nao metropolitana"
2200509;"PI";22;"metropolitana"
3109451;"MG";31;"nao metropolitana"
4316204;"RS";43;"nao metropolitana"
1300144;"AM";13;"nao metropolitana"
4305603;"RS";43;"nao metropolitana"
4310363;"RS";43;"nao metropolitana"
4203105;"SC";42;"nao metropolitana"
3123908;"MG";31;"nao metropolitana"
5212303;"GO";52;"nao metropolitana"
2204303;"PI";22;"nao metropolitana"
4302006;"RS";43;"nao metropolitana"
3101003;"MG";31;"nao metropolitana"
3132107;"MG";31;"nao metropolitana"
2303808;"CE";23;"nao metropolitana"
3168903;"MG";31;"nao metropolitana"
1200427;"AC";12;"nao metropolitana"
3305133;"RJ";33;"nao metropolitana"
4127908;"PR";41;"nao metropolitana"
5221197;"GO";52;"nao metropolitana"
4314704;"RS";43;"nao metropolitana"
5003157;"MS";50;"nao metropolitana"
4108320;"PR";41;"nao metropolitana"
2609105;"PE";26;"nao metropolitana"
4301651;"RS";43;"nao metropolitana"
2702603;"AL";27;"nao metropolitana"
2929107;"BA";29;"nao metropolitana"
3139102;"MG";31;"nao metropolitana"
3555802;"SP";35;"nao metropolitana"
3150505;"MG";31;"nao metropolitana"
2910404;"BA";29;"nao metropolitana"
3154408;"MG";31;"nao metropolitana"
1702000;"TO";17;"nao metropolitana"
1504950;"PA";15;"nao metropolitana"
2701704;"AL";27;"nao metropolitana"
2107100;"MA";21;"metropolitana"
4308300;"RS";43;"nao metropolitana"
2804904;"SE";28;"nao metropolitana"
4103354;"PR";41;"nao metropolitana"
4103370;"PR";41;"nao metropolitana"
3100104;"MG";31;"nao metropolitana"
5216304;"GO";52;"nao metropolitana"
3156809;"MG";31;"nao metropolitana"
3204955;"ES";32;"nao metropolitana"
2908903;"BA";29;"nao metropolitana"
2800506;"SE";28;"nao metropolitana"
2904308;"BA";29;"metropolitana"
2404309;"RN";24;"nao metropolitana"
4123857;"PR";41;"nao metropolitana"
3154903;"MG";31;"nao metropolitana"
1507706;"PA";15;"nao metropolitana"
4313805;"RS";43;"nao metropolitana"
3548609;"SP";35;"nao metropolitana"
4125753;"PR";41;"nao metropolitana"
4109658;"PR";41;"nao metropolitana"
2612406;"PE";26;"nao metropolitana"
2307106;"CE";23;"nao metropolitana"
3136900;"MG";31;"nao metropolitana"
1502509;"PA";15;"nao metropolitana"
2309409;"CE";23;"nao metropolitana"
3126208;"MG";31;"nao metropolitana"
3520202;"SP";35;"nao metropolitana"
2604502;"PE";26;"nao metropolitana"
2922904;"BA";29;"nao metropolitana"
3152600;"MG";31;"metropolitana"
2913457;"BA";29;"nao metropolitana"
4215406;"SC";42;"nao metropolitana"
2904704;"BA";29;"nao metropolitana"
3161809;"MG";31;"nao metropolitana"
2931202;"BA";29;"nao metropolitana"
1300102;"AM";13;"nao metropolitana"
2303204;"CE";23;"nao metropolitana"
4113601;"PR";41;"nao metropolitana"
1505403;"PA";15;"nao metropolitana"
4120705;"PR";41;"nao metropolitana"
5219712;"GO";52;"nao metropolitana"
5105234;"MT";51;"nao metropolitana"
4302238;"RS";43;"nao metropolitana"
4202057;"SC";42;"nao metropolitana"
3116159;"MG";31;"nao metropolitana"
2301703;"CE";23;"nao metropolitana"
1304260;"AM";13;"nao metropolitana"
3164209;"MG";31;"nao metropolitana"
3204807;"ES";32;"nao metropolitana"
2100477;"MA";21;"nao metropolitana"
4106001;"PR";41;"nao metropolitana"
5007505;"MS";50;"nao metropolitana"
1200351;"AC";12;"nao metropolitana"
3118700;"MG";31;"nao metropolitana"
1504505;"PA";15;"nao metropolitana"
3142205;"MG";31;"nao metropolitana"
2611408;"PE";26;"nao metropolitana"
2906709;"BA";29;"nao metropolitana"
4301875;"RS";43;"nao metropolitana"
3167608;"MG";31;"nao metropolitana"
2906204;"BA";29;"nao metropolitana"
1200179;"AC";12;"nao metropolitana"
4303558;"RS";43;"nao metropolitana"
4103305;"PR";41;"nao metropolitana"
2912103;"BA";29;"nao metropolitana"
4319125;"RS";43;"nao metropolitana"
2100709;"MA";21;"nao metropolitana"
3108909;"MG";31;"nao metropolitana"
4207205;"SC";42;"nao metropolitana"
2802809;"SE";28;"nao metropolitana"
5004007;"MS";50;"nao metropolitana"
2806305;"SE";28;"nao metropolitana"
2615805;"PE";26;"nao metropolitana"
5108204;"MT";51;"metropolitana"
2901353;"BA";29;"nao metropolitana"
5105176;"MT";51;"nao metropolitana"
2603108;"PE";26;"nao metropolitana"
2108454;"MA";21;"nao metropolitana"
1501956;"PA";15;"nao metropolitana"
5106265;"MT";51;"nao metropolitana"
2108306;"MA";21;"nao metropolitana"
4106456;"PR";41;"nao metropolitana"
2502508;"PB";25;"nao metropolitana"
2912905;"BA";29;"nao metropolitana"
4127809;"PR";41;"nao metropolitana"
4113452;"PR";41;"nao metropolitana"
5108956;"MT";51;"nao metropolitana"
3503406;"SP";35;"nao metropolitana"
3540507;"SP";35;"nao metropolitana"
5104559;"MT";51;"nao metropolitana"
2507309;"PB";25;"metropolitana"
3517000;"SP";35;"nao metropolitana"
4308003;"RS";43;"nao metropolitana"
4312252;"RS";43;"nao metropolitana"
2616001;"PE";26;"nao metropolitana"
3159209;"MG";31;"nao metropolitana"
4210407;"SC";42;"nao metropolitana"
4321329;"RS";43;"metropolitana"
1101609;"RO";11;"nao metropolitana"
3203809;"ES";32;"nao metropolitana"
2100303;"MA";21;"nao metropolitana"
3304607;"RJ";33;"nao metropolitana"
1300201;"AM";13;"nao metropolitana"
2705002;"AL";27;"nao metropolitana"
3143609;"MG";31;"nao metropolitana"
5208400;"GO";52;"nao metropolitana"
1502004;"PA";15;"nao metropolitana"
4121109;"PR";41;"nao metropolitana"
4305173;"RS";43;"nao metropolitana"
3121209;"MG";31;"nao metropolitana"
2304954;"CE";23;"nao metropolitana"
2500700;"PB";25;"nao metropolitana"
3131505;"MG";31;"nao metropolitana"
2106607;"MA";21;"nao metropolitana"
4211108;"SC";42;"nao metropolitana"
4100301;"PR";41;"nao metropolitana"
1501105;"PA";15;"nao metropolitana"
2516102;"PB";25;"nao metropolitana"
2927309;"BA";29;"nao metropolitana"
4303301;"RS";43;"nao metropolitana"
5214408;"GO";52;"nao metropolitana"
2605400;"PE";26;"nao metropolitana"
2911402;"BA";29;"nao metropolitana"
2703106;"AL";27;"nao metropolitana"
4112207;"PR";41;"nao metropolitana"
4214409;"SC";42;"nao metropolitana"
3156403;"MG";31;"nao metropolitana"
5106182;"MT";51;"nao metropolitana"
2924504;"BA";29;"nao metropolitana"
1303304;"AM";13;"nao metropolitana"
2913408;"BA";29;"nao metropolitana"
4308409;"RS";43;"nao metropolitana"
3512704;"SP";35;"nao metropolitana"
2707503;"AL";27;"nao metropolitana"
3170503;"MG";31;"nao metropolitana"
4201505;"SC";42;"nao metropolitana"
4314076;"RS";43;"nao metropolitana"
3162559;"MG";31;"nao metropolitana"
3200136;"ES";32;"nao metropolitana"
4215307;"SC";42;"nao metropolitana"
2610400;"PE";26;"nao metropolitana"
4101309;"PR";41;"nao metropolitana"
2929701;"BA";29;"nao metropolitana"
4100103;"PR";41;"nao metropolitana"
4108650;"PR";41;"nao metropolitana"
4203709;"SC";42;"nao metropolitana"
5006358;"MS";50;"nao metropolitana"
5108857;"MT";51;"nao metropolitana"
3120508;"MG";31;"nao metropolitana"
2507101;"PB";25;"nao metropolitana"
2201507;"PI";22;"nao metropolitana"
1400456;"RR";14;"nao metropolitana"
4126108;"PR";41;"nao metropolitana"
4306056;"RS";43;"nao metropolitana"
2700706;"AL";27;"nao metropolitana"
2704401;"AL";27;"nao metropolitana"
3515608;"SP";35;"nao metropolitana"
2610202;"PE";26;"nao metropolitana"
3529807;"SP";35;"nao metropolitana"
2102200;"MA";21;"nao metropolitana"
3114006;"MG";31;"nao metropolitana"
2313005;"CE";23;"nao metropolitana"
1101005;"RO";11;"nao metropolitana"
2932606;"BA";29;"nao metropolitana"
5202502;"GO";52;"nao metropolitana"
4212700;"SC";42;"nao metropolitana"
3165008;"MG";31;"nao metropolitana"
4320552;"RS";43;"nao metropolitana"
4315404;"RS";43;"nao metropolitana"
4104055;"PR";41;"nao metropolitana"
1703909;"TO";17;"nao metropolitana"
2912301;"BA";29;"nao metropolitana"
4211405;"SC";42;"nao metropolitana"
1303700;"AM";13;"nao metropolitana"
2926509;"BA";29;"nao metropolitana"
2306108;"CE";23;"nao metropolitana"
3147709;"MG";31;"nao metropolitana"
2901205;"BA";29;"nao metropolitana"
3137106;"MG";31;"nao metropolitana"
5200605;"GO";52;"nao metropolitana"
3149705;"MG";31;"nao metropolitana"
4120853;"PR";41;"nao metropolitana"
5006259;"MS";50;"nao metropolitana"
4211058;"SC";42;"nao metropolitana"
2923209;"BA";29;"nao metropolitana"
4104105;"PR";41;"nao metropolitana"
2108702;"MA";21;"nao metropolitana"
3152709;"MG";31;"nao metropolitana"
5102793;"MT";51;"nao metropolitana"
2917805;"BA";29;"nao metropolitana"
3525607;"SP";35;"nao metropolitana"
2908002;"BA";29;"nao metropolitana"
1200138;"AC";12;"nao metropolitana"
3506904;"SP";35;"nao metropolitana"
4216404;"SC";42;"nao metropolitana"
4119202;"PR";41;"nao metropolitana"
3204252;"ES";32;"metropolitana"
4107801;"PR";41;"nao metropolitana"
2700607;"AL";27;"nao metropolitana"
2904050;"BA";29;"nao metropolitana"
3158300;"MG";31;"nao metropolitana"
4322905;"RS";43;"nao metropolitana"
4201703;"SC";42;"nao metropolitana"
4323200;"RS";43;"nao metropolitana"
3500550;"SP";35;"nao metropolitana"
4118857;"PR";41;"nao metropolitana"
2702355;"AL";27;"nao metropolitana"
4110201;"PR";41;"nao metropolitana"
1300409;"AM";13;"nao metropolitana"
2105153;"MA";21;"nao metropolitana"
5000252;"MS";50;"nao metropolitana"
3161502;"MG";31;"nao metropolitana"
4311700;"RS";43;"nao metropolitana"
3306156;"RJ";33;"nao metropolitana"
3154200;"MG";31;"nao metropolitana"
3154507;"MG";31;"nao metropolitana"
5207808;"GO";52;"nao metropolitana"
4310504;"RS";43;"nao metropolitana"
2927507;"BA";29;"nao metropolitana"
2302008;"CE";23;"nao metropolitana"
4321956;"RS";43;"nao metropolitana"
2607000;"PE";26;"nao metropolitana"
5216908;"GO";52;"nao metropolitana"
2501005;"PB";25;"nao metropolitana"
3202553;"ES";32;"nao metropolitana"
2932457;"BA";29;"nao metropolitana"
2701308;"AL";27;"nao metropolitana"
2501906;"PB";25;"nao metropolitana"
4315107;"RS";43;"nao metropolitana"
3302452;"RJ";33;"nao metropolitana"
3111309;"MG";31;"nao metropolitana"
1101104;"RO";11;"nao metropolitana"
1501576;"PA";15;"nao metropolitana"
4202131;"SC";42;"nao metropolitana"
2613305;"PE";26;"nao metropolitana"
1722081;"TO";17;"nao metropolitana"
2611705;"PE";26;"nao metropolitana"
3205150;"ES";32;"nao metropolitana"
3135506;"MG";31;"nao metropolitana"
3150802;"MG";31;"nao metropolitana"
2202000;"PI";22;"nao metropolitana"
2919702;"BA";29;"nao metropolitana"
4125407;"PR";41;"nao metropolitana"
3139805;"MG";31;"nao metropolitana"
2506806;"PB";25;"nao metropolitana"
2923357;"BA";29;"nao metropolitana"
2102309;"MA";21;"nao metropolitana"
2923407;"BA";29;"nao metropolitana"
3119955;"MG";31;"nao metropolitana"
2612000;"PE";26;"nao metropolitana"
4107306;"PR";41;"nao metropolitana"
3151305;"MG";31;"nao metropolitana"
3149101;"MG";31;"nao metropolitana"
1400233;"RR";14;"nao metropolitana"
3139904;"MG";31;"nao metropolitana"
1501451;"PA";15;"nao metropolitana"
3548104;"SP";35;"nao metropolitana"
1717503;"TO";17;"nao metropolitana"
2301604;"CE";23;"nao metropolitana"
4118451;"PR";41;"nao metropolitana"
3549508;"SP";35;"nao metropolitana"
3128907;"MG";31;"nao metropolitana"
2603504;"PE";26;"nao metropolitana"
2512705;"PB";25;"nao metropolitana"
4107736;"PR";41;"nao metropolitana"
2931509;"BA";29;"nao metropolitana"
3537503;"SP";35;"nao metropolitana"
2600203;"PE";26;"nao metropolitana"
1100502;"RO";11;"nao metropolitana"
2614808;"PE";26;"nao metropolitana"
2309458;"CE";23;"nao metropolitana"
3547908;"SP";35;"nao metropolitana"
4213005;"SC";42;"nao metropolitana"
1301605;"AM";13;"nao metropolitana"
2803401;"SE";28;"nao metropolitana"
3165107;"MG";31;"nao metropolitana"
2111052;"MA";21;"nao metropolitana"
1507474;"PA";15;"nao metropolitana"
3519204;"SP";35;"nao metropolitana"
3152907;"MG";31;"nao metropolitana"
1709005;"TO";17;"nao metropolitana"
1100296;"RO";11;"nao metropolitana"
4216354;"SC";42;"nao metropolitana"
2102556;"MA";21;"nao metropolitana"
2804102;"SE";28;"nao metropolitana"
2922102;"BA";29;"nao metropolitana"
4206603;"SC";42;"nao metropolitana"
2301307;"CE";23;"nao metropolitana"
4312757;"RS";43;"nao metropolitana"
3538501;"SP";35;"nao metropolitana"
2109205;"MA";21;"metropolitana"
1300029;"AM";13;"nao metropolitana"
4201901;"SC";42;"nao metropolitana"
4121752;"PR";41;"nao metropolitana"
2111763;"MA";21;"nao metropolitana"
3104700;"MG";31;"nao metropolitana"
3518107;"SP";35;"nao metropolitana"
4107553;"PR";41;"nao metropolitana"
2616209;"PE";26;"nao metropolitana"
5219803;"GO";52;"nao metropolitana"
4313359;"RS";43;"nao metropolitana"
4315321;"RS";43;"nao metropolitana"
4308805;"RS";43;"nao metropolitana"
1600204;"AP";16;"nao metropolitana"
2311702;"CE";23;"nao metropolitana"
1506559;"PA";15;"nao metropolitana"
3526506;"SP";35;"nao metropolitana"
1506351;"PA";15;"nao metropolitana"
3528700;"SP";35;"nao metropolitana"
3509304;"SP";35;"nao metropolitana"
3158003;"MG";31;"nao metropolitana"
5102694;"MT";51;"nao metropolitana"
3521507;"SP";35;"nao metropolitana"
4309555;"RS";43;"nao metropolitana"
4303707;"RS";43;"nao metropolitana"
3109105;"MG";31;"nao metropolitana"
1300839;"AM";13;"nao metropolitana"
3203304;"ES";32;"nao metropolitana"
5209903;"GO";52;"nao metropolitana"
2301950;"CE";23;"nao metropolitana"
4319307;"RS";43;"nao metropolitana"
2605608;"PE";26;"nao metropolitana"
4107751;"PR";41;"nao metropolitana"
3141306;"MG";31;"nao metropolitana"
2507705;"PB";25;"nao metropolitana"
3103009;"MG";31;"nao metropolitana"
2924801;"BA";29;"nao metropolitana"
2606507;"PE";26;"nao metropolitana"
3553500;"SP";35;"nao metropolitana"
3200169;"ES";32;"nao metropolitana"
1302801;"AM";13;"nao metropolitana"
2107407;"MA";21;"nao metropolitana"
4316436;"RS";43;"nao metropolitana"
2103174;"MA";21;"nao metropolitana"
5203401;"GO";52;"nao metropolitana"
3550001;"SP";35;"nao metropolitana"
3140852;"MG";31;"nao metropolitana"
2901403;"BA";29;"nao metropolitana"
4307054;"RS";43;"nao metropolitana"
2405702;"RN";24;"nao metropolitana"
3165305;"MG";31;"nao metropolitana"
1600105;"AP";16;"nao metropolitana"
2909604;"BA";29;"nao metropolitana"
2931608;"BA";29;"nao metropolitana"
3528106;"SP";35;"nao metropolitana"
1702406;"TO";17;"nao metropolitana"
4314027;"RS";43;"nao metropolitana"
5103106;"MT";51;"nao metropolitana"
3161304;"MG";31;"nao metropolitana"
4218400;"SC";42;"nao metropolitana"
2109270;"MA";21;"nao metropolitana"
1301506;"AM";13;"nao metropolitana"
5205802;"GO";52;"nao metropolitana"
4303608;"RS";43;"nao metropolitana"
3502002;"SP";35;"nao metropolitana"
5211008;"GO";52;"nao metropolitana"
2907608;"BA";29;"nao metropolitana"
2504801;"PB";25;"nao metropolitana"
3124906;"MG";31;"nao metropolitana"
2306702;"CE";23;"nao metropolitana"
2301851;"CE";23;"nao metropolitana"
2500809;"PB";25;"nao metropolitana"
2311264;"CE";23;"nao metropolitana"
2609303;"PE";26;"nao metropolitana"
3524204;"SP";35;"nao metropolitana"
2603900;"PE";26;"nao metropolitana"
3510906;"SP";35;"nao metropolitana"
2304459;"CE";23;"nao metropolitana"
1303502;"AM";13;"nao metropolitana"
2700201;"AL";27;"nao metropolitana"
3117801;"MG";31;"nao metropolitana"
4310900;"RS";43;"nao metropolitana"
4202859;"SC";42;"nao metropolitana"
2604403;"PE";26;"nao metropolitana"
1400506;"RR";14;"nao metropolitana"
4303673;"RS";43;"nao metropolitana"
5207907;"GO";52;"nao metropolitana"
2600807;"PE";26;"nao metropolitana"
2208809;"PI";22;"nao metropolitana"
2108900;"MA";21;"nao metropolitana"
2106508;"MA";21;"nao metropolitana"
2108256;"MA";21;"nao metropolitana"
4121356;"PR";41;"nao metropolitana"
1400027;"RR";14;"nao metropolitana"
2303956;"CE";23;"nao metropolitana"
3113602;"MG";31;"nao metropolitana"
2203305;"PI";22;"nao metropolitana"
4103503;"PR";41;"nao metropolitana"
2900405;"BA";29;"nao metropolitana"
4107702;"PR";41;"nao metropolitana"
2112100;"MA";21;"nao metropolitana"
2608305;"PE";26;"nao metropolitana"
4200804;"SC";42;"nao metropolitana"
3168408;"MG";31;"nao metropolitana"
4109757;"PR";41;"nao metropolitana"
5108105;"MT";51;"nao metropolitana"
2930303;"BA";29;"nao metropolitana"
3509809;"SP";35;"nao metropolitana"
4300471;"RS";43;"nao metropolitana"
2706505;"AL";27;"nao metropolitana"
3127602;"MG";31;"nao metropolitana"
2904100;"BA";29;"nao metropolitana"
1504752;"PA";15;"nao metropolitana"
2902609;"BA";29;"nao metropolitana"
3107901;"MG";31;"nao metropolitana"
3107802;"MG";31;"nao metropolitana"
1400282;"RR";14;"nao metropolitana"
2501302;"PB";25;"nao metropolitana"
5102850;"MT";51;"nao metropolitana"
4315354;"RS";43;"nao metropolitana"
3537206;"SP";35;"nao metropolitana"
2504900;"PB";25;"nao metropolitana"
3152402;"MG";31;"nao metropolitana"
2305209;"CE";23;"nao metropolitana"
2404705;"RN";24;"nao metropolitana"
3100708;"MG";31;"nao metropolitana"
2111805;"MA";21;"nao metropolitana"
2105104;"MA";21;"nao metropolitana"
2107704;"MA";21;"nao metropolitana"
2920908;"BA";29;"nao metropolitana"
4309704;"RS";43;"nao metropolitana"
4319208;"RS";43;"nao metropolitana"
1708254;"TO";17;"nao metropolitana"
2308906;"CE";23;"nao metropolitana"
3519253;"SP";35;"nao metropolitana"
2304004;"CE";23;"nao metropolitana"
2614006;"PE";26;"nao metropolitana"
4302154;"RS";43;"nao metropolitana"
3203106;"ES";32;"nao metropolitana"
1504976;"PA";15;"nao metropolitana"
5107776;"MT";51;"nao metropolitana"
4321857;"RS";43;"nao metropolitana"
5216809;"GO";52;"nao metropolitana"
3100609;"MG";31;"nao metropolitana"
2401800;"RN";24;"nao metropolitana"
1100601;"RO";11;"nao metropolitana"
4103057;"PR";41;"nao metropolitana"
3102100;"MG";31;"nao metropolitana"
3140530;"MG";31;"nao metropolitana"
2103257;"MA";21;"nao metropolitana"
2602407;"PE";26;"nao metropolitana"
2100808;"MA";21;"nao metropolitana"
2300705;"CE";23;"nao metropolitana"
3203163;"ES";32;"nao metropolitana"
4313037;"RS";43;"nao metropolitana"
2604700;"PE";26;"nao metropolitana"
1100031;"RO";11;"nao metropolitana"
4212403;"SC";42;"nao metropolitana"
3551108;"SP";35;"nao metropolitana"
1101757;"RO";11;"nao metropolitana"
2909208;"BA";29;"nao metropolitana"
1716703;"TO";17;"nao metropolitana"
3142106;"MG";31;"nao metropolitana"
2414001;"RN";24;"nao metropolitana"
4312302;"RS";43;"nao metropolitana"
3302304;"RJ";33;"nao metropolitana"
5100805;"MT";51;"nao metropolitana"
2106003;"MA";21;"nao metropolitana"
5222203;"GO";52;"nao metropolitana"
5106190;"MT";51;"nao metropolitana"
3170438;"MG";31;"nao metropolitana"
2933455;"BA";29;"nao metropolitana"
2506400;"PB";25;"nao metropolitana"
2904852;"BA";29;"nao metropolitana"
4300851;"RS";43;"nao metropolitana"
2104099;"MA";21;"nao metropolitana"
2906824;"BA";29;"nao metropolitana"
3106408;"MG";31;"nao metropolitana"
2909703;"BA";29;"nao metropolitana"
3503109;"SP";35;"nao metropolitana"
2401404;"RN";24;"nao metropolitana"
4305504;"RS";43;"nao metropolitana"
2804458;"SE";28;"nao metropolitana"
4207403;"SC";42;"nao metropolitana"
3171105;"MG";31;"nao metropolitana"
2111706;"MA";21;"nao metropolitana"
3543204;"SP";35;"nao metropolitana"
4313011;"RS";43;"nao metropolitana"
2607802;"PE";26;"nao metropolitana"
3516804;"SP";35;"metropolitana"
1101807;"RO";11;"nao metropolitana"
4209854;"SC";42;"nao metropolitana"
3544806;"SP";35;"nao metropolitana"
2304301;"CE";23;"nao metropolitana"
3503604;"SP";35;"nao metropolitana"
2704807;"AL";27;"nao metropolitana"
2922607;"BA";29;"nao metropolitana"
1400407;"RR";14;"nao metropolitana"
3542503;"SP";35;"nao metropolitana"
2208205;"PI";22;"nao metropolitana"
1713601;"TO";17;"nao metropolitana"
5208152;"GO";52;"nao metropolitana"
4215653;"SC";42;"nao metropolitana"
2920106;"BA";29;"nao metropolitana"
2111409;"MA";21;"nao metropolitana"
2107357;"MA";21;"nao metropolitana"
3554409;"SP";35;"nao metropolitana"
3514700;"SP";35;"nao metropolitana"
2931400;"BA";29;"nao metropolitana"
3502309;"SP";35;"nao metropolitana"
5219001;"GO";52;"nao metropolitana"
5220264;"GO";52;"nao metropolitana"
1303601;"AM";13;"nao metropolitana"
2902500;"BA";29;"nao metropolitana"
2516706;"PB";25;"nao metropolitana"
2104107;"MA";21;"nao metropolitana"
5211404;"GO";52;"nao metropolitana"
2307635;"CE";23;"nao metropolitana"
3523800;"SP";35;"nao metropolitana"
4205209;"SC";42;"nao metropolitana"
2922250;"BA";29;"nao metropolitana"
2908705;"BA";29;"nao metropolitana"
3202009;"ES";32;"nao metropolitana"
2705606;"AL";27;"nao metropolitana"
2604809;"PE";26;"nao metropolitana"
3128402;"MG";31;"nao metropolitana"
2700102;"AL";27;"nao metropolitana"
2704104;"AL";27;"nao metropolitana"
2502151;"PB";25;"nao metropolitana"
2803906;"SE";28;"nao metropolitana"
1707306;"TO";17;"nao metropolitana"
2902054;"BA";29;"nao metropolitana"
1700400;"TO";17;"nao metropolitana"
2920205;"BA";29;"nao metropolitana"
3129103;"MG";31;"nao metropolitana"
2309805;"CE";23;"nao metropolitana"
4117271;"PR";41;"nao metropolitana"
1301803;"AM";13;"nao metropolitana"
4306304;"RS";43;"nao metropolitana"
3170529;"MG";31;"nao metropolitana"
3136009;"MG";31;"nao metropolitana"
2909406;"BA";29;"nao metropolitana"
2900207;"BA";29;"nao metropolitana"
2102606;"MA";21;"nao metropolitana"
4111001;"PR";41;"nao metropolitana"
2306009;"CE";23;"nao metropolitana"
2615706;"PE";26;"nao metropolitana"
2311108;"CE";23;"nao metropolitana"
3168507;"MG";31;"nao metropolitana"
2605459;"PE";26;"nao metropolitana"
1200344;"AC";12;"nao metropolitana"
2804201;"SE";28;"nao metropolitana"
3107604;"MG";31;"nao metropolitana"
3112406;"MG";31;"nao metropolitana"
4208609;"SC";42;"nao metropolitana"
4212270;"SC";42;"nao metropolitana"
3533205;"SP";35;"nao metropolitana"
2208908;"PI";22;"nao metropolitana"
4300661;"RS";43;"nao metropolitana"
2931301;"BA";29;"nao metropolitana"
2910107;"BA";29;"nao metropolitana"
4313334;"RS";43;"nao metropolitana"
4306379;"RS";43;"nao metropolitana"
5108303;"MT";51;"nao metropolitana"
2107902;"MA";21;"nao metropolitana"
2313906;"CE";23;"nao metropolitana"
2306504;"CE";23;"nao metropolitana"
2909109;"BA";29;"nao metropolitana"
2313757;"CE";23;"nao metropolitana"
3516606;"SP";35;"nao metropolitana"
4305959;"RS";43;"nao metropolitana"
1501006;"PA";15;"nao metropolitana"
4321477;"RS";43;"nao metropolitana"
1706506;"TO";17;"nao metropolitana"
2608206;"PE";26;"nao metropolitana"
2924603;"BA";29;"nao metropolitana"
4311601;"RS";43;"nao metropolitana"
4318424;"RS";43;"nao metropolitana"
3539905;"SP";35;"nao metropolitana"
1304401;"AM";13;"nao metropolitana"
2107605;"MA";21;"nao metropolitana"
1300631;"AM";13;"nao metropolitana"
2102705;"MA";21;"nao metropolitana"
3516101;"SP";35;"nao metropolitana"
2703007;"AL";27;"nao metropolitana"
3159506;"MG";31;"nao metropolitana"
2929750;"BA";29;"nao metropolitana"
2308609;"CE";23;"nao metropolitana"
2402709;"RN";24;"nao metropolitana"
3171709;"MG";31;"nao metropolitana"
3162203;"MG";31;"nao metropolitana"
1507102;"PA";15;"nao metropolitana"
3149200;"MG";31;"nao metropolitana"
4126900;"PR";41;"nao metropolitana"
3134004;"MG";31;"nao metropolitana"
4107850;"PR";41;"nao metropolitana"
2901155;"BA";29;"nao metropolitana"
2311355;"CE";23;"nao metropolitana"
2306801;"CE";23;"nao metropolitana"
1303205;"AM";13;"nao metropolitana"
3166907;"MG";31;"nao metropolitana"
5214861;"GO";52;"nao metropolitana"
2612307;"PE";26;"nao metropolitana"
1506104;"PA";15;"nao metropolitana"
3167400;"MG";31;"nao metropolitana"
4304952;"RS";43;"nao metropolitana"
4113403;"PR";41;"nao metropolitana"
2931707;"BA";29;"nao metropolitana"
2405603;"RN";24;"nao metropolitana"
2907905;"BA";29;"nao metropolitana"
2303105;"CE";23;"nao metropolitana"
4311775;"RS";43;"nao metropolitana"
1507805;"PA";15;"nao metropolitana"
2600609;"PE";26;"nao metropolitana"
3107505;"MG";31;"nao metropolitana"
2400505;"RN";24;"nao metropolitana"
4313425;"RS";43;"nao metropolitana"
3544608;"SP";35;"nao metropolitana"
2414605;"RN";24;"nao metropolitana"
4108700;"PR";41;"nao metropolitana"
2903508;"BA";29;"nao metropolitana"
2901908;"BA";29;"nao metropolitana"
2513109;"PB";25;"nao metropolitana"
2912400;"BA";29;"nao metropolitana"
2922706;"BA";29;"nao metropolitana"
2807501;"SE";28;"nao metropolitana"
2309201;"CE";23;"nao metropolitana"
4216057;"SC";42;"nao metropolitana"
4320263;"RS";43;"nao metropolitana"
2904753;"BA";29;"nao metropolitana"
4107546;"PR";41;"nao metropolitana"
2918308;"BA";29;"nao metropolitana"
1707652;"TO";17;"nao metropolitana"
2100204;"MA";21;"nao metropolitana"
2910859;"BA";29;"nao metropolitana"
2111003;"MA";21;"nao metropolitana"
4315156;"RS";43;"nao metropolitana"
4310306;"RS";43;"nao metropolitana"
5002803;"MS";50;"nao metropolitana"
2203503;"PI";22;"nao metropolitana"
4315750;"RS";43;"nao metropolitana"
3103801;"MG";31;"nao metropolitana"
4308656;"RS";43;"nao metropolitana"
2702801;"AL";27;"nao metropolitana"
1304237;"AM";13;"nao metropolitana"
2903805;"BA";29;"nao metropolitana"
2924306;"BA";29;"nao metropolitana"
2304236;"CE";23;"nao metropolitana"
4305447;"RS";43;"nao metropolitana"
2210409;"PI";22;"nao metropolitana"
1507508;"PA";15;"nao metropolitana"
4307104;"RS";43;"nao metropolitana"
4315313;"RS";43;"nao metropolitana"
2926103;"BA";29;"nao metropolitana"
4202503;"SC";42;"nao metropolitana"
2303006;"CE";23;"nao metropolitana"
2931806;"BA";29;"nao metropolitana"
2409803;"RN";24;"nao metropolitana"
1505007;"PA";15;"nao metropolitana"
4323457;"RS";43;"nao metropolitana"
4307815;"RS";43;"nao metropolitana"
2106102;"MA";21;"nao metropolitana"
1707108;"TO";17;"nao metropolitana"
2503506;"PB";25;"nao metropolitana"
1720655;"TO";17;"nao metropolitana"
2608008;"PE";26;"nao metropolitana"
2509404;"PB";25;"nao metropolitana"
2900306;"BA";29;"nao metropolitana"
2204709;"PI";22;"nao metropolitana"
5215900;"GO";52;"nao metropolitana"
4219101;"SC";42;"nao metropolitana"
1718865;"TO";17;"nao metropolitana"
2310902;"CE";23;"nao metropolitana"
5003504;"MS";50;"nao metropolitana"
2614709;"PE";26;"nao metropolitana"
2616506;"PE";26;"nao metropolitana"
4302451;"RS";43;"nao metropolitana"
2414506;"RN";24;"nao metropolitana"
5202155;"GO";52;"nao metropolitana"
4301958;"RS";43;"nao metropolitana"
2516508;"PB";25;"nao metropolitana"
3170057;"MG";31;"nao metropolitana"
3108800;"MG";31;"nao metropolitana"
2501609;"PB";25;"nao metropolitana"
2919306;"BA";29;"nao metropolitana"
2404408;"RN";24;"nao metropolitana"
4308854;"RS";43;"nao metropolitana"
2106409;"MA";21;"nao metropolitana"
2204402;"PI";22;"nao metropolitana"
2302909;"CE";23;"nao metropolitana"
3547007;"SP";35;"nao metropolitana"
4200903;"SC";42;"nao metropolitana"
1706100;"TO";17;"nao metropolitana"
3141603;"MG";31;"nao metropolitana"
4218756;"SC";42;"nao metropolitana"
3134806;"MG";31;"nao metropolitana"
4321469;"RS";43;"nao metropolitana"
2921401;"BA";29;"nao metropolitana"
3142007;"MG";31;"nao metropolitana"
2102754;"MA";21;"nao metropolitana"
4301750;"RS";43;"nao metropolitana"
3109204;"MG";31;"nao metropolitana"
3139706;"MG";31;"nao metropolitana"
2306603;"CE";23;"nao metropolitana"
2901601;"BA";29;"nao metropolitana"
3164001;"MG";31;"nao metropolitana"
4103206;"PR";41;"nao metropolitana"
4210902;"SC";42;"nao metropolitana"
2411403;"RN";24;"nao metropolitana"
3515350;"SP";35;"nao metropolitana"
2609154;"PE";26;"nao metropolitana"
4109005;"PR";41;"nao metropolitana"
3156007;"MG";31;"nao metropolitana"
2308351;"CE";23;"nao metropolitana"
2101905;"MA";21;"nao metropolitana"
2800407;"SE";28;"nao metropolitana"
1503408;"PA";15;"nao metropolitana"
4309951;"RS";43;"nao metropolitana"
2925253;"BA";29;"nao metropolitana"
4306429;"RS";43;"nao metropolitana"
3133204;"MG";31;"nao metropolitana"
4102208;"PR";41;"nao metropolitana"
5103437;"MT";51;"nao metropolitana"
2104404;"MA";21;"nao metropolitana"
2108801;"MA";21;"nao metropolitana"
1400605;"RR";14;"nao metropolitana"
4106571;"PR";41;"nao metropolitana"
4311908;"RS";43;"nao metropolitana"
2110658;"MA";21;"nao metropolitana"
2601003;"PE";26;"nao metropolitana"
2929404;"BA";29;"nao metropolitana"
4300638;"RS";43;"nao metropolitana"
1300680;"AM";13;"nao metropolitana"
3554953;"SP";35;"nao metropolitana"
4123824;"PR";41;"nao metropolitana"
3137007;"MG";31;"nao metropolitana"
1301654;"AM";13;"nao metropolitana"
3509452;"SP";35;"nao metropolitana"
2926707;"BA";29;"nao metropolitana"
4125357;"PR";41;"nao metropolitana"
2106300;"MA";21;"nao metropolitana"
2313351;"CE";23;"nao metropolitana"
4217550;"SC";42;"nao metropolitana"
2929255;"BA";29;"nao metropolitana"
5207535;"GO";52;"nao metropolitana"
2920403;"BA";29;"nao metropolitana"
2918209;"BA";29;"nao metropolitana"
3125903;"MG";31;"nao metropolitana"
1200393;"AC";12;"nao metropolitana"
4204103;"SC";42;"nao metropolitana"
4219408;"SC";42;"nao metropolitana"
1701002;"TO";17;"nao metropolitana"
4218103;"SC";42;"nao metropolitana"
5100508;"MT";51;"nao metropolitana"
2408953;"RN";24;"nao metropolitana"
4318622;"RS";43;"nao metropolitana"
2806602;"SE";28;"nao metropolitana"
1502855;"PA";15;"nao metropolitana"
2400109;"RN";24;"nao metropolitana"
3123700;"MG";31;"nao metropolitana"
2516607;"PB";25;"nao metropolitana"
5007976;"MS";50;"nao metropolitana"
4111605;"PR";41;"nao metropolitana"
1501600;"PA";15;"nao metropolitana"
2915304;"BA";29;"nao metropolitana"
4123204;"PR";41;"nao metropolitana"
2303402;"CE";23;"nao metropolitana"
4211454;"SC";42;"nao metropolitana"
3123106;"MG";31;"nao metropolitana"
5003108;"MS";50;"nao metropolitana"
2206605;"PI";22;"nao metropolitana"
2608057;"PE";26;"nao metropolitana"
2103554;"MA";21;"nao metropolitana"
2903607;"BA";29;"nao metropolitana"
4312104;"RS";43;"nao metropolitana"
2915106;"BA";29;"nao metropolitana"
2928059;"BA";29;"nao metropolitana"
4214300;"SC";42;"nao metropolitana"
1702901;"TO";17;"nao metropolitana"
4124905;"PR";41;"nao metropolitana"
2312106;"CE";23;"nao metropolitana"
2703601;"AL";27;"nao metropolitana"
3155405;"MG";31;"nao metropolitana"
4300455;"RS";43;"nao metropolitana"
5219209;"GO";52;"nao metropolitana"
1101435;"RO";11;"nao metropolitana"
4201273;"SC";42;"nao metropolitana"
3125952;"MG";31;"nao metropolitana"
2413904;"RN";24;"nao metropolitana"
4302584;"RS";43;"nao metropolitana"
2510907;"PB";25;"nao metropolitana"
4313607;"RS";43;"nao metropolitana"
4116950;"PR";41;"nao metropolitana"
5100359;"MT";51;"nao metropolitana"
2924207;"BA";29;"nao metropolitana"
1702307;"TO";17;"nao metropolitana"
2311959;"CE";23;"nao metropolitana"
4310876;"RS";43;"nao metropolitana"
2702702;"AL";27;"nao metropolitana"
2913101;"BA";29;"nao metropolitana"
4127882;"PR";41;"nao metropolitana"
4312203;"RS";43;"nao metropolitana"
4109203;"PR";41;"nao metropolitana"
3126000;"MG";31;"nao metropolitana"
2933158;"BA";29;"nao metropolitana"
5214051;"GO";52;"nao metropolitana"
4126702;"PR";41;"nao metropolitana"
4305871;"RS";43;"nao metropolitana"
4108452;"PR";41;"nao metropolitana"
4301552;"RS";43;"nao metropolitana"
4312138;"RS";43;"nao metropolitana"
2608602;"PE";26;"nao metropolitana"
4109500;"PR";41;"nao metropolitana"
3119807;"MG";31;"nao metropolitana"
4305850;"RS";43;"nao metropolitana"
2303600;"CE";23;"nao metropolitana"
5203807;"GO";52;"nao metropolitana"
2110401;"MA";21;"nao metropolitana"
3135704;"MG";31;"nao metropolitana"
3153509;"MG";31;"nao metropolitana"
4317756;"RS";43;"nao metropolitana"
2100832;"MA";21;"nao metropolitana"
1400704;"RR";14;"nao metropolitana"
2615508;"PE";26;"nao metropolitana"
2703304;"AL";27;"nao metropolitana"
2407500;"RN";24;"nao metropolitana"
3556354;"SP";35;"nao metropolitana"
5004809;"MS";50;"nao metropolitana"
2708709;"AL";27;"nao metropolitana"
3171600;"MG";31;"nao metropolitana"
2805307;"SE";28;"nao metropolitana"
4100905;"PR";41;"nao metropolitana"
4219358;"SC";42;"nao metropolitana"
4107157;"PR";41;"nao metropolitana"
2905503;"BA";29;"nao metropolitana"
4213302;"SC";42;"nao metropolitana"
2906600;"BA";29;"nao metropolitana"
3105004;"MG";31;"nao metropolitana"
2707800;"AL";27;"nao metropolitana"
2922656;"BA";29;"nao metropolitana"
3501103;"SP";35;"nao metropolitana"
4106100;"PR";41;"nao metropolitana"
4122800;"PR";41;"nao metropolitana"
4203253;"SC";42;"nao metropolitana"
3517109;"SP";35;"nao metropolitana"
5210802;"GO";52;"nao metropolitana"
2402501;"RN";24;"nao metropolitana"
3116704;"MG";31;"nao metropolitana"
3537156;"SP";35;"nao metropolitana"
2300408;"CE";23;"nao metropolitana"
4120101;"PR";41;"nao metropolitana"
1703008;"TO";17;"nao metropolitana"
3158904;"MG";31;"nao metropolitana"
2701605;"AL";27;"nao metropolitana"
4303202;"RS";43;"nao metropolitana"
2900355;"BA";29;"nao metropolitana"
2108058;"MA";21;"nao metropolitana"
2608404;"PE";26;"nao metropolitana"
4315008;"RS";43;"nao metropolitana"
4300307;"RS";43;"nao metropolitana"
3163904;"MG";31;"nao metropolitana"
3541059;"SP";35;"nao metropolitana"
2503308;"PB";25;"nao metropolitana"
2919405;"BA";29;"nao metropolitana"
3150604;"MG";31;"nao metropolitana"
3116902;"MG";31;"nao metropolitana"
5207600;"GO";52;"nao metropolitana"
3161205;"MG";31;"nao metropolitana"
3553203;"SP";35;"nao metropolitana"
1302009;"AM";13;"nao metropolitana"
3537701;"SP";35;"nao metropolitana"
2707602;"AL";27;"nao metropolitana"
2802403;"SE";28;"nao metropolitana"
3134707;"MG";31;"nao metropolitana"
1712504;"TO";17;"nao metropolitana"
2806800;"SE";28;"nao metropolitana"
3118908;"MG";31;"nao metropolitana"
2930402;"BA";29;"nao metropolitana"
3123528;"MG";31;"nao metropolitana"
3505104;"SP";35;"nao metropolitana"
4120333;"PR";41;"nao metropolitana"
3154457;"MG";31;"nao metropolitana"
3121407;"MG";31;"nao metropolitana"
3134509;"MG";31;"nao metropolitana"
3129301;"MG";31;"nao metropolitana"
5215652;"GO";52;"nao metropolitana"
3523008;"SP";35;"nao metropolitana"
2500502;"PB";25;"nao metropolitana"
2930758;"BA";29;"nao metropolitana"
2702553;"AL";27;"nao metropolitana"
4121307;"PR";41;"nao metropolitana"
3534807;"SP";35;"nao metropolitana"
3169208;"MG";31;"nao metropolitana"
2604908;"PE";26;"nao metropolitana"
3501806;"SP";35;"nao metropolitana"
2210508;"PI";22;"nao metropolitana"
2413201;"RN";24;"nao metropolitana"
3165206;"MG";31;"nao metropolitana"
4205159;"SC";42;"nao metropolitana"
4323101;"RS";43;"nao metropolitana"
4320602;"RS";43;"nao metropolitana"
2925600;"BA";29;"nao metropolitana"
3152170;"MG";31;"nao metropolitana"
3502606;"SP";35;"nao metropolitana"
4209151;"SC";42;"nao metropolitana"
4323358;"RS";43;"nao metropolitana"
4124004;"PR";41;"nao metropolitana"
4112900;"PR";41;"nao metropolitana"
4126207;"PR";41;"nao metropolitana"
4112306;"PR";41;"nao metropolitana"
2612455;"PE";26;"nao metropolitana"
1304005;"AM";13;"nao metropolitana"
3129202;"MG";31;"nao metropolitana"
2902252;"BA";29;"nao metropolitana"
4303400;"RS";43;"nao metropolitana"
3142403;"MG";31;"nao metropolitana"
2612901;"PE";26;"nao metropolitana"
2913002;"BA";29;"nao metropolitana"
2102507;"MA";21;"nao metropolitana"
5212956;"GO";52;"nao metropolitana"
2926806;"BA";29;"nao metropolitana"
2605806;"PE";26;"nao metropolitana"
2927606;"BA";29;"nao metropolitana"
3169802;"MG";31;"nao metropolitana"
4119707;"PR";41;"nao metropolitana"
4315958;"RS";43;"nao metropolitana"
2104206;"MA";21;"nao metropolitana"
1300904;"AM";13;"nao metropolitana"
3150307;"MG";31;"nao metropolitana"
1720200;"TO";17;"nao metropolitana"
2105906;"MA";21;"nao metropolitana"
3124708;"MG";31;"nao metropolitana"
4101655;"PR";41;"nao metropolitana"
4207759;"SC";42;"nao metropolitana"
4306973;"RS";43;"nao metropolitana"
3525409;"SP";35;"nao metropolitana"
4207577;"SC";42;"nao metropolitana"
4201802;"SC";42;"nao metropolitana"
4311791;"RS";43;"nao metropolitana"
2312502;"CE";23;"nao metropolitana"
2302057;"CE";23;"nao metropolitana"
3533700;"SP";35;"nao metropolitana"
2927101;"BA";29;"nao metropolitana"
1507755;"PA";15;"nao metropolitana"
3166709;"MG";31;"nao metropolitana"
2918456;"BA";29;"nao metropolitana"
2932408;"BA";29;"nao metropolitana"
3548203;"SP";35;"nao metropolitana"
2410108;"RN";24;"nao metropolitana"
3153004;"MG";31;"nao metropolitana"
2105609;"MA";21;"nao metropolitana"
2404606;"RN";24;"nao metropolitana"
4304713;"RS";43;"nao metropolitana"
4102752;"PR";41;"nao metropolitana"
3136108;"MG";31;"nao metropolitana"
3130606;"MG";31;"nao metropolitana"
4314175;"RS";43;"nao metropolitana"
4312450;"RS";43;"nao metropolitana"
2507200;"PB";25;"nao metropolitana"
4128658;"PR";41;"nao metropolitana"
3128808;"MG";31;"nao metropolitana"
5003900;"MS";50;"nao metropolitana"
3126901;"MG";31;"nao metropolitana"
2110856;"MA";21;"nao metropolitana"
2924058;"BA";29;"nao metropolitana"
2205102;"PI";22;"nao metropolitana"
4106852;"PR";41;"nao metropolitana"
2605509;"PE";26;"nao metropolitana"
2312601;"CE";23;"nao metropolitana"
3532157;"SP";35;"nao metropolitana"
2101301;"MA";21;"nao metropolitana"
2313559;"CE";23;"nao metropolitana"
3113503;"MG";31;"nao metropolitana"
1300086;"AM";13;"nao metropolitana"
5107743;"MT";51;"nao metropolitana"
2612703;"PE";26;"nao metropolitana"
4313003;"RS";43;"nao metropolitana"
2602704;"PE";26;"nao metropolitana"
1303957;"AM";13;"nao metropolitana"
2917409;"BA";29;"nao metropolitana"
2111078;"MA";21;"nao metropolitana"
2311900;"CE";23;"nao metropolitana"
2916203;"BA";29;"nao metropolitana"
4310553;"RS";43;"nao metropolitana"
3100500;"MG";31;"nao metropolitana"
1701903;"TO";17;"nao metropolitana"
2608701;"PE";26;"nao metropolitana"
2414803;"RN";24;"nao metropolitana"
4202537;"SC";42;"nao metropolitana"
2707404;"AL";27;"nao metropolitana"
4206801;"SC";42;"nao metropolitana"
2933174;"BA";29;"nao metropolitana"
1700350;"TO";17;"nao metropolitana"
4310850;"RS";43;"nao metropolitana"
2608255;"PE";26;"nao metropolitana"
4319703;"RS";43;"nao metropolitana"
2309003;"CE";23;"nao metropolitana"
2903706;"BA";29;"nao metropolitana"
2409100;"RN";24;"nao metropolitana"
2607703;"PE";26;"nao metropolitana"
4113106;"PR";41;"nao metropolitana"
2918506;"BA";29;"nao metropolitana"
4311254;"RS";43;"nao metropolitana"
5007307;"MS";50;"nao metropolitana"
3522000;"SP";35;"nao metropolitana"
2930808;"BA";29;"nao metropolitana"
2104602;"MA";21;"nao metropolitana"
2301406;"CE";23;"nao metropolitana"
5219100;"GO";52;"nao metropolitana"
2930600;"BA";29;"nao metropolitana"
2920007;"BA";29;"nao metropolitana"
4122909;"PR";41;"nao metropolitana"
3200508;"ES";32;"nao metropolitana"
2305704;"CE";23;"nao metropolitana"
2601300;"PE";26;"nao metropolitana"
2412401;"RN";24;"nao metropolitana"
5219902;"GO";52;"nao metropolitana"
2300903;"CE";23;"nao metropolitana"
4320321;"RS";43;"nao metropolitana"
4110904;"PR";41;"nao metropolitana"
4126652;"PR";41;"nao metropolitana"
5202353;"GO";52;"nao metropolitana"
2206407;"PI";22;"nao metropolitana"
2106375;"MA";21;"nao metropolitana"
3112109;"MG";31;"nao metropolitana"
3158508;"MG";31;"nao metropolitana"
4300646;"RS";43;"nao metropolitana"
4113809;"PR";41;"nao metropolitana"
3129004;"MG";31;"nao metropolitana"
2912509;"BA";29;"nao metropolitana"
3540408;"SP";35;"nao metropolitana"
2910008;"BA";29;"nao metropolitana"
4212239;"SC";42;"nao metropolitana"
3555505;"SP";35;"nao metropolitana"
2414159;"RN";24;"nao metropolitana"
4319372;"RS";43;"nao metropolitana"
1707207;"TO";17;"nao metropolitana"
2102358;"MA";21;"nao metropolitana"
4201653;"SC";42;"nao metropolitana"
4314134;"RS";43;"nao metropolitana"
1101450;"RO";11;"nao metropolitana"
5203575;"GO";52;"nao metropolitana"
3157104;"MG";31;"nao metropolitana"
2503605;"PB";25;"metropolitana"
4215075;"SC";42;"nao metropolitana"
2916906;"BA";29;"nao metropolitana"
4315206;"RS";43;"nao metropolitana"
2921302;"BA";29;"nao metropolitana"
4310462;"RS";43;"nao metropolitana"
5220157;"GO";52;"nao metropolitana"
3138104;"MG";31;"nao metropolitana"
2901700;"BA";29;"nao metropolitana"
4307203;"RS";43;"nao metropolitana"
4320230;"RS";43;"nao metropolitana"
2903003;"BA";29;"nao metropolitana"
2917334;"BA";29;"nao metropolitana"
4304101;"RS";43;"nao metropolitana"
3116100;"MG";31;"nao metropolitana"
3541653;"SP";35;"nao metropolitana"
2107456;"MA";21;"nao metropolitana"
3120706;"MG";31;"nao metropolitana"
1100262;"RO";11;"nao metropolitana"
5218706;"GO";52;"nao metropolitana"
4320354;"RS";43;"nao metropolitana"
2500908;"PB";25;"nao metropolitana"
4101150;"PR";41;"nao metropolitana"
3148301;"MG";31;"nao metropolitana"
4201604;"SC";42;"nao metropolitana"
3165404;"MG";31;"nao metropolitana"
3122355;"MG";31;"nao metropolitana"
2607950;"PE";26;"nao metropolitana"
3531605;"SP";35;"nao metropolitana"
2412302;"RN";24;"nao metropolitana"
4306452;"RS";43;"nao metropolitana"
1703701;"TO";17;"nao metropolitana"
2111029;"MA";21;"nao metropolitana"
3150158;"MG";31;"nao metropolitana"
2902005;"BA";29;"nao metropolitana"
2923902;"BA";29;"nao metropolitana"
1101468;"RO";11;"nao metropolitana"
3154101;"MG";31;"nao metropolitana"
3533809;"SP";35;"nao metropolitana"
2920452;"BA";29;"nao metropolitana"
4209201;"SC";42;"nao metropolitana"
2403004;"RN";24;"nao metropolitana"
3122405;"MG";31;"nao metropolitana"
2904001;"BA";29;"nao metropolitana"
3119203;"MG";31;"nao metropolitana"
1302207;"AM";13;"nao metropolitana"
2310605;"CE";23;"nao metropolitana"
2911857;"BA";29;"nao metropolitana"
3166204;"MG";31;"nao metropolitana"
2109700;"MA";21;"nao metropolitana"
3121100;"MG";31;"nao metropolitana"
3510104;"SP";35;"nao metropolitana"
5221502;"GO";52;"nao metropolitana"
2111532;"MA";21;"nao metropolitana"
2933059;"BA";29;"nao metropolitana"
2308203;"CE";23;"nao metropolitana"
3108107;"MG";31;"nao metropolitana"
2207504;"PI";22;"nao metropolitana"
4205100;"SC";42;"nao metropolitana"
3102704;"MG";31;"nao metropolitana"
2506103;"PB";25;"nao metropolitana"
1703800;"TO";17;"nao metropolitana"
5215405;"GO";52;"nao metropolitana"
4101051;"PR";41;"nao metropolitana"
4200556;"SC";42;"nao metropolitana"
3527900;"SP";35;"nao metropolitana"
3171030;"MG";31;"nao metropolitana"
4120150;"PR";41;"nao metropolitana"
5108808;"MT";51;"nao metropolitana"
2905107;"BA";29;"nao metropolitana"
4211850;"SC";42;"nao metropolitana"
3132305;"MG";31;"nao metropolitana"
2205409;"PI";22;"nao metropolitana"
2915007;"BA";29;"nao metropolitana"
3102050;"MG";31;"nao metropolitana"
5101605;"MT";51;"nao metropolitana"
1718907;"TO";17;"nao metropolitana"
1720804;"TO";17;"nao metropolitana"
3106507;"MG";31;"nao metropolitana"
3151909;"MG";31;"nao metropolitana"
3152303;"MG";31;"nao metropolitana"
4115903;"PR";41;"nao metropolitana"
2203107;"PI";22;"nao metropolitana"
2921807;"BA";29;"nao metropolitana"
2102077;"MA";21;"nao metropolitana"
2304657;"CE";23;"nao metropolitana"
2105476;"MA";21;"nao metropolitana"
2200301;"PI";22;"nao metropolitana"
3532702;"SP";35;"nao metropolitana"
1505551;"PA";15;"nao metropolitana"
4211652;"SC";42;"nao metropolitana"
2707206;"AL";27;"nao metropolitana"
3500204;"SP";35;"nao metropolitana"
2918753;"BA";29;"nao metropolitana"
3543600;"SP";35;"nao metropolitana"
2105203;"MA";21;"nao metropolitana"
3163102;"MG";31;"nao metropolitana"
4111704;"PR";41;"nao metropolitana"
3170008;"MG";31;"nao metropolitana"
4311270;"RS";43;"nao metropolitana"
2511509;"PB";25;"nao metropolitana"
2412906;"RN";24;"nao metropolitana"
4322327;"RS";43;"nao metropolitana"
2904209;"BA";29;"nao metropolitana"
4312427;"RS";43;"nao metropolitana"
2904407;"BA";29;"nao metropolitana"
3200359;"ES";32;"nao metropolitana"
3554201;"SP";35;"nao metropolitana"
3154150;"MG";31;"nao metropolitana"
3160959;"MG";31;"nao metropolitana"
4312674;"RS";43;"nao metropolitana"
4314035;"RS";43;"nao metropolitana"
4102703;"PR";41;"nao metropolitana"
1710508;"TO";17;"nao metropolitana"
4323754;"RS";43;"nao metropolitana"
2805109;"SE";28;"nao metropolitana"
5205059;"GO";52;"nao metropolitana"
2309102;"CE";23;"nao metropolitana"
4128807;"PR";41;"nao metropolitana"
4204178;"SC";42;"nao metropolitana"
4116307;"PR";41;"nao metropolitana"
2902203;"BA";29;"nao metropolitana"
1101484;"RO";11;"nao metropolitana"
2400307;"RN";24;"nao metropolitana"
2106805;"MA";21;"nao metropolitana"
3166303;"MG";31;"nao metropolitana"
2502409;"PB";25;"nao metropolitana"
2926657;"BA";29;"nao metropolitana"
4121257;"PR";41;"nao metropolitana"
3112901;"MG";31;"nao metropolitana"
4122172;"PR";41;"nao metropolitana"
4103024;"PR";41;"nao metropolitana"
1301951;"AM";13;"nao metropolitana"
5103361;"MT";51;"nao metropolitana"
3521606;"SP";35;"nao metropolitana"
3124401;"MG";31;"nao metropolitana"
4314068;"RS";43;"nao metropolitana"
5203962;"GO";52;"nao metropolitana"
3534500;"SP";35;"nao metropolitana"
4122651;"PR";41;"nao metropolitana"
2310100;"CE";23;"nao metropolitana"
3128204;"MG";31;"nao metropolitana"
5211602;"GO";52;"nao metropolitana"
4321352;"RS";43;"nao metropolitana"
2410256;"RN";24;"nao metropolitana"
4128625;"PR";41;"nao metropolitana"
1200054;"AC";12;"nao metropolitana"
1703057;"TO";17;"nao metropolitana"
1506112;"PA";15;"nao metropolitana"
4312054;"RS";43;"nao metropolitana"
2407708;"RN";24;"nao metropolitana"
4300570;"RS";43;"nao metropolitana"
3131406;"MG";31;"nao metropolitana"
3160306;"MG";31;"nao metropolitana"
3103702;"MG";31;"nao metropolitana"
4103958;"PR";41;"nao metropolitana"
2929800;"BA";29;"nao metropolitana"
3148905;"MG";31;"nao metropolitana"
2708956;"AL";27;"nao metropolitana"
3136504;"MG";31;"nao metropolitana"
2915353;"BA";29;"nao metropolitana"
1101559;"RO";11;"nao metropolitana"
2702009;"AL";27;"nao metropolitana"
2612554;"PE";26;"nao metropolitana"
4311981;"RS";43;"nao metropolitana"
4212650;"SC";42;"nao metropolitana"
2303659;"CE";23;"nao metropolitana"
4313490;"RS";43;"nao metropolitana"
3144409;"MG";31;"nao metropolitana"
2903235;"BA";29;"nao metropolitana"
3115706;"MG";31;"nao metropolitana"
2305266;"CE";23;"nao metropolitana"
3535903;"SP";35;"nao metropolitana"
3120409;"MG";31;"nao metropolitana"
4217758;"SC";42;"nao metropolitana"
3532058;"SP";35;"nao metropolitana"
5216007;"GO";52;"nao metropolitana"
2902658;"BA";29;"nao metropolitana"
2403806;"RN";24;"nao metropolitana"
4125456;"PR";41;"nao metropolitana"
3159357;"MG";31;"nao metropolitana"
4318440;"RS";43;"nao metropolitana"
5200852;"GO";52;"nao metropolitana"
3505351;"SP";35;"nao metropolitana"
4312955;"RS";43;"nao metropolitana"
5204854;"GO";52;"nao metropolitana"
5213509;"GO";52;"nao metropolitana"
4313391;"RS";43;"nao metropolitana"
3156601;"MG";31;"nao metropolitana"
3155306;"MG";31;"nao metropolitana"
2303907;"CE";23;"nao metropolitana"
2922052;"BA";29;"nao metropolitana"
4113254;"PR";41;"nao metropolitana"
2906857;"BA";29;"nao metropolitana"
3119500;"MG";31;"nao metropolitana"
4318499;"RS";43;"nao metropolitana"
2305332;"CE";23;"nao metropolitana"
2933257;"BA";29;"nao metropolitana"
2604155;"PE";26;"nao metropolitana"
3149952;"MG";31;"nao metropolitana"
3141900;"MG";31;"nao metropolitana"
1707405;"TO";17;"nao metropolitana"
4212601;"SC";42;"nao metropolitana"
2912004;"BA";29;"nao metropolitana"
4309753;"RS";43;"nao metropolitana"
2925402;"BA";29;"nao metropolitana"
3508306;"SP";35;"nao metropolitana"
2915700;"BA";29;"nao metropolitana"
2804300;"SE";28;"nao metropolitana"
4302659;"RS";43;"nao metropolitana"
4205605;"SC";42;"nao metropolitana"
4322525;"RS";43;"nao metropolitana"
4215208;"SC";42;"nao metropolitana"
3505401;"SP";35;"nao metropolitana"
4103479;"PR";41;"nao metropolitana"
3145877;"MG";31;"nao metropolitana"
2515104;"PB";25;"nao metropolitana"
2511806;"PB";25;"nao metropolitana"
2614303;"PE";26;"nao metropolitana"
3553104;"SP";35;"nao metropolitana"
3149150;"MG";31;"nao metropolitana"
4305371;"RS";43;"nao metropolitana"
3102852;"MG";31;"nao metropolitana"
2933109;"BA";29;"nao metropolitana"
4115457;"PR";41;"nao metropolitana"
3172103;"MG";31;"nao metropolitana"
1500131;"PA";15;"nao metropolitana"
2604304;"PE";26;"nao metropolitana"
2916609;"BA";29;"nao metropolitana"
2410405;"RN";24;"nao metropolitana"
1501253;"PA";15;"nao metropolitana"
5107206;"MT";51;"nao metropolitana"
2106631;"MA";21;"nao metropolitana"
2606903;"PE";26;"nao metropolitana"
4302600;"RS";43;"nao metropolitana"
2307205;"CE";23;"nao metropolitana"
4310652;"RS";43;"nao metropolitana"
4101853;"PR";41;"nao metropolitana"
2612471;"PE";26;"nao metropolitana"
2913804;"BA";29;"nao metropolitana"
4113429;"PR";41;"nao metropolitana"
2701209;"AL";27;"nao metropolitana"
4315552;"RS";43;"nao metropolitana"
2611200;"PE";26;"nao metropolitana"
5213905;"GO";52;"nao metropolitana"
3157252;"MG";31;"nao metropolitana"
2310407;"CE";23;"nao metropolitana"
2609204;"PE";26;"nao metropolitana"
2911006;"BA";29;"nao metropolitana"
1706001;"TO";17;"nao metropolitana"
2929370;"BA";29;"nao metropolitana"
3101409;"MG";31;"nao metropolitana"
2926905;"BA";29;"nao metropolitana"
3162609;"MG";31;"nao metropolitana"
2515971;"PB";25;"nao metropolitana"
4307864;"RS";43;"nao metropolitana"
2914307;"BA";29;"nao metropolitana"
3143807;"MG";31;"nao metropolitana"
2308377;"CE";23;"nao metropolitana"
2205003;"PI";22;"nao metropolitana"
1715705;"TO";17;"nao metropolitana"
3512605;"SP";35;"nao metropolitana"
4306320;"RS";43;"nao metropolitana"
2505709;"PB";25;"nao metropolitana"
2501401;"PB";25;"nao metropolitana"
2924678;"BA";29;"nao metropolitana"
2401305;"RN";24;"nao metropolitana"
2414100;"RN";24;"nao metropolitana"
2100873;"MA";21;"nao metropolitana"
4203154;"SC";42;"nao metropolitana"
3134103;"MG";31;"nao metropolitana"
2905156;"BA";29;"nao metropolitana"
4213351;"SC";42;"nao metropolitana"
4209805;"SC";42;"nao metropolitana"
2924652;"BA";29;"nao metropolitana"
2105351;"MA";21;"nao metropolitana"
2930006;"BA";29;"nao metropolitana"
2509909;"PB";25;"nao metropolitana"
2920809;"BA";29;"nao metropolitana"
3539707;"SP";35;"nao metropolitana"
3101805;"MG";31;"nao metropolitana"
4217105;"SC";42;"nao metropolitana"
5212709;"GO";52;"nao metropolitana"
1501758;"PA";15;"nao metropolitana"
2110278;"MA";21;"nao metropolitana"
3541109;"SP";35;"nao metropolitana"
4202875;"SC";42;"nao metropolitana"
2402402;"RN";24;"nao metropolitana"
2612802;"PE";26;"nao metropolitana"
2800704;"SE";28;"nao metropolitana"
5219357;"GO";52;"nao metropolitana"
1717909;"TO";17;"nao metropolitana"
4320859;"RS";43;"nao metropolitana"
2311207;"CE";23;"nao metropolitana"
4115739;"PR";41;"nao metropolitana"
3557154;"SP";35;"nao metropolitana"
2207603;"PI";22;"nao metropolitana"
3116001;"MG";31;"nao metropolitana"
2922755;"BA";29;"nao metropolitana"
2509057;"PB";25;"nao metropolitana"
4110656;"PR";41;"nao metropolitana"
3138500;"MG";31;"nao metropolitana"
2511103;"PB";25;"nao metropolitana"
1703206;"TO";17;"nao metropolitana"
4321634;"RS";43;"nao metropolitana"
2413409;"RN";24;"nao metropolitana"
2208502;"PI";22;"nao metropolitana"
2109403;"MA";21;"nao metropolitana"
4117206;"PR";41;"nao metropolitana"
2101772;"MA";21;"nao metropolitana"
2202083;"PI";22;"nao metropolitana"
3130051;"MG";31;"nao metropolitana"
2500106;"PB";25;"nao metropolitana"
3540101;"SP";35;"nao metropolitana"
4309159;"RS";43;"nao metropolitana"
2603306;"PE";26;"nao metropolitana"
5106208;"MT";51;"nao metropolitana"
3135605;"MG";31;"nao metropolitana"
3144656;"MG";31;"nao metropolitana"
2206100;"PI";22;"nao metropolitana"
3138708;"MG";31;"nao metropolitana"
3145356;"MG";31;"nao metropolitana"
2202406;"PI";22;"nao metropolitana"
2907004;"BA";29;"nao metropolitana"
1200328;"AC";12;"nao metropolitana"
2925709;"BA";29;"nao metropolitana"
4123956;"PR";41;"nao metropolitana"
3108255;"MG";31;"nao metropolitana"
3540259;"SP";35;"nao metropolitana"
2407401;"RN";24;"nao metropolitana"
2930766;"BA";29;"nao metropolitana"
4113759;"PR";41;"nao metropolitana"
2603926;"PE";26;"nao metropolitana"
3114600;"MG";31;"nao metropolitana"
5201454;"GO";52;"nao metropolitana"
4306130;"RS";43;"nao metropolitana"
2401701;"RN";24;"nao metropolitana"
2305654;"CE";23;"nao metropolitana"
2411056;"RN";24;"nao metropolitana"
4316733;"RS";43;"nao metropolitana"
2206720;"PI";22;"nao metropolitana"
3536802;"SP";35;"nao metropolitana"
1701101;"TO";17;"nao metropolitana"
3122900;"MG";31;"nao metropolitana"
4318432;"RS";43;"nao metropolitana"
2303931;"CE";23;"nao metropolitana"
3138906;"MG";31;"nao metropolitana"
2100154;"MA";21;"nao metropolitana"
4117214;"PR";41;"nao metropolitana"
5215256;"GO";52;"nao metropolitana"
2300101;"CE";23;"nao metropolitana"
1716653;"TO";17;"nao metropolitana"
4314498;"RS";43;"nao metropolitana"
2516805;"PB";25;"nao metropolitana"
4309258;"RS";43;"nao metropolitana"
5101001;"MT";51;"nao metropolitana"
2208106;"PI";22;"nao metropolitana"
2919058;"BA";29;"nao metropolitana"
3163805;"MG";31;"nao metropolitana"
3138674;"MG";31;"nao metropolitana"
3517307;"SP";35;"nao metropolitana"
4305116;"RS";43;"nao metropolitana"
2933406;"BA";29;"nao metropolitana"
2506707;"PB";25;"nao metropolitana"
3129608;"MG";31;"nao metropolitana"
2610103;"PE";26;"nao metropolitana"
5107198;"MT";51;"nao metropolitana"
2308807;"CE";23;"nao metropolitana"
4103156;"PR";41;"nao metropolitana"
3520707;"SP";35;"nao metropolitana"
2500775;"PB";25;"nao metropolitana"
3148756;"MG";31;"nao metropolitana"
2516409;"PB";25;"nao metropolitana"
2907400;"BA";29;"nao metropolitana"
1502608;"PA";15;"nao metropolitana"
3107703;"MG";31;"nao metropolitana"
4317954;"RS";43;"nao metropolitana"
3165552;"MG";31;"nao metropolitana"
3123809;"MG";31;"nao metropolitana"
2928505;"BA";29;"nao metropolitana"
2202505;"PI";22;"nao metropolitana"
3127305;"MG";31;"nao metropolitana"
2601508;"PE";26;"nao metropolitana"
2311009;"CE";23;"nao metropolitana"
3525854;"SP";35;"nao metropolitana"
3138005;"MG";31;"nao metropolitana"
3158805;"MG";31;"nao metropolitana"
2601805;"PE";26;"nao metropolitana"
4100459;"PR";41;"nao metropolitana"
5205208;"GO";52;"nao metropolitana"
1703107;"TO";17;"nao metropolitana"
3515194;"SP";35;"nao metropolitana"
3165701;"MG";31;"nao metropolitana"
2410306;"RN";24;"nao metropolitana"
2802700;"SE";28;"nao metropolitana"
2104503;"MA";21;"nao metropolitana"
2109551;"MA";21;"nao metropolitana"
2907707;"BA";29;"nao metropolitana"
2104909;"MA";21;"nao metropolitana"
5107263;"MT";51;"nao metropolitana"
2509008;"PB";25;"nao metropolitana"
2919603;"BA";29;"nao metropolitana"
4111308;"PR";41;"nao metropolitana"
2108405;"MA";21;"nao metropolitana"
4314456;"RS";43;"nao metropolitana"
4312377;"RS";43;"nao metropolitana"
2201101;"PI";22;"nao metropolitana"
2508000;"PB";25;"nao metropolitana"
5106455;"MT";51;"nao metropolitana"
2402105;"RN";24;"nao metropolitana"
3119005;"MG";31;"nao metropolitana"
5103957;"MT";51;"nao metropolitana"
2916708;"BA";29;"nao metropolitana"
5100102;"MT";51;"nao metropolitana"
3148202;"MG";31;"nao metropolitana"
4204194;"SC";42;"nao metropolitana"
4202438;"SC";42;"nao metropolitana"
2103158;"MA";21;"nao metropolitana"
2702504;"AL";27;"nao metropolitana"
2923035;"BA";29;"nao metropolitana"
2507804;"PB";25;"nao metropolitana"
2307908;"CE";23;"nao metropolitana"
2701902;"AL";27;"nao metropolitana"
4123105;"PR";41;"nao metropolitana"
2922730;"BA";29;"nao metropolitana"
3148509;"MG";31;"nao metropolitana"
3160801;"MG";31;"nao metropolitana"
3166006;"MG";31;"nao metropolitana"
3160108;"MG";31;"nao metropolitana"
2304905;"CE";23;"nao metropolitana"
2706109;"AL";27;"nao metropolitana"
1720499;"TO";17;"nao metropolitana"
3545100;"SP";35;"nao metropolitana"
1600212;"AP";16;"nao metropolitana"
1507961;"PA";15;"nao metropolitana"
3164506;"MG";31;"nao metropolitana"
2517001;"PB";25;"nao metropolitana"
3162450;"MG";31;"nao metropolitana"
3513306;"SP";35;"nao metropolitana"
5107578;"MT";51;"nao metropolitana"
4317558;"RS";43;"nao metropolitana"
3527702;"SP";35;"nao metropolitana"
2104305;"MA";21;"nao metropolitana"
3121803;"MG";31;"nao metropolitana"
2615904;"PE";26;"nao metropolitana"
4322152;"RS";43;"nao metropolitana"
3105707;"MG";31;"nao metropolitana"
2203404;"PI";22;"nao metropolitana"
2105948;"MA";21;"nao metropolitana"
1100908;"RO";11;"nao metropolitana"
2509800;"PB";25;"nao metropolitana"
3505005;"SP";35;"nao metropolitana"
4320578;"RS";43;"nao metropolitana"
2904506;"BA";29;"nao metropolitana"
3104809;"MG";31;"nao metropolitana"
2105963;"MA";21;"nao metropolitana"
2204808;"PI";22;"nao metropolitana"
2200707;"PI";22;"nao metropolitana"
4313086;"RS";43;"nao metropolitana"
4311122;"RS";43;"nao metropolitana"
2404101;"RN";24;"nao metropolitana"
5210604;"GO";52;"nao metropolitana"
3528304;"SP";35;"nao metropolitana"
4119657;"PR";41;"nao metropolitana"
3111903;"MG";31;"nao metropolitana"
4305587;"RS";43;"nao metropolitana"
2901957;"BA";29;"nao metropolitana"
4305132;"RS";43;"nao metropolitana"
4115507;"PR";41;"nao metropolitana"
5206305;"GO";52;"nao metropolitana"
3136603;"MG";31;"nao metropolitana"
1718840;"TO";17;"nao metropolitana"
2704609;"AL";27;"nao metropolitana"
3150406;"MG";31;"nao metropolitana"
2902302;"BA";29;"nao metropolitana"
2403707;"RN";24;"nao metropolitana"
2512804;"PB";25;"nao metropolitana"
4307450;"RS";43;"nao metropolitana"
2514909;"PB";25;"nao metropolitana"
2921054;"BA";29;"nao metropolitana"
2104073;"MA";21;"nao metropolitana"
4215356;"SC";42;"nao metropolitana"
2105989;"MA";21;"nao metropolitana"
2204659;"PI";22;"nao metropolitana"
2105807;"MA";21;"nao metropolitana"
3530904;"SP";35;"nao metropolitana"
1702158;"TO";17;"nao metropolitana"
4128633;"PR";41;"nao metropolitana"
1713809;"TO";17;"nao metropolitana"
2923506;"BA";29;"nao metropolitana"
2105922;"MA";21;"nao metropolitana"
2508208;"PB";25;"nao metropolitana"
4306700;"RS";43;"nao metropolitana"
3126752;"MG";31;"nao metropolitana"
2924702;"BA";29;"nao metropolitana"
2403509;"RN";24;"nao metropolitana"
2906899;"BA";29;"nao metropolitana"
2412807;"RN";24;"nao metropolitana"
3135902;"MG";31;"nao metropolitana"
3532306;"SP";35;"nao metropolitana"
3109808;"MG";31;"nao metropolitana"
2904803;"BA";29;"nao metropolitana"
3201803;"ES";32;"nao metropolitana"
1300060;"AM";13;"nao metropolitana"
4321493;"RS";43;"nao metropolitana"
4214151;"SC";42;"nao metropolitana"
4218954;"SC";42;"nao metropolitana"
4300554;"RS";43;"nao metropolitana"
2701506;"AL";27;"nao metropolitana"
2505808;"PB";25;"metropolitana"
4215554;"SC";42;"nao metropolitana"
4125902;"PR";41;"nao metropolitana"
1720978;"TO";17;"nao metropolitana"
3105301;"MG";31;"nao metropolitana"
2700904;"AL";27;"nao metropolitana"
1708304;"TO";17;"nao metropolitana"
2706000;"AL";27;"nao metropolitana"
2304269;"CE";23;"nao metropolitana"
4124301;"PR";41;"nao metropolitana"
2111722;"MA";21;"nao metropolitana"
2928950;"BA";29;"nao metropolitana"
2915403;"BA";29;"nao metropolitana"
3122454;"MG";31;"nao metropolitana"
2301257;"CE";23;"nao metropolitana"
3141207;"MG";31;"nao metropolitana"
4302253;"RS";43;"nao metropolitana"
1504109;"PA";15;"nao metropolitana"
2703502;"AL";27;"nao metropolitana"
2404853;"RN";24;"nao metropolitana"
1600253;"AP";16;"nao metropolitana"
1505494;"PA";15;"nao metropolitana"
3169109;"MG";31;"nao metropolitana"
3100807;"MG";31;"nao metropolitana"
4200051;"SC";42;"nao metropolitana"
4322855;"RS";43;"nao metropolitana"
3518909;"SP";35;"nao metropolitana"
1600055;"AP";16;"nao metropolitana"
4319752;"RS";43;"nao metropolitana"
4308052;"RS";43;"nao metropolitana"
2111904;"MA";21;"nao metropolitana"
2103901;"MA";21;"nao metropolitana"
2911501;"BA";29;"nao metropolitana"
4323705;"RS";43;"nao metropolitana"
5206503;"GO";52;"nao metropolitana"
2900108;"BA";29;"nao metropolitana"
2403400;"RN";24;"nao metropolitana"
4314753;"RS";43;"nao metropolitana"
2708204;"AL";27;"nao metropolitana"
2201606;"PI";22;"nao metropolitana"
2405108;"RN";24;"nao metropolitana"
4319364;"RS";43;"nao metropolitana"
2310001;"CE";23;"nao metropolitana"
2705804;"AL";27;"nao metropolitana"
1701309;"TO";17;"nao metropolitana"
1718303;"TO";17;"nao metropolitana"
2503803;"PB";25;"nao metropolitana"
2901809;"BA";29;"nao metropolitana"
2803708;"SE";28;"nao metropolitana"
3163508;"MG";31;"nao metropolitana"
3146701;"MG";31;"nao metropolitana"
2204204;"PI";22;"nao metropolitana"
3162575;"MG";31;"nao metropolitana"
3551207;"SP";35;"nao metropolitana"
3126505;"MG";31;"nao metropolitana"
1506401;"PA";15;"nao metropolitana"
2407005;"RN";24;"nao metropolitana"
3552007;"SP";35;"nao metropolitana"
2515401;"PB";25;"nao metropolitana"
4103404;"PR";41;"nao metropolitana"
4321626;"RS";43;"nao metropolitana"
3146255;"MG";31;"nao metropolitana"
2208650;"PI";22;"nao metropolitana"
2407609;"RN";24;"nao metropolitana"
2806404;"SE";28;"nao metropolitana"
3116506;"MG";31;"nao metropolitana"
2200608;"PI";22;"metropolitana"
4202081;"SC";42;"nao metropolitana"
5107750;"MT";51;"nao metropolitana"
2615201;"PE";26;"nao metropolitana"
4310702;"RS";43;"nao metropolitana"
2111748;"MA";21;"nao metropolitana"
4110052;"PR";41;"nao metropolitana"
2100402;"MA";21;"nao metropolitana"
2102150;"MA";21;"nao metropolitana"
2616100;"PE";26;"nao metropolitana"
2405306;"RN";24;"nao metropolitana"
2706604;"AL";27;"nao metropolitana"
4312443;"RS";43;"nao metropolitana"
4106555;"PR";41;"nao metropolitana"
2903102;"BA";29;"nao metropolitana"
2104651;"MA";21;"nao metropolitana"
4304697;"RS";43;"nao metropolitana"
2901502;"BA";29;"nao metropolitana"
1705557;"TO";17;"nao metropolitana"
2111789;"MA";21;"nao metropolitana"
2706422;"AL";27;"nao metropolitana"
4120200;"PR";41;"nao metropolitana"
1600550;"AP";16;"nao metropolitana"
2509503;"PB";25;"nao metropolitana"
5213772;"GO";52;"nao metropolitana"
1705102;"TO";17;"nao metropolitana"
3156106;"MG";31;"nao metropolitana"
2906105;"BA";29;"nao metropolitana"
3547106;"SP";35;"nao metropolitana"
2514404;"PB";25;"nao metropolitana"
2306207;"CE";23;"nao metropolitana"
1200435;"AC";12;"nao metropolitana"
2804706;"SE";28;"nao metropolitana"
2107209;"MA";21;"nao metropolitana"
3171071;"MG";31;"nao metropolitana"
5106174;"MT";51;"nao metropolitana"
2805208;"SE";28;"nao metropolitana"
3167004;"MG";31;"metropolitana"
3548401;"SP";35;"nao metropolitana"
3507456;"SP";35;"nao metropolitana"
2915908;"BA";29;"nao metropolitana"
2107001;"MA";21;"nao metropolitana"
4117297;"PR";41;"nao metropolitana"
4322376;"RS";43;"nao metropolitana"
1716307;"TO";17;"nao metropolitana"
3120870;"MG";31;"nao metropolitana"
1707553;"TO";17;"nao metropolitana"
5208103;"GO";52;"nao metropolitana"
2802601;"SE";28;"nao metropolitana"
5104500;"MT";51;"nao metropolitana"
2921609;"BA";29;"nao metropolitana"
2110237;"MA";21;"nao metropolitana"
3161403;"MG";31;"nao metropolitana"
2410900;"RN";24;"nao metropolitana"
5108352;"MT";51;"nao metropolitana"
4205555;"SC";42;"nao metropolitana"
2502706;"PB";25;"nao metropolitana"
1505601;"PA";15;"nao metropolitana"
2511608;"PB";25;"nao metropolitana"
4210555;"SC";42;"nao metropolitana"
2505402;"PB";25;"nao metropolitana"
5106273;"MT";51;"nao metropolitana"
2903300;"BA";29;"nao metropolitana"
5103809;"MT";51;"nao metropolitana"
4318051;"RS";43;"nao metropolitana"
5206602;"GO";52;"nao metropolitana"
2501575;"PB";25;"nao metropolitana"
4322343;"RS";43;"nao metropolitana"
3159001;"MG";31;"nao metropolitana"
4201109;"SC";42;"nao metropolitana"
2206696;"PI";22;"nao metropolitana"
3115003;"MG";31;"nao metropolitana"
2921450;"BA";29;"nao metropolitana"
2300507;"CE";23;"nao metropolitana"
2203230;"PI";22;"nao metropolitana"
1718758;"TO";17;"nao metropolitana"
3150109;"MG";31;"nao metropolitana"
3516507;"SP";35;"nao metropolitana"
3121308;"MG";31;"nao metropolitana"
3543501;"SP";35;"nao metropolitana"
2925931;"BA";29;"nao metropolitana"
4319737;"RS";43;"nao metropolitana"
5210562;"GO";52;"nao metropolitana"
2502003;"PB";25;"nao metropolitana"
2407302;"RN";24;"nao metropolitana"
3110103;"MG";31;"nao metropolitana"
1302108;"AM";13;"nao metropolitana"
2924900;"BA";29;"nao metropolitana"
5214101;"GO";52;"nao metropolitana"
1712702;"TO";17;"nao metropolitana"
3150570;"MG";31;"nao metropolitana"
3129400;"MG";31;"nao metropolitana"
4219150;"SC";42;"nao metropolitana"
4122107;"PR";41;"nao metropolitana"
2918902;"BA";29;"nao metropolitana"
4118303;"PR";41;"nao metropolitana"
2616183;"PE";26;"nao metropolitana"
2910305;"BA";29;"nao metropolitana"
4306759;"RS";43;"nao metropolitana"
5215207;"GO";52;"nao metropolitana"
2208700;"PI";22;"nao metropolitana"
3138658;"MG";31;"nao metropolitana"
3165578;"MG";31;"nao metropolitana"
4128302;"PR";41;"nao metropolitana"
4310413;"RS";43;"nao metropolitana"
2507408;"PB";25;"nao metropolitana"
5208301;"GO";52;"nao metropolitana"
3125606;"MG";31;"nao metropolitana"
3120607;"MG";31;"nao metropolitana"
4215752;"SC";42;"nao metropolitana"
1101476;"RO";11;"nao metropolitana"
3532108;"SP";35;"nao metropolitana"
2413003;"RN";24;"nao metropolitana"
3140555;"MG";31;"nao metropolitana"
3144672;"MG";31;"nao metropolitana"
2406601;"RN";24;"nao metropolitana"
2612109;"PE";26;"nao metropolitana"
4316428;"RS";43;"nao metropolitana"
3130655;"MG";31;"nao metropolitana"
5221908;"GO";52;"nao metropolitana"
4120309;"PR";41;"nao metropolitana"
4314555;"RS";43;"nao metropolitana"
3132008;"MG";31;"nao metropolitana"
4211892;"SC";42;"nao metropolitana"
1712009;"TO";17;"nao metropolitana"
2802205;"SE";28;"nao metropolitana"
2515005;"PB";25;"nao metropolitana"
4204152;"SC";42;"nao metropolitana"
4318614;"RS";43;"nao metropolitana"
2202059;"PI";22;"nao metropolitana"
3164100;"MG";31;"nao metropolitana"
3127388;"MG";31;"nao metropolitana"
2506251;"PB";25;"nao metropolitana"
2109304;"MA";21;"nao metropolitana"
2401651;"RN";24;"nao metropolitana"
3135357;"MG";31;"nao metropolitana"
4315057;"RS";43;"nao metropolitana"
4321832;"RS";43;"nao metropolitana"
3130556;"MG";31;"nao metropolitana"
3526308;"SP";35;"nao metropolitana"
3165503;"MG";31;"nao metropolitana"
2914208;"BA";29;"nao metropolitana"
2503902;"PB";25;"nao metropolitana"
2507606;"PB";25;"nao metropolitana"
3141504;"MG";31;"nao metropolitana"
3127404;"MG";31;"nao metropolitana"
4218855;"SC";42;"nao metropolitana"
4318457;"RS";43;"nao metropolitana"
4311643;"RS";43;"nao metropolitana"
2103109;"MA";21;"nao metropolitana"
3146404;"MG";31;"nao metropolitana"
3111705;"MG";31;"nao metropolitana"
3149606;"MG";31;"nao metropolitana"
2900504;"BA";29;"nao metropolitana"
3544400;"SP";35;"nao metropolitana"
2505006;"PB";25;"nao metropolitana"
2918605;"BA";29;"nao metropolitana"
4108106;"PR";41;"nao metropolitana"
5221007;"GO";52;"nao metropolitana"
2201408;"PI";22;"nao metropolitana"
4312351;"RS";43;"nao metropolitana"
1710706;"TO";17;"nao metropolitana"
2606705;"PE";26;"nao metropolitana"
2701357;"AL";27;"nao metropolitana"
3117009;"MG";31;"nao metropolitana"
2928307;"BA";29;"nao metropolitana"
3170479;"MG";31;"nao metropolitana"
5219605;"GO";52;"nao metropolitana"
2206803;"PI";22;"nao metropolitana"
5212600;"GO";52;"nao metropolitana"
2907558;"BA";29;"nao metropolitana"
2101970;"MA";21;"nao metropolitana"
2405009;"RN";24;"nao metropolitana"
4306072;"RS";43;"nao metropolitana"
2606309;"PE";26;"nao metropolitana"
5202601;"GO";52;"nao metropolitana"
4210050;"SC";42;"nao metropolitana"
2920304;"BA";29;"nao metropolitana"
2210656;"PI";22;"nao metropolitana"
5106851;"MT";51;"nao metropolitana"
2105450;"MA";21;"nao metropolitana"
3538303;"SP";35;"nao metropolitana"
4302378;"RS";43;"nao metropolitana"
3142304;"MG";31;"nao metropolitana"
3169059;"MG";31;"nao metropolitana"
4322558;"RS";43;"nao metropolitana"
3114709;"MG";31;"nao metropolitana"
2205607;"PI";22;"nao metropolitana"
3530003;"SP";35;"nao metropolitana"
3170578;"MG";31;"nao metropolitana"
4215901;"SC";42;"nao metropolitana"
2900900;"BA";29;"nao metropolitana"
3159407;"MG";31;"nao metropolitana"
2504504;"PB";25;"nao metropolitana"
4322350;"RS";43;"nao metropolitana"
1703073;"TO";17;"nao metropolitana"
2911659;"BA";29;"nao metropolitana"
3126802;"MG";31;"nao metropolitana"
2504033;"PB";25;"nao metropolitana"
2305100;"CE";23;"nao metropolitana"
3515905;"SP";35;"nao metropolitana"
5209804;"GO";52;"nao metropolitana"
2405207;"RN";24;"nao metropolitana"
2514206;"PB";25;"nao metropolitana"
4213153;"SC";42;"nao metropolitana"
3159308;"MG";31;"nao metropolitana"
2927804;"BA";29;"nao metropolitana"
2504157;"PB";25;"nao metropolitana"
4114351;"PR";41;"nao metropolitana"
2515906;"PB";25;"nao metropolitana"
5200902;"GO";52;"nao metropolitana"
3123403;"MG";31;"nao metropolitana"
3133907;"MG";31;"nao metropolitana"
3171154;"MG";31;"nao metropolitana"
2205557;"PI";22;"nao metropolitana"
4109104;"PR";41;"nao metropolitana"
2510006;"PB";25;"nao metropolitana"
4110300;"PR";41;"nao metropolitana"
2406304;"RN";24;"nao metropolitana"
4312179;"RS";43;"nao metropolitana"
3555307;"SP";35;"nao metropolitana"
2410207;"RN";24;"nao metropolitana"
2412708;"RN";24;"nao metropolitana"
1718451;"TO";17;"nao metropolitana"
2906402;"BA";29;"nao metropolitana"
5210158;"GO";52;"nao metropolitana"
4323606;"RS";43;"nao metropolitana"
2919009;"BA";29;"nao metropolitana"
4308250;"RS";43;"nao metropolitana"
3120151;"MG";31;"nao metropolitana"
3103603;"MG";31;"nao metropolitana"
2210938;"PI";22;"nao metropolitana"
1711506;"TO";17;"nao metropolitana"
2508505;"PB";25;"nao metropolitana"
4309571;"RS";43;"nao metropolitana"
3527504;"SP";35;"nao metropolitana"
2313252;"CE";23;"nao metropolitana"
4214102;"SC";42;"nao metropolitana"
3164472;"MG";31;"nao metropolitana"
4209177;"SC";42;"nao metropolitana"
4306924;"RS";43;"nao metropolitana"
2607406;"PE";26;"nao metropolitana"
2515807;"PB";25;"nao metropolitana"
2602506;"PE";26;"nao metropolitana"
2203453;"PI";22;"nao metropolitana"
1710904;"TO";17;"nao metropolitana"
3156502;"MG";31;"nao metropolitana"
3122207;"MG";31;"nao metropolitana"
2909000;"BA";29;"nao metropolitana"
4313441;"RS";43;"nao metropolitana"
2701803;"AL";27;"nao metropolitana"
2923308;"BA";29;"nao metropolitana"
2705408;"AL";27;"nao metropolitana"
2509156;"PB";25;"nao metropolitana"
3122504;"MG";31;"nao metropolitana"
2505238;"PB";25;"nao metropolitana"
3130804;"MG";31;"nao metropolitana"
2903953;"BA";29;"nao metropolitana"
2200459;"PI";22;"nao metropolitana"
2104081;"MA";21;"nao metropolitana"
2505204;"PB";25;"nao metropolitana"
3106101;"MG";31;"nao metropolitana"
4314787;"RS";43;"nao metropolitana"
2207207;"PI";22;"nao metropolitana"
3527801;"SP";35;"nao metropolitana"
3163409;"MG";31;"nao metropolitana"
4107124;"PR";41;"nao metropolitana"
4319711;"RS";43;"nao metropolitana"
2801603;"SE";28;"nao metropolitana"
4311239;"RS";43;"nao metropolitana"
5201603;"GO";52;"nao metropolitana"
4305157;"RS";43;"nao metropolitana"
2615102;"PE";26;"nao metropolitana"
4314548;"RS";43;"nao metropolitana"
4315172;"RS";43;"nao metropolitana"
4205431;"SC";42;"nao metropolitana"
3135076;"MG";31;"nao metropolitana"
4313466;"RS";43;"nao metropolitana"
3129905;"MG";31;"nao metropolitana"
2300804;"CE";23;"nao metropolitana"
2102408;"MA";21;"nao metropolitana"
2409704;"RN";24;"nao metropolitana"
2803104;"SE";28;"nao metropolitana"
2202752;"PI";22;"nao metropolitana"
4320651;"RS";43;"nao metropolitana"
2412104;"RN";24;"nao metropolitana"
2504355;"PB";25;"nao metropolitana"
2304277;"CE";23;"nao metropolitana"
4205175;"SC";42;"nao metropolitana"
2923050;"BA";29;"nao metropolitana"
2501203;"PB";25;"nao metropolitana"
2918555;"BA";29;"nao metropolitana"
5200829;"GO";52;"nao metropolitana"
2409332;"RN";24;"nao metropolitana"
3525805;"SP";35;"nao metropolitana"
3159704;"MG";31;"nao metropolitana"
2803807;"SE";28;"nao metropolitana"
3121001;"MG";31;"nao metropolitana"
3156452;"MG";31;"nao metropolitana"
3143450;"MG";31;"nao metropolitana"
3164431;"MG";31;"nao metropolitana"
3122470;"MG";31;"nao metropolitana"
3107208;"MG";31;"nao metropolitana"
3136553;"MG";31;"nao metropolitana"
2111573;"MA";21;"nao metropolitana"
3160454;"MG";31;"nao metropolitana"
3169505;"MG";31;"nao metropolitana"
2513604;"PB";25;"nao metropolitana"
2301505;"CE";23;"nao metropolitana"
2502607;"PB";25;"nao metropolitana"
1705607;"TO";17;"nao metropolitana"
2403202;"RN";24;"nao metropolitana"
1718402;"TO";17;"nao metropolitana"
2202133;"PI";22;"nao metropolitana"
5218391;"GO";52;"nao metropolitana"
2106359;"MA";21;"nao metropolitana"
3157302;"MG";31;"nao metropolitana"
3529658;"SP";35;"nao metropolitana"
4301925;"RS";43;"nao metropolitana"
3114808;"MG";31;"nao metropolitana"
2513208;"PB";25;"nao metropolitana"
4125555;"PR";41;"nao metropolitana"
2207405;"PI";22;"nao metropolitana"
3167905;"MG";31;"nao metropolitana"
4310579;"RS";43;"nao metropolitana"
5207105;"GO";52;"nao metropolitana"
3138682;"MG";31;"nao metropolitana"
2202778;"PI";22;"nao metropolitana"
3123858;"MG";31;"nao metropolitana"
4215059;"SC";42;"nao metropolitana"
1715002;"TO";17;"nao metropolitana"
5204656;"GO";52;"nao metropolitana"
3127206;"MG";31;"nao metropolitana"
2311231;"CE";23;"nao metropolitana"
3136959;"MG";31;"nao metropolitana"
2900603;"BA";29;"nao metropolitana"
4310751;"RS";43;"nao metropolitana"
4210852;"SC";42;"nao metropolitana"
2101939;"MA";21;"nao metropolitana"
4202156;"SC";42;"nao metropolitana"
3501400;"SP";35;"nao metropolitana"
2206506;"PI";22;"nao metropolitana"
2204907;"PI";22;"nao metropolitana"
3123502;"MG";31;"nao metropolitana"
3167707;"MG";31;"nao metropolitana"
4311429;"RS";43;"nao metropolitana"
2505600;"PB";25;"nao metropolitana"
1718899;"TO";17;"nao metropolitana"
4306551;"RS";43;"nao metropolitana"
3507159;"SP";35;"nao metropolitana"
2503555;"PB";25;"nao metropolitana"
4312625;"RS";43;"nao metropolitana"
1717206;"TO";17;"nao metropolitana"
2104628;"MA";21;"nao metropolitana"
2310951;"CE";23;"nao metropolitana"
3145802;"MG";31;"nao metropolitana"
4315453;"RS";43;"nao metropolitana"
2919108;"BA";29;"nao metropolitana"
2513158;"PB";25;"nao metropolitana"
4204459;"SC";42;"nao metropolitana"
2611533;"PE";26;"nao metropolitana"
2203008;"PI";22;"nao metropolitana"
4200754;"SC";42;"nao metropolitana"
3554607;"SP";35;"nao metropolitana"
3117836;"MG";31;"nao metropolitana"
4318465;"RS";43;"nao metropolitana"
5204607;"GO";52;"nao metropolitana"
3125309;"MG";31;"nao metropolitana"
2100550;"MA";21;"nao metropolitana"
4312005;"RS";43;"nao metropolitana"
2922201;"BA";29;"nao metropolitana"
2929354;"BA";29;"nao metropolitana"
1717008;"TO";17;"nao metropolitana"
3515657;"SP";35;"nao metropolitana"
3549607;"SP";35;"nao metropolitana"
3549300;"SP";35;"nao metropolitana"
2504702;"PB";25;"nao metropolitana"
5214804;"GO";52;"nao metropolitana"
2406205;"RN";24;"nao metropolitana"
1506906;"PA";15;"nao metropolitana"
2931103;"BA";29;"nao metropolitana"
2910776;"BA";29;"nao metropolitana"
1720101;"TO";17;"nao metropolitana"
3117207;"MG";31;"nao metropolitana"
3168309;"MG";31;"nao metropolitana"
4213906;"SC";42;"nao metropolitana"
2201960;"PI";22;"nao metropolitana"
3122108;"MG";31;"nao metropolitana"
2703403;"AL";27;"nao metropolitana"
3140209;"MG";31;"nao metropolitana"
2502904;"PB";25;"nao metropolitana"
4119251;"PR";41;"nao metropolitana"
3171907;"MG";31;"nao metropolitana"
2107258;"MA";21;"nao metropolitana"
3144375;"MG";31;"nao metropolitana"
4206751;"SC";42;"nao metropolitana"
2202091;"PI";22;"nao metropolitana"
3153707;"MG";31;"nao metropolitana"
3555901;"SP";35;"nao metropolitana"
2508802;"PB";25;"nao metropolitana"
3110400;"MG";31;"nao metropolitana"
2411809;"RN";24;"nao metropolitana"
1700251;"TO";17;"nao metropolitana"
2109239;"MA";21;"nao metropolitana"
2922854;"BA";29;"nao metropolitana"
2513307;"PB";25;"nao metropolitana"
3146750;"MG";31;"nao metropolitana"
3102407;"MG";31;"nao metropolitana"
2509396;"PB";25;"nao metropolitana"
4215604;"SC";42;"nao metropolitana"
2709004;"AL";27;"nao metropolitana"
3501509;"SP";35;"nao metropolitana"
3153103;"MG";31;"nao metropolitana"
3112059;"MG";31;"nao metropolitana"
2201705;"PI";22;"nao metropolitana"
2313708;"CE";23;"nao metropolitana"
5220058;"GO";52;"nao metropolitana"
4215687;"SC";42;"nao metropolitana"
3549003;"SP";35;"nao metropolitana"
3102506;"MG";31;"nao metropolitana"
3168200;"MG";31;"nao metropolitana"
2404903;"RN";24;"nao metropolitana"
3112208;"MG";31;"nao metropolitana"
2503100;"PB";25;"nao metropolitana"
3139250;"MG";31;"nao metropolitana"
3116308;"MG";31;"nao metropolitana"
3115201;"MG";31;"nao metropolitana"
3148400;"MG";31;"nao metropolitana"
2205854;"PI";22;"nao metropolitana"
3138351;"MG";31;"nao metropolitana"
2209104;"PI";22;"nao metropolitana"
3135456;"MG";31;"nao metropolitana"
4210209;"SC";42;"nao metropolitana"
3146206;"MG";31;"nao metropolitana"
2919959;"BA";29;"nao metropolitana"
2506608;"PB";25;"nao metropolitana"
3126604;"MG";31;"nao metropolitana"
2705903;"AL";27;"nao metropolitana"
5202809;"GO";52;"nao metropolitana"
1717800;"TO";17;"nao metropolitana"
2209401;"PI";22;"nao metropolitana"
2513802;"PB";25;"nao metropolitana"
3127503;"MG";31;"nao metropolitana"
2206704;"PI";22;"nao metropolitana"
2200806;"PI";22;"nao metropolitana"
3108503;"MG";31;"nao metropolitana"
5214903;"GO";52;"nao metropolitana"
2200251;"PI";22;"nao metropolitana"
5212006;"GO";52;"nao metropolitana"
5209457;"GO";52;"nao metropolitana"
5210307;"GO";52;"nao metropolitana"
3105509;"MG";31;"nao metropolitana"
4208955;"SC";42;"nao metropolitana"
2806503;"SE";28;"nao metropolitana"
2202026;"PI";22;"nao metropolitana"
4322186;"RS";43;"nao metropolitana"
4210704;"SC";42;"nao metropolitana"
5209606;"GO";52;"nao metropolitana"
2210201;"PI";22;"nao metropolitana"
3157401;"MG";31;"nao metropolitana"
4124202;"PR";41;"nao metropolitana"
3153202;"MG";31;"nao metropolitana"
1714302;"TO";17;"nao metropolitana"
3103207;"MG";31;"nao metropolitana"
2510402;"PB";25;"nao metropolitana"
2300606;"CE";23;"nao metropolitana"
5221452;"GO";52;"nao metropolitana"
3105202;"MG";31;"nao metropolitana"
3132602;"MG";31;"nao metropolitana"
2209708;"PI";22;"nao metropolitana"
2106672;"MA";21;"nao metropolitana"
3555703;"SP";35;"nao metropolitana"
5205703;"GO";52;"nao metropolitana"
3145372;"MG";31;"nao metropolitana"
3170602;"MG";31;"nao metropolitana"
3106655;"MG";31;"nao metropolitana"
2501708;"PB";25;"nao metropolitana"
4107520;"PR";41;"nao metropolitana"
3112653;"MG";31;"nao metropolitana"
4309126;"RS";43;"nao metropolitana"
2910909;"BA";29;"nao metropolitana"
2801108;"SE";28;"nao metropolitana"
2703908;"AL";27;"nao metropolitana"
2514453;"PB";25;"nao metropolitana"
2500205;"PB";25;"nao metropolitana"
5209408;"GO";52;"nao metropolitana"
2209971;"PI";22;"nao metropolitana"
2304608;"CE";23;"nao metropolitana"
5207501;"GO";52;"nao metropolitana"
3141702;"MG";31;"nao metropolitana"
1718881;"TO";17;"nao metropolitana"
3158409;"MG";31;"nao metropolitana"
1718550;"TO";17;"nao metropolitana"
3140605;"MG";31;"nao metropolitana"
3120102;"MG";31;"nao metropolitana"
1701051;"TO";17;"nao metropolitana"
5221577;"GO";52;"nao metropolitana"
2408508;"RN";24;"nao metropolitana"
2210631;"PI";22;"nao metropolitana"
3521200;"SP";35;"nao metropolitana"
3125408;"MG";31;"nao metropolitana"
2201051;"PI";22;"nao metropolitana"
2512200;"PB";25;"nao metropolitana"
3150208;"MG";31;"nao metropolitana"
4108551;"PR";41;"nao metropolitana"
2406007;"RN";24;"nao metropolitana"
2705309;"AL";27;"nao metropolitana"
5200209;"GO";52;"nao metropolitana"
5107297;"MT";51;"nao metropolitana"
2703700;"AL";27;"nao metropolitana"
2509339;"PB";25;"nao metropolitana"
3120839;"MG";31;"nao metropolitana"
2201770;"PI";22;"nao metropolitana"
5204953;"GO";52;"nao metropolitana"
3147956;"MG";31;"nao metropolitana"
2309904;"CE";23;"nao metropolitana"
2515708;"PB";25;"nao metropolitana"
3136405;"MG";31;"nao metropolitana"
3514205;"SP";35;"nao metropolitana"
2103125;"MA";21;"nao metropolitana"
3554755;"SP";35;"nao metropolitana"
2200905;"PI";22;"nao metropolitana"
4304614;"RS";43;"nao metropolitana"
3122603;"MG";31;"nao metropolitana"
3137304;"MG";31;"nao metropolitana"
3162252;"MG";31;"nao metropolitana"
2510204;"PB";25;"nao metropolitana"
2201739;"PI";22;"nao metropolitana"
2209906;"PI";22;"nao metropolitana"
4202578;"SC";42;"nao metropolitana"
2111250;"MA";21;"nao metropolitana"
3123304;"MG";31;"nao metropolitana"
5219506;"GO";52;"nao metropolitana"
2312809;"CE";23;"nao metropolitana"
2208874;"PI";22;"nao metropolitana"
4123600;"PR";41;"nao metropolitana"
2200053;"PI";22;"nao metropolitana"
3160009;"MG";31;"nao metropolitana"
3171402;"MG";31;"nao metropolitana"
2210052;"PI";22;"nao metropolitana"
2603405;"PE";26;"nao metropolitana"
2206670;"PI";22;"nao metropolitana"
2515930;"PB";25;"nao metropolitana"
1715101;"TO";17;"nao metropolitana"
1711100;"TO";17;"nao metropolitana"
1720309;"TO";17;"nao metropolitana"
2210300;"PI";22;"nao metropolitana"
2301802;"CE";23;"nao metropolitana"
2514701;"PB";25;"nao metropolitana"
3136801;"MG";31;"nao metropolitana"
2202653;"PI";22;"nao metropolitana"
4315131;"RS";43;"nao metropolitana"
1718501;"TO";17;"nao metropolitana"
2207777;"PI";22;"nao metropolitana"
3121902;"MG";31;"nao metropolitana"
3149507;"MG";31;"nao metropolitana"
2101731;"MA";21;"nao metropolitana"
2209302;"PI";22;"nao metropolitana"
1702703;"TO";17;"nao metropolitana"
2513927;"PB";25;"nao metropolitana"
3157658;"MG";31;"nao metropolitana"
1713957;"TO";17;"nao metropolitana"
5213053;"GO";52;"nao metropolitana"
2514008;"PB";25;"nao metropolitana"
3117405;"MG";31;"nao metropolitana"
2209005;"PI";22;"nao metropolitana"
2413102;"RN";24;"nao metropolitana"
3146552;"MG";31;"nao metropolitana"
2402808;"RN";24;"nao metropolitana"
2201919;"PI";22;"nao metropolitana"
3532868;"SP";35;"nao metropolitana"
2909505;"BA";29;"nao metropolitana"
2205300;"PI";22;"nao metropolitana"
2206902;"PI";22;"nao metropolitana"
3170651;"MG";31;"nao metropolitana"
3150000;"MG";31;"nao metropolitana"
3544707;"SP";35;"nao metropolitana"
2202802;"PI";22;"nao metropolitana"
5205521;"GO";52;"nao metropolitana"
2109759;"MA";21;"nao metropolitana"
2203602;"PI";22;"nao metropolitana"
2512762;"PB";25;"nao metropolitana"
3127339;"MG";31;"nao metropolitana"
4204756;"SC";42;"nao metropolitana"
3144904;"MG";31;"nao metropolitana"
2505279;"PB";25;"nao metropolitana"
3145505;"MG";31;"nao metropolitana"
3120300;"MG";31;"nao metropolitana"
4205357;"SC";42;"nao metropolitana"
2401602;"RN";24;"nao metropolitana"
2919900;"BA";29;"nao metropolitana"
2202539;"PI";22;"nao metropolitana"
3162302;"MG";31;"nao metropolitana"
2403301;"RN";24;"nao metropolitana"
1507466;"PA";15;"nao metropolitana"
4116000;"PR";41;"nao metropolitana"
2202729;"PI";22;"nao metropolitana"
2514305;"PB";25;"nao metropolitana"
3115474;"MG";31;"nao metropolitana"
3157278;"MG";31;"nao metropolitana"
3543238;"SP";35;"nao metropolitana"
3119609;"MG";31;"nao metropolitana"
3125200;"MG";31;"nao metropolitana"
3110806;"MG";31;"nao metropolitana"
2413300;"RN";24;"nao metropolitana"
3129657;"MG";31;"nao metropolitana"
3553658;"SP";35;"nao metropolitana"
2410504;"RN";24;"nao metropolitana"
2112274;"MA";21;"nao metropolitana"
2924108;"BA";29;"nao metropolitana"
3161650;"MG";31;"nao metropolitana"
3140100;"MG";31;"nao metropolitana"
2504207;"PB";25;"nao metropolitana"
2406809;"RN";24;"nao metropolitana"
2206357;"PI";22;"nao metropolitana"
1703602;"TO";17;"nao metropolitana"
2202109;"PI";22;"nao metropolitana"
2202174;"PI";22;"nao metropolitana"
2205516;"PI";22;"nao metropolitana"
3155108;"MG";31;"nao metropolitana"
3163300;"MG";31;"nao metropolitana"
4207858;"SC";42;"nao metropolitana"
2413706;"RN";24;"nao metropolitana"
2111953;"MA";21;"nao metropolitana"
3155207;"MG";31;"nao metropolitana"
1706258;"TO";17;"nao metropolitana"
4320453;"RS";43;"nao metropolitana"
2414456;"RN";24;"nao metropolitana"
2105658;"MA";21;"nao metropolitana"
2205581;"PI";22;"nao metropolitana"
3555208;"SP";35;"nao metropolitana"
3107000;"MG";31;"nao metropolitana"
2512754;"PB";25;"nao metropolitana"
2505352;"PB";25;"nao metropolitana"
3158102;"MG";31;"nao metropolitana"
2500536;"PB";25;"nao metropolitana"
1713700;"TO";17;"nao metropolitana"
3160603;"MG";31;"nao metropolitana"
2104701;"MA";21;"nao metropolitana"
2502102;"PB";25;"nao metropolitana"
2614402;"PE";26;"nao metropolitana"
4306353;"RS";43;"nao metropolitana"
3128253;"MG";31;"nao metropolitana"
2510303;"PB";25;"nao metropolitana"
2411429;"RN";24;"nao metropolitana"
5200506;"GO";52;"nao metropolitana"
2110807;"MA";21;"nao metropolitana"
2414704;"RN";24;"nao metropolitana"
3118106;"MG";31;"nao metropolitana"
2807006;"SE";28;"nao metropolitana"
2209872;"PI";22;"nao metropolitana"
2913309;"BA";29;"nao metropolitana"
4202099;"SC";42;"nao metropolitana"
2413607;"RN";24;"nao metropolitana"
3163003;"MG";31;"nao metropolitana"
2209658;"PI";22;"nao metropolitana"
2517209;"PB";25;"nao metropolitana"
2111672;"MA";21;"nao metropolitana"
2801900;"SE";28;"nao metropolitana"
3152131;"MG";31;"nao metropolitana"
2205151;"PI";22;"nao metropolitana"
5107156;"MT";51;"nao metropolitana"
2205904;"PI";22;"nao metropolitana"
3136579;"MG";31;"nao metropolitana"
3165909;"MG";31;"nao metropolitana"
4209458;"SC";42;"nao metropolitana"
5212253;"GO";52;"nao metropolitana"
2109056;"MA";21;"nao metropolitana"
2205573;"PI";22;"nao metropolitana"
2205524;"PI";22;"nao metropolitana"
3104452;"MG";31;"nao metropolitana"
2201945;"PI";22;"nao metropolitana"
3527256;"SP";35;"nao metropolitana"
2502300;"PB";25;"nao metropolitana"
5212907;"GO";52;"nao metropolitana"
3503505;"SP";35;"nao metropolitana"
2911253;"BA";29;"nao metropolitana"
3157500;"MG";31;"nao metropolitana"
2512077;"PB";25;"nao metropolitana"
3130002;"MG";31;"nao metropolitana"
3102209;"MG";31;"nao metropolitana"
3157609;"MG";31;"nao metropolitana"
3150539;"MG";31;"nao metropolitana"
3106606;"MG";31;"nao metropolitana"
3109600;"MG";31;"nao metropolitana"
3127073;"MG";31;"nao metropolitana"
2106201;"MA";21;"nao metropolitana"
3161601;"MG";31;"nao metropolitana"
2411908;"RN";24;"nao metropolitana"
2513505;"PB";25;"nao metropolitana"
2402907;"RN";24;"nao metropolitana"
2501534;"PB";25;"nao metropolitana"
5203939;"GO";52;"nao metropolitana"
2918704;"BA";29;"nao metropolitana"
2203354;"PI";22;"nao metropolitana"
2405405;"RN";24;"nao metropolitana"
5220702;"GO";52;"nao metropolitana"
1718709;"TO";17;"nao metropolitana"
5206800;"GO";52;"nao metropolitana"
4304853;"RS";43;"nao metropolitana"
2111631;"MA";21;"nao metropolitana"
4317251;"RS";43;"nao metropolitana"
5107883;"MT";51;"nao metropolitana"
4217956;"SC";42;"nao metropolitana"
3100401;"MG";31;"nao metropolitana"
3137908;"MG";31;"nao metropolitana"
3114907;"MG";31;"nao metropolitana"
2205599;"PI";22;"nao metropolitana"
3108701;"MG";31;"nao metropolitana"
2700805;"AL";27;"nao metropolitana"
3157377;"MG";31;"nao metropolitana"
4112603;"PR";41;"nao metropolitana"
1718808;"TO";17;"nao metropolitana"
4211876;"SC";42;"nao metropolitana"
3161056;"MG";31;"nao metropolitana"
3522158;"SP";35;"nao metropolitana"
5213855;"GO";52;"nao metropolitana"
5214705;"GO";52;"nao metropolitana"
2201929;"PI";22;"nao metropolitana"
2206050;"PI";22;"nao metropolitana"
5220280;"GO";52;"nao metropolitana"
3159100;"MG";31;"nao metropolitana"
3549201;"SP";35;"nao metropolitana"
3515806;"SP";35;"nao metropolitana"
2411007;"RN";24;"nao metropolitana"
2202554;"PI";22;"nao metropolitana"
2100105;"MA";21;"nao metropolitana"
2806909;"SE";28;"nao metropolitana"
3162658;"MG";31;"nao metropolitana"
5214879;"GO";52;"nao metropolitana"
1712454;"TO";17;"nao metropolitana"
5106315;"MT";51;"nao metropolitana"
2406908;"RN";24;"nao metropolitana"
1720853;"TO";17;"nao metropolitana"
3136520;"MG";31;"nao metropolitana"
4305934;"RS";43;"nao metropolitana"
2209377;"PI";22;"nao metropolitana"
2501351;"PB";25;"nao metropolitana"
2205276;"PI";22;"nao metropolitana"
3127057;"MG";31;"nao metropolitana"
3121506;"MG";31;"nao metropolitana"
1703883;"TO";17;"nao metropolitana"
2706208;"AL";27;"nao metropolitana"
3166105;"MG";31;"nao metropolitana"
3120003;"MG";31;"nao metropolitana"
2413557;"RN";24;"nao metropolitana"
1711951;"TO";17;"nao metropolitana"
4217154;"SC";42;"nao metropolitana"
2201804;"PI";22;"nao metropolitana"
3532843;"SP";35;"nao metropolitana"
1703891;"TO";17;"nao metropolitana"
2908804;"BA";29;"nao metropolitana"
5213400;"GO";52;"nao metropolitana"
2202711;"PI";22;"nao metropolitana"
3126406;"MG";31;"nao metropolitana"
2207306;"PI";22;"nao metropolitana"
2408706;"RN";24;"nao metropolitana"
2200277;"PI";22;"nao metropolitana"
2400604;"RN";24;"nao metropolitana"
3148806;"MG";31;"nao metropolitana"
3121704;"MG";31;"nao metropolitana"
3168051;"MG";31;"nao metropolitana"
3111150;"MG";31;"nao metropolitana"
2207751;"PI";22;"nao metropolitana"
3522653;"SP";35;"nao metropolitana"
2206001;"PI";22;"nao metropolitana"
2508109;"PB";25;"nao metropolitana"
2101350;"MA";21;"nao metropolitana"
2408409;"RN";24;"nao metropolitana"
2509602;"PB";25;"nao metropolitana"
1712405;"TO";17;"nao metropolitana"
2204006;"PI";22;"nao metropolitana"
2401909;"RN";24;"nao metropolitana"
2411700;"RN";24;"nao metropolitana"
2607109;"PE";26;"nao metropolitana"
4305835;"RS";43;"nao metropolitana"
2205532;"PI";22;"nao metropolitana"
2203271;"PI";22;"nao metropolitana"
2208858;"PI";22;"nao metropolitana"
3125804;"MG";31;"nao metropolitana"
2401503;"RN";24;"nao metropolitana"
3127370;"MG";31;"nao metropolitana"
1711803;"TO";17;"nao metropolitana"
2410009;"RN";24;"nao metropolitana"
2107308;"MA";21;"nao metropolitana"
3160207;"MG";31;"nao metropolitana"
1720259;"TO";17;"nao metropolitana"
3142502;"MG";31;"nao metropolitana"
3113107;"MG";31;"nao metropolitana"
3142254;"MG";31;"nao metropolitana"
2201002;"PI";22;"nao metropolitana"
3106804;"MG";31;"nao metropolitana"
3149002;"MG";31;"nao metropolitana"
2510501;"PB";25;"nao metropolitana"
3171501;"MG";31;"nao metropolitana"
4215695;"SC";42;"nao metropolitana"
2205458;"PI";22;"nao metropolitana"
5200159;"GO";52;"nao metropolitana"
3547650;"SP";35;"nao metropolitana"
2304806;"CE";23;"nao metropolitana"
3166956;"MG";31;"nao metropolitana"
2202117;"PI";22;"nao metropolitana"
3166501;"MG";31;"nao metropolitana"
1712801;"TO";17;"nao metropolitana"
2910206;"BA";29;"nao metropolitana"
3143153;"MG";31;"nao metropolitana"
1720002;"TO";17;"nao metropolitana"
4302055;"RS";43;"nao metropolitana"
3101300;"MG";31;"nao metropolitana"
2210623;"PI";22;"nao metropolitana"
2407252;"RN";24;"nao metropolitana"
2209153;"PI";22;"nao metropolitana"
3147808;"MG";31;"nao metropolitana"
2414753;"RN";24;"nao metropolitana"
2704906;"AL";27;"nao metropolitana"
2210102;"PI";22;"nao metropolitana"
3503950;"SP";35;"nao metropolitana"
2504074;"PB";25;"nao metropolitana"
2209807;"PI";22;"nao metropolitana"
4315073;"RS";43;"nao metropolitana"
3536570;"SP";35;"nao metropolitana"
2514107;"PB";25;"nao metropolitana"
3529104;"SP";35;"nao metropolitana"
2206753;"PI";22;"nao metropolitana"
5206701;"GO";52;"nao metropolitana"
3518008;"SP";35;"nao metropolitana"
3104403;"MG";31;"nao metropolitana"
2805000;"SE";28;"nao metropolitana"
2415008;"RN";24;"nao metropolitana"
2204550;"PI";22;"nao metropolitana"
2411106;"RN";24;"nao metropolitana"
2203420;"PI";22;"nao metropolitana"
2511004;"PB";25;"nao metropolitana"
3549250;"SP";35;"nao metropolitana"
5209291;"GO";52;"nao metropolitana"
3124609;"MG";31;"nao metropolitana"
3143708;"MG";31;"nao metropolitana"
2205565;"PI";22;"nao metropolitana"
2202851;"PI";22;"nao metropolitana"
1704105;"TO";17;"nao metropolitana"
2404002;"RN";24;"nao metropolitana"
1709807;"TO";17;"nao metropolitana"
2513984;"PB";25;"nao metropolitana"
3145703;"MG";31;"nao metropolitana"
2410801;"RN";24;"nao metropolitana"
2207959;"PI";22;"nao metropolitana"
2204105;"PI";22;"nao metropolitana"
2506509;"PB";25;"nao metropolitana"
2211357;"PI";22;"nao metropolitana"
2203800;"PI";22;"nao metropolitana"
3122801;"MG";31;"nao metropolitana"
2508703;"PB";25;"nao metropolitana"
3155009;"MG";31;"nao metropolitana"
1718006;"TO";17;"nao metropolitana"
2209856;"PI";22;"nao metropolitana"
3170305;"MG";31;"nao metropolitana"
2209351;"PI";22;"nao metropolitana"
2505501;"PB";25;"nao metropolitana"
5221080;"GO";52;"nao metropolitana"
2510600;"PB";25;"nao metropolitana"
2211407;"PI";22;"nao metropolitana"
2406403;"RN";24;"nao metropolitana"
2512036;"PB";25;"nao metropolitana"
2409209;"RN";24;"nao metropolitana"
2211704;"PI";22;"nao metropolitana"
2201988;"PI";22;"nao metropolitana"
2210904;"PI";22;"nao metropolitana"
2200103;"PI";22;"nao metropolitana"
2210359;"PI";22;"nao metropolitana"
3144201;"MG";31;"nao metropolitana"
2707008;"AL";27;"nao metropolitana"
2516151;"PB";25;"nao metropolitana"
2408607;"RN";24;"nao metropolitana"
3125507;"MG";31;"nao metropolitana"
2211605;"PI";22;"nao metropolitana"
3165560;"MG";31;"nao metropolitana"
2503407;"PB";25;"nao metropolitana"
2502052;"PB";25;"nao metropolitana"
2505907;"PB";25;"nao metropolitana"
2201556;"PI";22;"nao metropolitana"
3140407;"MG";31;"nao metropolitana"
2512747;"PB";25;"nao metropolitana"
3163607;"MG";31;"nao metropolitana"
5105309;"MT";51;"nao metropolitana"
1715259;"TO";17;"nao metropolitana"
3158706;"MG";31;"nao metropolitana"
2414308;"RN";24;"nao metropolitana"
2406155;"RN";24;"nao metropolitana"
2515203;"PB";25;"nao metropolitana"
2201176;"PI";22;"nao metropolitana"
2202455;"PI";22;"nao metropolitana"
1721307;"TO";17;"nao metropolitana"
2410702;"RN";24;"nao metropolitana"
3126950;"MG";31;"nao metropolitana"
1719004;"TO";17;"nao metropolitana"
2516755;"PB";25;"nao metropolitana"
2503753;"PB";25;"nao metropolitana"
2209955;"PI";22;"nao metropolitana"
2514552;"PB";25;"nao metropolitana"
2209559;"PI";22;"nao metropolitana"
3165800;"MG";31;"nao metropolitana"
2517100;"PB";25;"nao metropolitana"
2202251;"PI";22;"nao metropolitana"
2513356;"PB";25;"nao metropolitana"
2202737;"PI";22;"nao metropolitana"
3115409;"MG";31;"nao metropolitana"
2410603;"RN";24;"nao metropolitana"
2209500;"PI";22;"nao metropolitana"
2203750;"PI";22;"nao metropolitana"
2514800;"PB";25;"nao metropolitana"
1715150;"TO";17;"nao metropolitana"
3118502;"MG";31;"nao metropolitana"
3127909;"MG";31;"nao metropolitana"
1703826;"TO";17;"nao metropolitana"
2912608;"BA";29;"nao metropolitana"
2205250;"PI";22;"nao metropolitana"
2207553;"PI";22;"nao metropolitana"
3127354;"MG";31;"nao metropolitana"
2206654;"PI";22;"nao metropolitana"
5212055;"GO";52;"nao metropolitana"
2403756;"RN";24;"nao metropolitana"
2204600;"PI";22;"nao metropolitana"
2800100;"SE";28;"nao metropolitana"
3503158;"SP";35;"nao metropolitana"
3153301;"MG";31;"nao metropolitana"
3113800;"MG";31;"nao metropolitana"
2506202;"PB";25;"nao metropolitana"
2513968;"PB";25;"nao metropolitana"
2502201;"PB";25;"nao metropolitana"
3156205;"MG";31;"nao metropolitana"
5106703;"MT";51;"nao metropolitana"
2513000;"PB";25;"nao metropolitana"
2510709;"PB";25;"nao metropolitana"
5204201;"GO";52;"nao metropolitana"
2201572;"PI";22;"nao metropolitana"
3167301;"MG";31;"nao metropolitana"
2400406;"RN";24;"nao metropolitana"
2207355;"PI";22;"nao metropolitana"
2514602;"PB";25;"nao metropolitana"
2513653;"PB";25;"nao metropolitana"
2204154;"PI";22;"nao metropolitana"
2203255;"PI";22;"nao metropolitana"
2409605;"RN";24;"nao metropolitana"
3145406;"MG";31;"nao metropolitana"
3165602;"MG";31;"nao metropolitana"
3132800;"MG";31;"nao metropolitana"
2201309;"PI";22;"nao metropolitana"
2508406;"PB";25;"nao metropolitana"
2207850;"PI";22;"nao metropolitana"
2504108;"PB";25;"nao metropolitana"
2413805;"RN";24;"nao metropolitana"
1720937;"TO";17;"nao metropolitana"
2403905;"RN";24;"nao metropolitana"
2202075;"PI";22;"nao metropolitana"
2500577;"PB";25;"nao metropolitana"
2404804;"RN";24;"nao metropolitana"
2205359;"PI";22;"nao metropolitana"
2209609;"PI";22;"nao metropolitana"
2405504;"RN";24;"nao metropolitana"
3554656;"SP";35;"nao metropolitana"
3149408;"MG";31;"nao metropolitana"
2513851;"PB";25;"nao metropolitana"
2207793;"PI";22;"nao metropolitana"
2209757;"PI";22;"nao metropolitana"
2513943;"PB";25;"nao metropolitana"
2509370;"PB";25;"nao metropolitana"
2210979;"PI";22;"nao metropolitana"
3103306;"MG";31;"nao metropolitana"
1712157;"TO";17;"nao metropolitana"
2500734;"PB";25;"nao metropolitana"
1704600;"TO";17;"nao metropolitana"
3115607;"MG";31;"nao metropolitana"
2210391;"PI";22;"nao metropolitana"
2211506;"PI";22;"nao metropolitana"
2208551;"PI";22;"nao metropolitana"
2505303;"PB";25;"nao metropolitana"
3103108;"MG";31;"nao metropolitana"
2206951;"PI";22;"nao metropolitana"
2210953;"PI";22;"nao metropolitana"
3160504;"MG";31;"nao metropolitana"
2208601;"PI";22;"nao metropolitana"
2512788;"PB";25;"nao metropolitana"
3146602;"MG";31;"nao metropolitana"
2207934;"PI";22;"nao metropolitana"
2517407;"PB";25;"nao metropolitana"
2514651;"PB";25;"nao metropolitana"
2210383;"PI";22;"nao metropolitana"
2203859;"PI";22;"nao metropolitana"
3147501;"MG";31;"nao metropolitana"
2405900;"RN";24;"nao metropolitana"
2407906;"RN";24;"nao metropolitana"
5101209;"MT";51;"nao metropolitana"
1715507;"TO";17;"nao metropolitana"
2504850;"PB";25;"nao metropolitana"
2205540;"PI";22;"nao metropolitana"
3164803;"MG";31;"nao metropolitana"
1718659;"TO";17;"nao metropolitana"
1720150;"TO";17;"nao metropolitana"
3166600;"MG";31;"nao metropolitana"
2510659;"PB";25;"nao metropolitana"
2501153;"PB";25;"nao metropolitana"
2207108;"PI";22;"nao metropolitana"
2210375;"PI";22;"nao metropolitana"
2200954;"PI";22;"nao metropolitana"
5201207;"GO";52;"nao metropolitana"
2414902;"RN";24;"nao metropolitana"
2206308;"PI";22;"nao metropolitana"
