COD_UF;UF;COD_CIDADE;NOME_CIDADE;pop2018;area;hierarquia
35;SP;3550308;Arranjo Populacional de São Paulo/SP;21510595;7153,971;Grande Metrópole Nacional
33;RJ;3304557;Arranjo Populacional do Rio de Janeiro/RJ;12712762;6044,980;Metrópole Nacional
53;DF;5300108;Arranjo Populacional de Brasília/DF;3931072;17199,340;Metrópole Nacional
31;MG;3106200;Arranjo Populacional de Belo Horizonte/MG;5160564;5519,435;Metrópole
43;RS;4314902;Arranjo Populacional de Porto Alegre/RS;3955384;5791,354;Metrópole
41;PR;4106902;Arranjo Populacional de Curitiba/PR;3430082;7872,809;Metrópole
35;SP;3509502;Arranjo Populacional de Campinas/SP;2140988;1774,602;Metrópole
29;BA;2927408;Arranjo Populacional de Salvador/BA;3795668;3617,513;Metrópole
26;PE;2611606;Arranjo Populacional do Recife/PE;4031485;3036,429;Metrópole
23;CE;2304400;Arranjo Populacional de Fortaleza/CE;3615573;3081,488;Metrópole
13;AM;1302603;Manaus;2145444;11401,092;Metrópole
52;GO;5208707;Arranjo Populacional de Goiânia/GO;2458668;4972,041;Metrópole
32;ES;3205309;Arranjo Populacional de Vitória/ES;1828691;1733,830;Metrópole
15;PA;1501402;Arranjo Populacional de Belém/PA;2202308;1541,078;Metrópole
42;SC;4205407;Arranjo Populacional de Florianópolis/SC;1036775;3208,084;Metrópole
35;SP;3543402;Arranjo Populacional de Ribeirão Preto/SP;858911;2299,919;Capital Regional A
21;MA;2111300;Arranjo Populacional de São Luís/MA;1421946;969,833;Capital Regional A
24;RN;2408102;Arranjo Populacional de Natal/RN;1342500;1191,938;Capital Regional A
51;MT;5103403;Arranjo Populacional de Cuiabá/MT;889162;4209,106;Capital Regional A
50;MS;5002704;Campo Grande;885711;8092,951;Capital Regional A
25;PB;2507507;Arranjo Populacional de João Pessoa/PB;1136627;1258,646;Capital Regional A
27;AL;2704302;Arranjo Populacional de Maceió/AL;1211882;1582,363;Capital Regional A
28;SE;2800308;Arranjo Populacional de Aracaju/SE;1050402;1631,343;Capital Regional A
22;PI;2211001;Arranjo Populacional de Teresina/PI;1029415;3155,658;Capital Regional A
35;SP;3549904;Arranjo Populacional de São José dos Campos/SP;1593938;4577,600;Capital Regional B
35;SP;3552205;Arranjo Populacional de Sorocaba/SP;889472;1253,395;Capital Regional B
31;MG;3170206;Uberlândia;683247;4115,206;Capital Regional B
42;SC;4208203;Arranjo Populacional de Itajaí - Balneário Camboriú/SC;597484;953,020;Capital Regional B
42;SC;4209102;Arranjo Populacional de Joinville/SC;619854;1512,118;Capital Regional B
41;PR;4113700;Arranjo Populacional de Londrina/PR;736153;2604,864;Capital Regional B
43;RS;4305108;Arranjo Populacional de Caxias do Sul/RS;581481;2059,518;Capital Regional B
41;PR;4115200;Arranjo Populacional de Maringá/PR;636899;2430,697;Capital Regional B
42;SC;4202404;Arranjo Populacional de Blumenau/SC;502853;1587,518;Capital Regional B
35;SP;3549805;Arranjo Populacional de São José do Rio Preto/SP;614999;2594,674;Capital Regional B
31;MG;3136702;Arranjo Populacional de Juiz de Fora/MG;588332;1985,145;Capital Regional B
11;RO;1100205;Arranjo Populacional de Porto Velho/RO;545514;40934,822;Capital Regional B
35;SP;3506003;Arranjo Populacional de Bauru/SP;387775;1070,093;Capital Regional B
29;BA;2910800;Feira de Santana;609913;1304,425;Capital Regional B
42;SC;4204608;Arranjo Populacional de Criciúma/SC;386044;2031,530;Capital Regional B
41;PR;4104808;Arranjo Populacional de Cascavel/PR;334658;2427,264;Capital Regional B
42;SC;4204202;Arranjo Populacional de Chapecó/SC;225749;914,544;Capital Regional B
31;MG;3143302;Montes Claros;404804;3568,941;Capital Regional B
43;RS;4314100;Passo Fundo;201767;783,603;Capital Regional B
17;TO;1721000;Palmas;291855;2218,942;Capital Regional B
23;CE;2307304;Arranjo Populacional de Juazeiro do Norte/CE;463453;1994,807;Capital Regional B
26;PE;2604106;Caruaru;356872;920,610;Capital Regional B
29;BA;2933307;Vitória da Conquista;338885;3705,838;Capital Regional B
29;BA;2914802;Itabuna;212740;401,028;Capital Regional B
35;SP;3525904;Arranjo Populacional de Jundiaí/SP;804936;1269,462;Capital Regional C
35;SP;3548500;Arranjo Populacional da Baixada Santista/SP;1719370;1610,975;Capital Regional C
33;RJ;3302403;Arranjo Populacional de Macaé - Rio das Ostras/RJ;480018;2563,046;Capital Regional C
35;SP;3538709;Arranjo Populacional de Piracicaba/SP;460838;1880,310;Capital Regional C
33;RJ;3301009;Arranjo Populacional de Campos dos Goytacazes/RJ;539562;4484,883;Capital Regional C
35;SP;3501608;Arranjo Populacional de Americana - Santa Bárbara d´Oeste/SP;489019;478,730;Capital Regional C
33;RJ;3306305;Arranjo Populacional de Volta Redonda - Barra Mansa/RJ;480915;811,492;Capital Regional C
31;MG;3131307;Arranjo Populacional de Ipatinga/MG;556788;2253,391;Capital Regional C
41;PR;4119905;Arranjo Populacional de Ponta Grossa/PR;371036;2704,412;Capital Regional C
41;PR;4108304;Arranjo Populacional Internacional de Foz do Iguaçu/Brasil - Ciudad del Este/Paraguai;282047;877,746;Capital Regional C
31;MG;3170107;Uberaba;330361;4523,957;Capital Regional C
52;GO;5201108;Anápolis;381970;933,156;Capital Regional C
33;RJ;3303906;Arranjo Populacional de Petrópolis/RJ;318158;901,868;Capital Regional C
35;SP;3526902;Arranjo Populacional de Limeira/SP;327528;695,829;Capital Regional C
33;RJ;3300704;Arranjo Populacional de Cabo Frio/RJ;388710;969,580;Capital Regional C
35;SP;3516200;Arranjo Populacional de Franca/SP;396919;2376,580;Capital Regional C
16;AP;1600303;Arranjo Populacional de Macapá/AP;613244;8105,073;Capital Regional C
35;SP;3503208;Arranjo Populacional de Araraquara/SP;298033;1840,848;Capital Regional C
35;SP;3548906;Arranjo Populacional de São Carlos/SP;284141;1427,885;Capital Regional C
35;SP;3541406;Arranjo Populacional de Presidente Prudente/SP;357319;4971,540;Capital Regional C
51;MT;5107602;Rondonópolis;228857;4686,622;Capital Regional C
25;PB;2504009;Arranjo Populacional de Campina Grande/PB;506146;1382,186;Capital Regional C
26;PE;2611101;Arranjo Populacional de Petrolina/PE - Juazeiro/BA;559048;11283,107;Capital Regional C
43;RS;4316808;Arranjo Populacional de Santa Cruz do Sul/RS;156045;1043,030;Capital Regional C
43;RS;4314407;Arranjo Populacional de Pelotas/RS;369866;2519,774;Capital Regional C
12;AC;1200401;Rio Branco;401155;8834,942;Capital Regional C
14;RR;1400100;Boa Vista;375374;5687,037;Capital Regional C
50;MS;5003702;Dourados;220965;4086,237;Capital Regional C
21;MA;2105302;Arranjo Populacional de Imperatriz/MA;270917;1704,755;Capital Regional C
35;SP;3529005;Arranjo Populacional de Marília/SP;254481;1636,899;Capital Regional C
31;MG;3167202;Arranjo Populacional de Sete Lagoas/MG;254143;905,829;Capital Regional C
15;PA;1504208;Marabá;275086;15128,058;Capital Regional C
35;SP;3502804;Araçatuba;195874;1167,126;Capital Regional C
43;RS;4316907;Arranjo Populacional de Santa Maria/RS;285964;1954,367;Capital Regional C
31;MG;3152501;Pouso Alegre;148862;542,797;Capital Regional C
43;RS;4311403;Arranjo Populacional de Lajeado/RS;175364;955,101;Capital Regional C
42;SC;4202909;Arranjo Populacional de Brusque/SC;160144;754,295;Capital Regional C
31;MG;3151800;Poços de Caldas;166111;546,958;Capital Regional C
35;SP;3518404;Arranjo Populacional de Guaratinguetá/SP;191966;1048,834;Capital Regional C
24;RN;2408003;Mossoró;294076;2099,333;Capital Regional C
31;MG;3127701;Governador Valadares;278685;2342,325;Capital Regional C
31;MG;3122306;Divinópolis;235977;708,115;Capital Regional C
51;MT;5107909;Sinop;139935;3941,958;Capital Regional C
42;SC;4218707;Arranjo Populacional de Tubarão - Laguna/SC;186419;854,410;Capital Regional C
35;SP;3511102;Arranjo Populacional de Catanduva/SP;160607;1029,962;Capital Regional C
32;ES;3201209;Cachoeiro de Itapemirim;207324;864,583;Capital Regional C
42;SC;4209300;Lages;157743;2637,660;Capital Regional C
15;PA;1506807;Santarém;302667;17898,389;Capital Regional C
31;MG;3170701;Varginha;134477;395,396;Capital Regional C
35;SP;3505500;Barretos;121344;1566,161;Capital Regional C
35;SP;3525300;Jaú;148581;687,103;Capital Regional C
23;CE;2312908;Arranjo Populacional de Sobral/CE;230813;2639,891;Capital Regional C
27;AL;2700300;Arapiraca;230417;345,655;Capital Regional C
29;BA;2913606;Ilhéus;164844;1588,555;Capital Regional C
17;TO;1702109;Araguaína;177517;4000,416;Capital Regional C
15;PA;1502400;Castanhal;198294;1030,261;Capital Regional C
29;BA;2903201;Barreiras;153831;7859,716;Capital Regional C
11;RO;1100122;Ji-Paraná;127907;6896,649;Capital Regional C
42;SC;4203006;Caçador;77863;987,021;Capital Regional C
29;BA;2910727;Eunápolis;112318;1425,970;Capital Regional C
31;MG;3168606;Teófilo Otoni;140235;3242,270;Capital Regional C
26;PE;2606002;Garanhuns;138983;458,552;Capital Regional C
42;SC;4209003;Arranjo Populacional de Joaçaba - Herval d´Oeste/SC;58008;576,622;Capital Regional C
11;RO;1100049;Cacoal;84813;3792,892;Capital Regional C
35;SP;3523909;Arranjo Populacional de Itu - Salto/SP;289829;773,776;Centro Sub-Regional A
33;RJ;3304201;Arranjo Populacional de Resende/RJ;195417;1676,089;Centro Sub-Regional A
15;PA;1505536;Parauapebas;202882;6886,208;Centro Sub-Regional A
35;SP;3520509;Indaiatuba;246908;311,545;Centro Sub-Regional A
35;SP;3543907;Arranjo Populacional de Rio Claro/SP;238601;786,723;Centro Sub-Regional A
42;SC;4208906;Arranjo Populacional de Jaraguá do Sul/SC;254417;1369,622;Centro Sub-Regional A
35;SP;3530706;Arranjo Populacional de Mogi Guaçu - Mogi Mirim/SP;254626;1384,605;Centro Sub-Regional A
43;RS;4302105;Arranjo Populacional de Bento Gonçalves/RS;185706;741,683;Centro Sub-Regional A
50;MS;5008305;Três Lagoas;119465;10206,949;Centro Sub-Regional A
52;GO;5218805;Rio Verde;229651;8386,827;Centro Sub-Regional A
41;PR;4118204;Paranaguá;153666;826,431;Centro Sub-Regional A
43;RS;4315602;Rio Grande;210005;2708,375;Centro Sub-Regional A
41;PR;4127700;Arranjo Populacional de Toledo/PR;144547;1489,798;Centro Sub-Regional A
32;ES;3203205;Linhares;170364;3496,263;Centro Sub-Regional A
41;PR;4109401;Guarapuava;180334;3168,087;Centro Sub-Regional A
52;GO;5211503;Arranjo Populacional de Itumbiara/GO;110456;2760,347;Centro Sub-Regional A
35;SP;3551702;Sertãozinho;124453;403,089;Centro Sub-Regional A
35;SP;3507605;Bragança Paulista;166753;512,584;Centro Sub-Regional A
35;SP;3503307;Araras;132934;644,831;Centro Sub-Regional A
35;SP;3507506;Botucatu;144820;1482,642;Centro Sub-Regional A
33;RJ;3303401;Nova Friburgo;190084;935,429;Centro Sub-Regional A
35;SP;3522307;Arranjo Populacional de Itapetininga/SP;168149;1948,950;Centro Sub-Regional A
43;RS;4307005;Erechim;105059;429,295;Centro Sub-Regional A
31;MG;3148004;Patos de Minas;150833;3190,187;Centro Sub-Regional A
41;PR;4101507;Arapongas;121198;382,215;Centro Sub-Regional A
41;PR;4118501;Arranjo Populacional de Pato Branco/PR;88710;847,305;Centro Sub-Regional A
43;RS;4301602;Arranjo Populacional de Bagé/RS;142034;7397,935;Centro Sub-Regional A
41;PR;4104303;Campo Mourão;94212;749,638;Centro Sub-Regional A
43;RS;4306106;Cruz Alta;60693;1360,321;Centro Sub-Regional A
41;PR;4128104;Arranjo Populacional de Umuarama/PR;116310;1720,761;Centro Sub-Regional A
32;ES;3201506;Colatina;121580;1398,219;Centro Sub-Regional A
29;BA;2900702;Alagoinhas;150832;707,558;Centro Sub-Regional A
43;RS;4310207;Ijuí;83173;689,094;Centro Sub-Regional A
51;MT;5107958;Tangará da Serra;101764;11601,104;Centro Sub-Regional A
41;PR;4101408;Apucarana;133726;558,389;Centro Sub-Regional A
35;SP;3549102;Arranjo Populacional de São João da Boa Vista/SP;98774;659,072;Centro Sub-Regional A
35;SP;3534708;Arranjo Populacional de Ourinhos/SP;117850;353,277;Centro Sub-Regional A
35;SP;3504008;Assis;103666;460,609;Centro Sub-Regional A
31;MG;3169901;Arranjo Populacional de Ubá/MG;122256;480,125;Centro Sub-Regional A
41;PR;4108403;Francisco Beltrão;89942;735,111;Centro Sub-Regional A
31;MG;3105608;Arranjo Populacional de Barbacena/MG;154655;1419,916;Centro Sub-Regional A
31;MG;3138203;Arranjo Populacional de Lavras/MG;119283;954,043;Centro Sub-Regional A
42;SC;4214805;Arranjo Populacional de Rio do Sul/SC;87427;588,177;Centro Sub-Regional A
43;RS;4322400;Uruguaiana;127079;5702,098;Centro Sub-Regional A
43;RS;4304705;Carazinho;61949;665,515;Centro Sub-Regional A
43;RS;4321600;Arranjo Populacional de Tramandaí - Osório/RS;118626;846,206;Centro Sub-Regional A
33;RJ;3302205;Itaperuna;102626;1106,169;Centro Sub-Regional A
43;RS;4317202;Santa Rosa;72919;489,714;Centro Sub-Regional A
43;RS;4317509;Arranjo Populacional de Santo Ângelo/RS;86162;1233,587;Centro Sub-Regional A
29;BA;2925303;Porto Seguro;146625;2285,764;Centro Sub-Regional A
35;SP;3527207;Arranjo Populacional de Lorena/SP;93347;467,421;Centro Sub-Regional A
41;PR;4105508;Cianorte;81393;811,666;Centro Sub-Regional A
15;PA;1500602;Altamira;113195;159533,328;Centro Sub-Regional A
29;BA;2918001;Jequié;155800;2969,034;Centro Sub-Regional A
11;RO;1100304;Vilhena;97448;11699,150;Centro Sub-Regional A
35;SP;3522406;Itapeva;93892;1826,258;Centro Sub-Regional A
31;MG;3147907;Arranjo Populacional de Passos/MG;118385;1556,862;Centro Sub-Regional A
31;MG;3101607;Alfenas;79481;850,446;Centro Sub-Regional A
41;PR;4118402;Arranjo Populacional de Paranavaí/PR;89347;1333,538;Centro Sub-Regional A
29;BA;2924009;Paulo Afonso;117014;1545,191;Centro Sub-Regional A
52;GO;5213103;Mineiros;65420;9038,775;Centro Sub-Regional A
29;BA;2931350;Teixeira de Freitas;158445;1165,622;Centro Sub-Regional A
11;RO;1100023;Ariquemes;106168;4426,571;Centro Sub-Regional A
42;SC;4219309;Videira;52510;384,127;Centro Sub-Regional A
35;SP;3515509;Arranjo Populacional de Fernandópolis/SP;75035;1137,465;Centro Sub-Regional A
31;MG;3162500;Arranjo Populacional de São João del Rei/MG;109506;1679,568;Centro Sub-Regional A
29;BA;2928703;Santo Antônio de Jesus;100605;261,740;Centro Sub-Regional A
31;MG;3139409;Manhuaçu;89256;628,318;Centro Sub-Regional A
51;MT;5101803;Arranjo Populacional de Barra do Garças/MT;87198;12480,440;Centro Sub-Regional A
31;MG;3143906;Muriaé;108113;841,693;Centro Sub-Regional A
17;TO;1709500;Gurupi;85737;1836,091;Centro Sub-Regional A
41;PR;4128203;Arranjo Populacional de União da Vitória/PR - Porto União/SC;92361;1566,963;Centro Sub-Regional A
32;ES;3204906;São Mateus;128542;2346,047;Centro Sub-Regional A
33;RJ;3300308;Barra do Piraí;99969;584,610;Centro Sub-Regional A
22;PI;2207702;Parnaíba;152653;435,942;Centro Sub-Regional A
42;SC;4201406;Arranjo Populacional de Araranguá/SC;82349;461,226;Centro Sub-Regional A
21;MA;2103000;Caxias;164224;5196,769;Centro Sub-Regional A
31;MG;3101508;Arranjo Populacional de Além Paraíba/MG - Sapucaia/RJ;53526;1050,923;Centro Sub-Regional A
15;PA;1506138;Redenção;83997;3823,809;Centro Sub-Regional A
28;SE;2802908;Itabaiana;94696;337,295;Centro Sub-Regional A
25;PB;2510808;Arranjo Populacional de Patos/PB;108913;629,739;Centro Sub-Regional A
22;PI;2208007;Arranjo Populacional de Picos/PI;83426;1018,640;Centro Sub-Regional A
23;CE;2305506;Iguatu;103255;1029,214;Centro Sub-Regional A
42;SC;4217204;São Miguel do Oeste;40090;233,800;Centro Sub-Regional A
26;PE;2613909;Serra Talhada;85774;2980,007;Centro Sub-Regional A
22;PI;2203909;Arranjo Populacional de Floriano/PI;78554;5617,971;Centro Sub-Regional A
21;MA;2109908;Santa Inês;88590;786,689;Centro Sub-Regional A
29;BA;2911709;Guanambi;84014;1272,366;Centro Sub-Regional A
21;MA;2101202;Bacabal;104633;1683,073;Centro Sub-Regional A
35;SP;3545605;Arranjo Populacional de Santa Adélia - Palmares Paulista - Ariranha/SP;38028;545,018;Centro Sub-Regional A
25;PB;2503704;Cajazeiras;61776;565,899;Centro Sub-Regional A
29;BA;2914604;Irecê;72386;319,174;Centro Sub-Regional A
31;MG;3163706;Arranjo Populacional de São Lourenço/MG;51600;254,885;Centro Sub-Regional A
26;PE;2601201;Arcoverde;73844;323,370;Centro Sub-Regional A
29;BA;2930105;Senhor do Bonfim;78588;789,361;Centro Sub-Regional A
26;PE;2609907;Ouricuri;68939;2381,570;Centro Sub-Regional A
35;SP;3510500;Arranjo Populacional de Caraguatatuba - Ubatuba - São Sebastião/SP;331301;1941,836;Centro Sub-Regional B
43;RS;4305355;Arranjo Populacional de Charqueadas - Triunfo - São Jerônimo/RS;93586;1971,974;Centro Sub-Regional B
33;RJ;3300100;Angra dos Reis;200407;813,210;Centro Sub-Regional B
31;MG;3118304;Arranjo Populacional de Conselheiro Lafaiete/MG;231484;1432,868;Centro Sub-Regional B
52;GO;5205109;Arranjo Populacional de Catalão/GO;121578;5082,002;Centro Sub-Regional B
35;SP;3504107;Arranjo Populacional de Atibaia/SP;166296;586,887;Centro Sub-Regional B
31;MG;3125101;Extrema;35474;244,575;Centro Sub-Regional B
51;MT;5107925;Sorriso;87815;9347,556;Centro Sub-Regional B
31;MG;3104007;Arranjo Populacional de Araxá/MG;109794;2343,310;Centro Sub-Regional B
33;RJ;3305802;Teresópolis;180886;773,338;Centro Sub-Regional B
26;PE;2606200;Goiana;79455;445,886;Centro Sub-Regional B
35;SP;3523404;Itatiba;119090;322,276;Centro Sub-Regional B
15;PA;1501303;Barcarena;122294;1310,340;Centro Sub-Regional B
33;RJ;3306008;Arranjo Populacional de Três Rios - Paraíba do Sul/RJ;140715;1438,107;Centro Sub-Regional B
43;RS;4321204;Arranjo Populacional de Taquara - Parobé - Igrejinha/RS;179239;888,963;Centro Sub-Regional B
32;ES;3200607;Aracruz;99305;1420,285;Centro Sub-Regional B
15;PA;1508100;Tucuruí;112148;2084,289;Centro Sub-Regional B
35;SP;3550605;Arranjo Populacional de São Roque - Mairinque/SP;136795;517,057;Centro Sub-Regional B
35;SP;3506508;Arranjo Populacional de Birigui/SP;136816;1077,721;Centro Sub-Regional B
35;SP;3527108;Lins;77510;570,058;Centro Sub-Regional B
52;GO;5211909;Jataí;99674;7174,225;Centro Sub-Regional B
29;BA;2919553;Luís Eduardo Magalhães;84753;3940,537;Centro Sub-Regional B
31;MG;3103504;Araguari;116691;2729,508;Centro Sub-Regional B
35;SP;3529302;Arranjo Populacional de Matão/SP;91548;674,628;Centro Sub-Regional B
51;MT;5105259;Lucas do Rio Verde;63411;3675,221;Centro Sub-Regional B
35;SP;3554003;Tatuí;120533;523,749;Centro Sub-Regional B
35;SP;3557105;Arranjo Populacional de Votuporanga/SP;103071;1035,699;Centro Sub-Regional B
42;SC;4215802;Arranjo Populacional de São Bento do Sul - Rio Negrinho/SC;125682;1403,978;Centro Sub-Regional B
35;SP;3501905;Arranjo Populacional de Amparo/SP;79664;555,631;Centro Sub-Regional B
51;MT;5107040;Primavera do Leste;61038;5482,065;Centro Sub-Regional B
31;MG;3131703;Itabira;119186;1253,704;Centro Sub-Regional B
35;SP;3511508;Arranjo Populacional de Cerquilho - Tietê/SP;89696;532,199;Centro Sub-Regional B
35;SP;3522604;Itapira;74299;518,416;Centro Sub-Regional B
41;PR;4127106;Telêmaco Borba;78135;1382,860;Centro Sub-Regional B
31;MG;3133808;Arranjo Populacional de Itaúna/MG;103598;790,914;Centro Sub-Regional B
26;PE;2616407;Vitória de Santo Antão;137915;335,941;Centro Sub-Regional B
35;SP;3506102;Bebedouro;77436;683,192;Centro Sub-Regional B
31;MG;3147006;Paracatu;92430;8229,587;Centro Sub-Regional B
31;MG;3170404;Unaí;83808;8448,082;Centro Sub-Regional B
35;SP;3502101;Andradina;57112;964,226;Centro Sub-Regional B
35;SP;3526704;Arranjo Populacional de Leme/SP;106873;553,001;Centro Sub-Regional B
42;SC;4208302;Arranjo Populacional de Itapema/SC;103277;185,346;Centro Sub-Regional B
43;RS;4312401;Montenegro;64788;424,846;Centro Sub-Regional B
51;MT;5106224;Nova Mutum;43919;9532,064;Centro Sub-Regional B
42;SC;4204301;Concórdia;74106;799,194;Centro Sub-Regional B
43;RS;4322608;Arranjo Populacional de Venâncio Aires/RS;75573;819,626;Centro Sub-Regional B
50;MS;5003207;Arranjo Populacional Internacional de Corumbá/Brasil;133774;65062,484;Centro Sub-Regional B
31;MG;3146107;Ouro Preto;73994;1245,865;Centro Sub-Regional B
33;RJ;3300209;Arranjo Populacional de Araruama/RJ;158201;688,693;Centro Sub-Regional B
31;MG;3134202;Ituiutaba;104067;2598,046;Centro Sub-Regional B
31;MG;3132404;Arranjo Populacional de Itajubá/MG;117135;814,538;Centro Sub-Regional B
43;RS;4304408;Arranjo Populacional de Canela - Gramado/RS;80364;491,318;Centro Sub-Regional B
35;SP;3524303;Jaboticabal;76864;706,602;Centro Sub-Regional B
15;PA;1505502;Paragominas;111764;19342,565;Centro Sub-Regional B
50;MS;5006606;Ponta Porã;91082;5330,448;Centro Sub-Regional B
31;MG;3148103;Patrocínio;90041;2874,344;Centro Sub-Regional B
41;PR;4104907;Castro;71151;2531,503;Centro Sub-Regional B
52;GO;5204508;Arranjo Populacional de Caldas Novas/GO;93458;1851,927;Centro Sub-Regional B
35;SP;3504503;Avaré;90063;1213,055;Centro Sub-Regional B
31;MG;3147105;Pará de Minas;93101;551,247;Centro Sub-Regional B
31;MG;3136207;Arranjo Populacional de João Monlevade/MG;89635;208,301;Centro Sub-Regional B
35;SP;3539301;Pirassununga;75930;727,118;Centro Sub-Regional B
42;SC;4210100;Arranjo Populacional de Mafra/SC - Rio Negro/PR;89939;2008,222;Centro Sub-Regional B
41;PR;4122404;Rolândia;65757;459,024;Centro Sub-Regional B
35;SP;3526803;Lençóis Paulista;67859;809,541;Centro Sub-Regional B
21;MA;2101400;Balsas;93826;13141,757;Centro Sub-Regional B
42;SC;4203808;Arranjo Populacional de Canoinhas/SC;73502;1584,913;Centro Sub-Regional B
43;RS;4303004;Cachoeira do Sul;82547;3735,026;Centro Sub-Regional B
43;RS;4317103;Sant'Ana do Livramento;77763;6941,399;Centro Sub-Regional B
31;MG;3169307;Três Corações;78913;828,038;Centro Sub-Regional B
51;MT;5103502;Diamantino;21904;8191,677;Centro Sub-Regional B
35;SP;3555000;Arranjo Populacional de Tupã/SP;70639;1127,804;Centro Sub-Regional B
43;RS;4322509;Vacaria;65846;2124,422;Centro Sub-Regional B
31;MG;3145208;Arranjo Populacional de Nova Serrana/MG;103003;634,477;Centro Sub-Regional B
31;MG;3151206;Arranjo Populacional de Pirapora - Buritizeiro/MG;84196;7767,915;Centro Sub-Regional B
52;GO;5208608;Arranjo Populacional de Goianésia/GO;83325;3596,563;Centro Sub-Regional B
52;GO;5208004;Formosa;119506;5813,637;Centro Sub-Regional B
35;SP;3513405;Arranjo Populacional de Cruzeiro/SP;89102;472,766;Centro Sub-Regional B
41;PR;4114609;Marechal Cândido Rondon;52379;748,002;Centro Sub-Regional B
32;ES;3202405;Guarapari;122982;589,825;Centro Sub-Regional B
13;AM;1301902;Itacoatiara;99955;8891,906;Centro Sub-Regional B
21;MA;2100055;Açailândia;111757;5806,439;Centro Sub-Regional B
31;MG;3134400;Iturama;38822;1404,663;Centro Sub-Regional B
43;RS;4304630;Arranjo Populacional de Capão da Canoa/RS;79117;301,364;Centro Sub-Regional B
35;SP;3546405;Santa Cruz do Rio Pardo;47395;1114,747;Centro Sub-Regional B
35;SP;3510401;Arranjo Populacional de Capivari/SP;64191;444,523;Centro Sub-Regional B
35;SP;3533908;Olímpia;54406;802,555;Centro Sub-Regional B
43;RS;4300406;Alegrete;74173;7800,163;Centro Sub-Regional B
31;MG;3128709;Guaxupé;51750;286,398;Centro Sub-Regional B
42;SC;4207304;Arranjo Populacional de Imbituba/SC;66980;297,678;Centro Sub-Regional B
43;RS;4303509;Camaquã;66034;1680,168;Centro Sub-Regional B
50;MS;5006200;Nova Andradina;53517;4776,002;Centro Sub-Regional B
35;SP;3542602;Registro;56249;722,201;Centro Sub-Regional B
43;RS;4311809;Marau;43435;649,770;Centro Sub-Regional B
35;SP;3500105;Arranjo Populacional de Adamantina - Lucélia/SP;68638;1063,514;Centro Sub-Regional B
35;SP;3540705;Porto Ferreira;55787;244,906;Centro Sub-Regional B
43;RS;4318309;Arranjo Populacional de São Gabriel/RS;64606;6007,153;Centro Sub-Regional B
51;MT;5102504;Cáceres;93882;24593,123;Centro Sub-Regional B
42;SC;4218202;Timbó;43484;128,313;Centro Sub-Regional B
35;SP;3549706;São José do Rio Pardo;54763;419,684;Centro Sub-Regional B
35;SP;3537305;Penápolis;63047;711,315;Centro Sub-Regional B
43;RS;4318002;São Borja;60557;3616,690;Centro Sub-Regional B
41;PR;4115804;Medianeira;45812;328,732;Centro Sub-Regional B
31;MG;3159605;Santa Rita do Sapucaí;42751;352,969;Centro Sub-Regional B
31;MG;3164704;São Sebastião do Paraíso;70450;814,925;Centro Sub-Regional B
31;MG;3127107;Frutal;58962;2426,965;Centro Sub-Regional B
15;PA;1503606;Itaituba;101097;62042,472;Centro Sub-Regional B
35;SP;3534302;Orlândia;43687;291,765;Centro Sub-Regional B
51;MT;5100250;Alta Floresta;51615;8953,191;Centro Sub-Regional B
41;PR;4110706;Irati;60357;999,517;Centro Sub-Regional B
31;MG;3171303;Arranjo Populacional de Viçosa/MG;82288;382,456;Centro Sub-Regional B
26;PE;2601706;Belo Jardim;76185;647,697;Centro Sub-Regional B
33;RJ;3304300;Rio Bonito;59814;459,458;Centro Sub-Regional B
33;RJ;3304706;Arranjo Populacional de Santo Antônio de Pádua/RJ;53090;794,314;Centro Sub-Regional B
31;MG;3152105;Arranjo Populacional de Ponte Nova/MG;64252;559,711;Centro Sub-Regional B
42;SC;4219507;Xanxerê;50309;377,702;Centro Sub-Regional B
31;MG;3113404;Caratinga;91503;1258,479;Centro Sub-Regional B
50;MS;5005707;Naviraí;54051;3193,552;Centro Sub-Regional B
17;TO;1718204;Porto Nacional;52700;4449,917;Centro Sub-Regional B
28;SE;2802106;Estância;68804;646,235;Centro Sub-Regional B
31;MG;3115300;Cataguases;74691;491,767;Centro Sub-Regional B
31;MG;3126109;Formiga;67540;1501,915;Centro Sub-Regional B
41;PR;4107207;Dois Vizinhos;40234;418,648;Centro Sub-Regional B
35;SP;3549409;São Joaquim da Barra;51447;410,863;Centro Sub-Regional B
31;MG;3120904;Arranjo Populacional de Curvelo/MG;87092;3823,260;Centro Sub-Regional B
41;PR;4106407;Cornélio Procópio;47847;635,100;Centro Sub-Regional B
29;BA;2932903;Valença;95858;1124,319;Centro Sub-Regional B
35;SP;3524808;Arranjo Populacional de Jales/SP;52631;506,539;Centro Sub-Regional B
28;SE;2803500;Lagarto;103576;968,921;Centro Sub-Regional B
29;BA;2904605;Brumado;67048;2207,612;Centro Sub-Regional B
35;SP;3553708;Taquaritinga;56984;594,335;Centro Sub-Regional B
35;SP;3519600;Ibitinga;59451;689,391;Centro Sub-Regional B
43;RS;4313706;Palmeira das Missões;33481;1419,430;Centro Sub-Regional B
23;CE;2306405;Itapipoca;128135;1613,913;Centro Sub-Regional B
11;RO;1100114;Jaru;51933;2944,128;Centro Sub-Regional B
43;RS;4322806;Arranjo Populacional de Veranópolis/RS;29310;397,598;Centro Sub-Regional B
26;PE;2612505;Santa Cruz do Capibaribe;105936;335,309;Centro Sub-Regional B
50;MS;5001102;Arranjo Populacional de Aquidauana - Anastácio/MS;72912;19917,028;Centro Sub-Regional B
26;PE;2604007;Carpina;82872;147,665;Centro Sub-Regional B
29;BA;2917508;Jacobina;80394;2192,903;Centro Sub-Regional B
15;PA;1500107;Abaetetuba;156292;1610,651;Centro Sub-Regional B
52;GO;5213806;Morrinhos;45716;2846,199;Centro Sub-Regional B
13;AM;1302504;Manacapuru;96236;7336,579;Centro Sub-Regional B
17;TO;1716109;Paraíso do Tocantins;50602;1268,060;Centro Sub-Regional B
42;SC;4204806;Curitibanos;39595;949,131;Centro Sub-Regional B
23;CE;2301109;Aracati;74084;1230,507;Centro Sub-Regional B
11;RO;1100288;Rolim de Moura;54702;1457,888;Centro Sub-Regional B
51;MT;5106752;Pontes e Lacerda;45093;8567,455;Centro Sub-Regional B
43;RS;4317400;Santiago;49493;2414,195;Centro Sub-Regional B
50;MS;5006309;Paranaíba;42010;5402,652;Centro Sub-Regional B
43;RS;4321501;Arranjo Populacional de Torres/RS;46980;253,820;Centro Sub-Regional B
15;PA;1508407;Xinguara;44410;3779,348;Centro Sub-Regional B
31;MG;3107406;Bom Despacho;50166;1213,546;Centro Sub-Regional B
41;PR;4111803;Jacarezinho;39435;602,528;Centro Sub-Regional B
31;MG;3135100;Arranjo Populacional de Janaúba/MG;78769;2302,262;Centro Sub-Regional B
43;RS;4311304;Arranjo Populacional de Lagoa Vermelha/RS;29502;1789,678;Centro Sub-Regional B
43;RS;4318903;São Luiz Gonzaga;33668;1295,837;Centro Sub-Regional B
35;SP;3514403;Dracena;46536;487,688;Centro Sub-Regional B
12;AC;1200203;Cruzeiro do Sul;87673;8779,403;Centro Sub-Regional B
27;AL;2706703;Arranjo Populacional de Penedo/AL;82251;955,408;Centro Sub-Regional B
24;RN;2402006;Caicó;67554;1228,583;Centro Sub-Regional B
25;PB;2516201;Sousa;69161;738,547;Centro Sub-Regional B
23;CE;2313401;Tianguá;75140;908,888;Centro Sub-Regional B
31;MG;3143104;Monte Carmelo;47682;1343,035;Centro Sub-Regional B
35;SP;3539509;Pitangueiras;39349;430,638;Centro Sub-Regional B
13;AM;1303403;Parintins;113168;5956,047;Centro Sub-Regional B
21;MA;2103307;Codó;122597;4361,344;Centro Sub-Regional B
29;BA;2916401;Itapetinga;75470;1651,158;Centro Sub-Regional B
41;PR;4124103;Santo Antônio da Platina;45728;721,472;Centro Sub-Regional B
23;CE;2309607;Pacajus;71193;254,636;Centro Sub-Regional B
11;RO;1100189;Pimenta Bueno;36434;6240,940;Centro Sub-Regional B
35;SP;3510203;Arranjo Populacional de Capão Bonito/SP;54825;1973,593;Centro Sub-Regional B
43;RS;4308508;Frederico Westphalen;31120;265,181;Centro Sub-Regional B
15;PA;1502202;Capanema;68616;614,693;Centro Sub-Regional B
52;GO;5210000;Inhumas;52465;615,278;Centro Sub-Regional B
25;PB;2506301;Arranjo Populacional de Guarabira/PB;63597;209,645;Centro Sub-Regional B
23;CE;2311306;Quixadá;87116;2019,834;Centro Sub-Regional B
32;ES;3203908;Nova Venécia;49780;1439,572;Centro Sub-Regional B
29;BA;2909802;Cruz das Almas;62871;139,117;Centro Sub-Regional B
51;MT;5105150;Juína;40905;26189,915;Centro Sub-Regional B
42;SC;4205506;Fraiburgo;36299;549,120;Centro Sub-Regional B
31;MG;3111200;Campo Belo;53866;528,225;Centro Sub-Regional B
27;AL;2708600;São Miguel dos Campos;60775;360,882;Centro Sub-Regional B
43;RS;4321808;Três de Maio;23938;421,393;Centro Sub-Regional B
23;CE;2307601;Limoeiro do Norte;59278;750,068;Centro Sub-Regional B
35;SP;3523206;Itararé;50360;1003,860;Centro Sub-Regional B
23;CE;2311801;Russas;76884;1590,257;Centro Sub-Regional B
51;MT;5100201;Água Boa;25229;7510,635;Centro Sub-Regional B
41;PR;4108809;Guaíra;32923;560,485;Centro Sub-Regional B
26;PE;2601102;Arranjo Populacional de Araripina/PE;92403;2177,360;Centro Sub-Regional B
29;BA;2915601;Itamaraju;64521;2360,289;Centro Sub-Regional B
29;BA;2903904;Bom Jesus da Lapa;68609;4115,511;Centro Sub-Regional B
29;BA;2930501;Serrinha;80411;583,314;Centro Sub-Regional B
26;PE;2610004;Palmares;62994;339,291;Centro Sub-Regional B
50;MS;5003306;Coxim;33516;6409,224;Centro Sub-Regional B
41;PR;4119608;Pitanga;30635;1663,747;Centro Sub-Regional B
42;SC;4217709;Arranjo Populacional de Sombrio/SC;40702;290,673;Centro Sub-Regional B
43;RS;4320107;Sarandi;24205;352,968;Centro Sub-Regional B
29;BA;2914703;Itaberaba;64325;2386,390;Centro Sub-Regional B
21;MA;2108603;Pinheiro;82990;1512,966;Centro Sub-Regional B
27;AL;2709301;União dos Palmares;65461;420,720;Centro Sub-Regional B
26;PE;2612208;Salgueiro;60604;1678,563;Centro Sub-Regional B
24;RN;2400208;Açu;57644;1303,442;Centro Sub-Regional B
31;MG;3145604;Oliveira;41529;897,294;Centro Sub-Regional B
43;RS;4309407;Guaporé;25475;297,545;Centro Sub-Regional B
17;TO;1721208;Arranjo Populacional de Tocantinópolis/TO - Porto Franco/MA;46571;2494,566;Centro Sub-Regional B
43;RS;4306809;Encantado;22520;139,160;Centro Sub-Regional B
50;MS;5005004;Arranjo Populacional de Jardim/MS;35935;3412,121;Centro Sub-Regional B
43;RS;4320800;Soledade;30967;1215,218;Centro Sub-Regional B
52;GO;5221601;Uruaçu;40217;2141,822;Centro Sub-Regional B
43;RS;4305207;Arranjo Populacional de Cerro Largo/RS;16806;270,939;Centro Sub-Regional B
11;RO;1100106;Guajará-Mirim;45783;24855,724;Centro Sub-Regional B
29;BA;2908408;Conceição do Coité;66191;1015,252;Centro Sub-Regional B
27;AL;2706307;Palmeira dos Índios;73096;450,958;Centro Sub-Regional B
26;PE;2605202;Escada;68448;342,201;Centro Sub-Regional B
31;MG;3121605;Diamantina;47617;3891,659;Centro Sub-Regional B
11;RO;1100155;Ouro Preto do Oeste;36340;1969,850;Centro Sub-Regional B
41;PR;4111506;Ivaiporã;32035;431,502;Centro Sub-Regional B
26;PE;2614501;Surubim;64520;252,855;Centro Sub-Regional B
41;PR;4113304;Laranjeiras do Sul;32006;673,599;Centro Sub-Regional B
43;RS;4321907;Três Passos;23963;268,986;Centro Sub-Regional B
52;GO;5205406;Arranjo Populacional de Ceres - Rialma/GO;32970;482,788;Centro Sub-Regional B
26;PE;2608909;Limoeiro;56302;273,739;Centro Sub-Regional B
12;AC;1200104;Arranjo Populacional Internacional de Cobija/Bolívia - Brasiléia/Brasil;43970;5571,270;Centro Sub-Regional B
21;MA;2108207;Arranjo Populacional de Pedreiras/MA;61152;553,759;Centro Sub-Regional B
23;CE;2304103;Crateús;74982;2985,152;Centro Sub-Regional B
41;PR;4104501;Capanema;19099;419,036;Centro Sub-Regional B
21;MA;2103208;Chapadinha;79145;3247,385;Centro Sub-Regional B
22;PI;2208403;Piripiri;63694;1409,250;Centro Sub-Regional B
52;GO;5211800;Jaraguá;49667;1849,552;Centro Sub-Regional B
24;RN;2403103;Currais Novos;44664;864,349;Centro Sub-Regional B
31;MG;3135209;Januária;67628;6661,588;Centro Sub-Regional B
26;PE;2615300;Timbaúba;50956;287,683;Centro Sub-Regional B
29;BA;2910701;Euclides da Cunha;59842;1992,639;Centro Sub-Regional B
23;CE;2302602;Camocim;63408;1128,894;Centro Sub-Regional B
31;MG;3128006;Guanhães;34057;1075,124;Centro Sub-Regional B
41;PR;4109708;Ibaiti;31142;897,736;Centro Sub-Regional B
31;MG;3115508;Arranjo Populacional de Caxambu - Baependi/MG;40797;851,037;Centro Sub-Regional B
23;CE;2306306;Itapajé;52240;430,565;Centro Sub-Regional B
22;PI;2202208;Campo Maior;46770;1680,803;Centro Sub-Regional B
27;AL;2708006;Santana do Ipanema;47486;437,875;Centro Sub-Regional B
21;MA;2109106;Presidente Dutra;47567;771,574;Centro Sub-Regional B
28;SE;2804508;Nossa Senhora da Glória;36514;757,450;Centro Sub-Regional B
22;PI;2201903;Bom Jesus;24960;5469,182;Centro Sub-Regional B
29;BA;2926608;Ribeira do Pombal;52956;1177,453;Centro Sub-Regional B
31;MG;3101706;Almenara;41642;2294,426;Centro Sub-Regional B
28;SE;2805703;Arranjo Populacional de Propriá/SE;32763;141,743;Centro Sub-Regional B
27;AL;2702405;Delmiro Gouveia;51763;626,690;Centro Sub-Regional B
24;RN;2409407;Pau dos Ferros;30183;259,959;Centro Sub-Regional B
29;BA;2913903;Ipiaú;45823;280,454;Centro Sub-Regional B
13;AM;1304062;Tabatinga;64488;3266,062;Centro Sub-Regional B
22;PI;2210607;São Raimundo Nonato;34535;2415,602;Centro Sub-Regional B
26;PE;2600104;Afogados da Ingazeira;37111;377,696;Centro Sub-Regional B
22;PI;2207009;Oeiras;36971;2702,486;Centro Sub-Regional B
31;MG;3103405;Araçuaí;36705;2236,279;Centro Sub-Regional B
23;CE;2302107;Baturité;35575;308,581;Centro Sub-Regional B
42;SC;4216206;São Francisco do Sul;51677;493,418;Centro de Zona A
35;SP;3507001;Arranjo Populacional de Boituva - Iperó/SP;96073;419,243;Centro de Zona A
51;MT;5102637;Campo Novo do Parecis;34558;9434,572;Centro de Zona A
51;MT;5107875;Sapezal;25054;13624,368;Centro de Zona A
23;CE;2312403;São Gonçalo do Amarante;48516;833,894;Centro de Zona A
51;MT;5102678;Campo Verde;42871;5394,764;Centro de Zona A
50;MS;5007208;Rio Brilhante;36830;3987,397;Centro de Zona A
33;RJ;3306107;Arranjo Populacional de Valença/RJ;81630;1648,813;Centro de Zona A
29;BA;2922003;Mucuri;41221;1787,626;Centro de Zona A
42;SC;4203600;Campos Novos;35930;1717,697;Centro de Zona A
41;PR;4117909;Palotina;31564;651,238;Centro de Zona A
35;SP;3530508;Mococa;68788;855,156;Centro de Zona A
35;SP;3531308;Monte Alto;50216;346,950;Centro de Zona A
41;PR;4113205;Lapa;47909;2093,859;Centro de Zona A
43;RS;4313904;Panambi;43170;490,823;Centro de Zona A
42;SC;4213203;Pomerode;32874;214,299;Centro de Zona A
35;SP;3536703;Pederneiras;46251;728,735;Centro de Zona A
35;SP;3505906;Batatais;62024;849,526;Centro de Zona A
35;SP;3540606;Porto Feliz;52785;556,706;Centro de Zona A
52;GO;5218508;Quirinópolis;49416;3789,084;Centro de Zona A
16;AP;1600279;Arranjo Populacional de Laranjal do Jari/AP - Almeirim/PA;99193;106246,775;Centro de Zona A
50;MS;5007695;São Gabriel do Oeste;26363;3864,691;Centro de Zona A
52;GO;5209101;Goiatuba;33986;2470,347;Centro de Zona A
23;CE;2305233;Horizonte;66114;160,764;Centro de Zona A
31;MG;3137205;Arranjo Populacional de Lagoa da Prata/MG;55915;612,125;Centro de Zona A
42;SC;4218004;Tijucas;37645;279,952;Centro de Zona A
41;PR;4112009;Jaguariaíva;34683;1453,067;Centro de Zona A
43;RS;4321451;Arranjo Populacional de Teutônia/RS;44133;413,988;Centro de Zona A
43;RS;4308201;Flores da Cunha;30430;273,637;Centro de Zona A
31;MG;3136306;João Pinheiro;48561;10727,471;Centro de Zona A
35;SP;3515186;Espírito Santo do Pinhal;44186;389,235;Centro de Zona A
31;MG;3169406;Três Pontas;56546;689,794;Centro de Zona A
35;SP;3535507;Arranjo Populacional de Paraguaçu Paulista/SP;46291;1120,443;Centro de Zona A
35;SP;3546603;Arranjo Populacional de Santa Fé do Sul/SP;47117;1124,154;Centro de Zona A
35;SP;3524105;Ituverava;41598;704,659;Centro de Zona A
35;SP;3533502;Novo Horizonte;40680;931,743;Centro de Zona A
35;SP;3525706;José Bonifácio;36655;860,200;Centro de Zona A
35;SP;3509700;Campos do Jordão;51763;290,520;Centro de Zona A
41;PR;4125605;São Mateus do Sul;45806;1341,714;Centro de Zona A
35;SP;3537602;Peruíbe;67548;326,216;Centro de Zona A
51;MT;5101704;Barra do Bugres;34619;5981,569;Centro de Zona A
35;SP;3522703;Itápolis;42903;996,747;Centro de Zona A
35;SP;3537800;Piedade;55149;746,868;Centro de Zona A
43;RS;4306601;Dom Pedrito;38589;5191,915;Centro de Zona A
41;PR;4102000;Assis Chateaubriand;33397;969,587;Centro de Zona A
43;RS;4310603;Itaqui;37757;3406,606;Centro de Zona A
35;SP;3550100;São Manuel;40781;650,734;Centro de Zona A
31;MG;3104205;Arcos;39793;509,873;Centro de Zona A
35;SP;3516705;Garça;44370;555,807;Centro de Zona A
43;RS;4313300;Nova Prata;26849;258,909;Centro de Zona A
41;PR;4117602;Palmas;50198;1557,903;Centro de Zona A
43;RS;4304507;Canguçu;55871;3526,253;Centro de Zona A
15;PA;1501709;Bragança;126436;2098,144;Centro de Zona A
41;PR;4120606;Prudentópolis;51961;2247,141;Centro de Zona A
51;MT;5100300;Arranjo Populacional de Alto Araguaia/MT;27276;6755,108;Centro de Zona A
35;SP;3541307;Presidente Epitácio;44006;1260,281;Centro de Zona A
43;RS;4318804;São Lourenço do Sul;43625;2036,125;Centro de Zona A
31;MG;3110608;Arranjo Populacional de Cambuí/MG;32992;368,218;Centro de Zona A
26;PE;2606408;Gravatá;83437;503,946;Centro de Zona A
42;SC;4202800;Braço do Norte;33016;212,296;Centro de Zona A
31;MG;3138401;Leopoldina;52532;943,077;Centro de Zona A
35;SP;3534609;Osvaldo Cruz;32754;248,038;Centro de Zona A
43;RS;4310009;Ibirubá;20284;607,390;Centro de Zona A
42;SC;4210506;Maravilha;25403;170,339;Centro de Zona A
24;RN;2405801;João Câmara;34747;714,961;Centro de Zona A
51;MT;5104807;Arranjo Populacional de Jaciara/MT;32302;2740,639;Centro de Zona A
42;SC;4212908;Pinhalzinho;19906;128,687;Centro de Zona A
31;MG;3139003;Machado;41844;585,958;Centro de Zona A
52;GO;5217401;Arranjo Populacional de Pires do Rio/GO;36683;1759,041;Centro de Zona A
50;MS;5000609;Amambai;38958;4202,324;Centro de Zona A
31;MG;3107109;Boa Esperança;40031;860,669;Centro de Zona A
23;CE;2311405;Quixeramobim;79081;3275,625;Centro de Zona A
25;PB;2508901;Arranjo Populacional de Mamanguape - Rio Tinto/PB;68745;807,466;Centro de Zona A
51;MT;5103205;Colíder;33224;3103,958;Centro de Zona A
43;RS;4317301;Santa Vitória do Palmar;29877;5195,667;Centro de Zona A
43;RS;4316402;Rosário do Sul;39535;4343,681;Centro de Zona A
31;MG;3102605;Andradas;40747;469,396;Centro de Zona A
52;GO;5218003;Porangatu;45151;4820,527;Centro de Zona A
33;RJ;3300605;Arranjo Populacional de Bom Jesus do Itabapoana/RJ;46895;685,743;Centro de Zona A
32;ES;3200904;Barra de São Francisco;44315;944,521;Centro de Zona A
42;SC;4219705;Xaxim;28424;293,507;Centro de Zona A
42;SC;4211702;Orleans;22785;549,513;Centro de Zona A
21;MA;2104057;Arranjo Populacional de Estreito/MA;47927;2954,372;Centro de Zona A
42;SC;4216909;São Lourenço do Oeste;23857;356,193;Centro de Zona A
43;RS;4320909;Tapejara;23651;238,082;Centro de Zona A
52;GO;5220108;São Luís de Montes Belos;33470;825,999;Centro de Zona A
51;MT;5105101;Juara;34815;22622,350;Centro de Zona A
35;SP;3541505;Arranjo Populacional de Presidente Venceslau/SP;45248;1306,362;Centro de Zona A
41;PR;4112108;Arranjo Populacional de Jandaia do Sul/PR;28935;350,988;Centro de Zona A
42;SC;4208500;Ituporanga;24812;336,588;Centro de Zona A
43;RS;4302808;Caçapava do Sul;33702;3047,113;Centro de Zona A
29;BA;2928604;Santo Amaro;59512;489,323;Centro de Zona A
43;RS;4308904;Arranjo Populacional de Getúlio Vargas/RS;22216;387,383;Centro de Zona A
31;MG;3107307;Bocaiúva;49942;3227,627;Centro de Zona A
29;BA;2906006;Campo Formoso;70912;7161,827;Centro de Zona A
31;MG;3162104;São Gotardo;35145;866,087;Centro de Zona A
51;MT;5103353;Confresa;30347;5801,945;Centro de Zona A
29;BA;2914000;Ipirá;59763;3105,280;Centro de Zona A
41;PR;4102406;Bandeirantes;31526;445,192;Centro de Zona A
23;CE;2302503;Brejo Santo;49109;663,429;Centro de Zona A
41;PR;4116901;Nova Esperança;27821;401,587;Centro de Zona A
42;SC;4205001;Arranjo Populacional Internacional de Dionísio Cerqueira-Barracão/Brasil - Bernardo de Irigoyen/Argentina;25688;550,245;Centro de Zona A
31;MG;3144300;Nanuque;40839;1518,166;Centro de Zona A
26;PE;2610905;Pesqueira;67047;980,875;Centro de Zona A
29;BA;2905206;Caetité;50861;2651,537;Centro de Zona A
17;TO;1705508;Colinas do Tocantins;34990;843,846;Centro de Zona A
31;MG;3146008;Ouro Fino;33481;533,714;Centro de Zona A
51;MT;5105622;Mirassol d'Oeste;27536;1080,144;Centro de Zona A
35;SP;3538808;Piraju;29741;504,591;Centro de Zona A
21;MA;2101608;Barra do Corda;87794;5190,339;Centro de Zona A
52;GO;5210208;Iporá;31563;1026,384;Centro de Zona A
41;PR;4121406;Realeza;16894;353,416;Centro de Zona A
29;BA;2928109;Arranjo Populacional de Santa Maria da Vitória/BA;55230;3739,271;Centro de Zona A
32;ES;3202306;Guaçuí;30607;468,185;Centro de Zona A
17;TO;1709302;Guaraí;25677;2268,161;Centro de Zona A
31;MG;3157005;Salinas;41349;1862,117;Centro de Zona A
31;MG;3112307;Capelinha;37856;965,377;Centro de Zona A
15;PA;1502707;Conceição do Araguaia;47734;5829,482;Centro de Zona A
23;CE;2305407;Icó;67972;1871,995;Centro de Zona A
31;MG;3113305;Carangola;32988;353,404;Centro de Zona A
28;SE;2807402;Tobias Barreto;51843;1024,186;Centro de Zona A
41;PR;4113502;Loanda;22927;722,496;Centro de Zona A
52;GO;5218300;Posse;36375;2058,031;Centro de Zona A
24;RN;2411205;Santa Cruz;39355;624,356;Centro de Zona A
21;MA;2101707;Barreirinhas;61828;3047,050;Centro de Zona A
29;BA;2929909;Seabra;43941;2402,170;Centro de Zona A
31;MG;3100203;Abaeté;23223;1817,067;Centro de Zona A
50;MS;5005681;Mundo Novo;18256;477,780;Centro de Zona A
23;CE;2312304;São Benedito;46949;338,210;Centro de Zona A
52;GO;5208905;Goiás;22916;3108,019;Centro de Zona A
26;PE;2601409;Barreiros;42552;233,433;Centro de Zona A
31;MG;3168002;Taiobeiras;33858;1220,046;Centro de Zona A
25;PB;2513901;São Bento;33796;248,200;Centro de Zona A
42;SC;4206900;Ibirama;18802;247,102;Centro de Zona A
25;PB;2512101;Pombal;32749;889,493;Centro de Zona A
21;MA;2105708;Lago da Pedra;49911;1240,444;Centro de Zona A
29;BA;2906873;Capim Grosso;30451;464,776;Centro de Zona A
43;RS;4320701;Sobradinho;14927;128,379;Centro de Zona A
22;PI;2203701;Esperantina;39621;908,777;Centro de Zona A
17;TO;1707009;Dianópolis;21850;3217,313;Centro de Zona A
22;PI;2202901;Corrente;26575;3048,447;Centro de Zona A
21;MA;2111102;São João dos Patos;25860;1482,661;Centro de Zona A
29;BA;2907806;Cícero Dantas;33356;863,932;Centro de Zona A
25;PB;2507002;Itaporanga;24653;468,059;Centro de Zona A
21;MA;2103802;Dom Pedro;23328;358,493;Centro de Zona A
22;PI;2211308;Valença do Piauí;20906;1333,722;Centro de Zona A
22;PI;2200202;Água Branca;17349;97,041;Centro de Zona A
35;SP;3500709;Agudos;37023;966,708;Centro de Zona B
27;AL;2702306;Coruripe;56562;897,780;Centro de Zona B
50;MS;5002951;Chapadão do Sul;24559;3249,542;Centro de Zona B
35;SP;3505203;Bariri;34961;444,405;Centro de Zona B
21;MA;2110302;Santo Antônio dos Lopes;14534;770,923;Centro de Zona B
41;PR;4120903;Quedas do Iguaçu;33788;821,503;Centro de Zona B
43;RS;4309605;Horizontina;19267;229,736;Centro de Zona B
31;MG;3172004;Visconde do Rio Branco;42149;243,351;Centro de Zona B
51;MT;5102702;Canarana;21311;10882,379;Centro de Zona B
43;RS;4312658;Não-Me-Toque;17484;361,689;Centro de Zona B
52;GO;5213087;Minaçu;29353;2860,735;Centro de Zona B
52;GO;5214606;Niquelândia;46039;9843,247;Centro de Zona B
41;PR;4128005;Ubiratã;21119;652,581;Centro de Zona B
26;PE;2611002;Petrolândia;36187;1056,595;Centro de Zona B
42;SC;4216503;São Joaquim;26763;1889,862;Centro de Zona B
35;SP;3526407;Laranjal Paulista;28240;384,274;Centro de Zona B
31;MG;3151503;Piumhi;34456;902,468;Centro de Zona B
29;BA;2927002;Rio Real;40475;738,606;Centro de Zona B
35;SP;3537404;Pereira Barreto;25660;974,247;Centro de Zona B
22;PI;2211209;Arranjo Populacional de Uruçuí/PI;27084;10193,638;Centro de Zona B
41;PR;4108601;Goioerê;28962;564,163;Centro de Zona B
42;SC;4208401;Arranjo Populacional de Itapiranga/SC;19974;344,656;Centro de Zona B
41;PR;4115606;Matelândia;17775;639,746;Centro de Zona B
50;MS;5001904;Bataguassu;22717;2417,599;Centro de Zona B
17;TO;1716505;Arranjo Populacional de Pedro Afonso/TO;20019;4055,780;Centro de Zona B
15;PA;1508084;Tucumã;39059;2512,594;Centro de Zona B
15;PA;1501808;Breves;101891;9566,572;Centro de Zona B
43;RS;4304200;Candelária;31306;944,058;Centro de Zona B
51;MT;5104104;Guarantã do Norte;35497;4734,589;Centro de Zona B
15;PA;1507458;Arranjo Populacional de São Geraldo do Araguaia/PA;36552;4354,814;Centro de Zona B
43;RS;4307500;Espumoso;15584;783,642;Centro de Zona B
33;RJ;3302106;Arranjo Populacional de Itaocara/RJ;34859;527,939;Centro de Zona B
32;ES;3200805;Baixo Guandu;30862;909,039;Centro de Zona B
41;PR;4105904;Arranjo Populacional de Colorado/PR;27887;589,032;Centro de Zona B
13;AM;1304203;Tefé;60154;23692,223;Centro de Zona B
23;CE;2302800;Canindé;78049;3218,481;Centro de Zona B
35;SP;3553807;Taquarituba;23180;448,515;Centro de Zona B
52;GO;5220603;Silvânia;20573;2349,384;Centro de Zona B
51;MT;5107859;São Félix do Araguaia;11615;16713,475;Centro de Zona B
35;SP;3502705;Apiaí;24526;974,322;Centro de Zona B
43;RS;4320404;Serafina Corrêa;17198;163,283;Centro de Zona B
41;PR;4105409;Chopinzinho;19343;959,692;Centro de Zona B
31;MG;3170800;Várzea da Palma;39173;2220,279;Centro de Zona B
31;MG;3105103;Bambuí;23757;1455,819;Centro de Zona B
35;SP;3520442;Ilha Solteira;26582;652,641;Centro de Zona B
43;RS;4316451;Salto do Jacuí;12416;507,698;Centro de Zona B
29;BA;2917607;Jaguaquara;54163;924,743;Centro de Zona B
42;SC;4212106;Palmitos;16182;351,051;Centro de Zona B
51;MT;5106257;Nova Xavantina;21231;5530,393;Centro de Zona B
41;PR;4101002;Ampére;18989;298,349;Centro de Zona B
42;SC;4217808;Taió;18302;694,599;Centro de Zona B
50;MS;5002902;Cassilândia;21876;3649,728;Centro de Zona B
43;RS;4317806;Santo Augusto;13923;467,461;Centro de Zona B
35;SP;3508108;Buritama;17003;326,921;Centro de Zona B
23;CE;2313302;Tauá;58517;4018,162;Centro de Zona B
11;RO;1100130;Machadinho D'Oeste;39097;8509,270;Centro de Zona B
42;SC;4214003;Presidente Getúlio;17215;297,160;Centro de Zona B
43;RS;4316600;Sananduva;16211;504,478;Centro de Zona B
42;SC;4218806;Turvo;12806;234,953;Centro de Zona B
42;SC;4212205;Papanduva;19218;763,553;Centro de Zona B
25;PB;2516003;Arranjo Populacional de Solânea - Bananeiras/PB;47802;490,723;Centro de Zona B
41;PR;4128500;Wenceslau Braz;19444;397,916;Centro de Zona B
50;MS;5002100;Bela Vista;24508;4892,603;Centro de Zona B
15;PA;1502301;Capitão Poço;54179;2899,553;Centro de Zona B
31;MG;3161106;São Francisco;56163;3308,100;Centro de Zona B
43;RS;4317905;Santo Cristo;14300;367,030;Centro de Zona B
32;ES;3200102;Afonso Cláudio;30720;941,188;Centro de Zona B
41;PR;4126603;Siqueira Campos;20778;278,035;Centro de Zona B
51;MT;5108600;Vila Rica;25570;7431,481;Centro de Zona B
25;PB;2509701;Monteiro;33007;986,356;Centro de Zona B
41;PR;4103909;Campina da Lagoa;14366;796,614;Centro de Zona B
21;MA;2110500;São Bento;44811;458,052;Centro de Zona B
29;BA;2919504;Livramento de Nossa Senhora;45388;1953,380;Centro de Zona B
32;ES;3203007;Iúna;29030;460,586;Centro de Zona B
31;MG;3138807;Luz;18172;1171,659;Centro de Zona B
52;GO;5212204;Jussara;18587;4085,363;Centro de Zona B
31;MG;3124203;Espera Feliz;24773;317,638;Centro de Zona B
31;MG;3133501;Itapecerica;21763;1040,519;Centro de Zona B
43;RS;4300109;Agudo;16524;534,624;Centro de Zona B
41;PR;4117107;Arranjo Populacional de Nova Londrina - Marilena/PR;20292;501,752;Centro de Zona B
31;MG;3147303;Paraisópolis;20940;331,238;Centro de Zona B
51;MT;5101258;Araputanga;16690;1610,076;Centro de Zona B
41;PR;4107603;Faxinal;17185;715,943;Centro de Zona B
24;RN;2402204;Canguaretama;33999;245,485;Centro de Zona B
26;PE;2608800;Lajedo;39982;189,096;Centro de Zona B
11;RO;1100056;Cerejeiras;16444;2783,300;Centro de Zona B
21;MA;2103604;Coroatá;65044;2263,772;Centro de Zona B
23;CE;2312205;Santa Quitéria;43695;4260,479;Centro de Zona B
26;PE;2605707;Floresta;32556;3644,169;Centro de Zona B
43;RS;4304903;Casca;9010;272,018;Centro de Zona B
52;GO;5206404;Crixás;16852;4661,168;Centro de Zona B
42;SC;4216008;Arranjo Populacional de São Carlos - Águas de Chapecó/SC;17646;301,631;Centro de Zona B
21;MA;2112506;Tutóia;58311;1566,088;Centro de Zona B
13;AM;1301407;Eirunepé;34840;14966,244;Centro de Zona B
52;GO;5211206;Itapuranga;25856;1276,479;Centro de Zona B
42;SC;4216701;São José do Cedro;13838;281,270;Centro de Zona B
21;MA;2114007;Zé Doca;51471;2140,109;Centro de Zona B
17;TO;1702208;Araguatins;35346;2625,286;Centro de Zona B
21;MA;2103406;Coelho Neto;49246;975,543;Centro de Zona B
23;CE;2300309;Acopiara;53931;2265,349;Centro de Zona B
25;PB;2504306;Catolé do Rocha;30343;552,112;Centro de Zona B
29;BA;2907301;Castro Alves;26209;713,789;Centro de Zona B
31;MG;3132503;Itamarandiba;34527;2735,573;Centro de Zona B
43;RS;4321402;Tenente Portela;13538;337,518;Centro de Zona B
23;CE;2305001;Guaraciaba do Norte;39713;611,464;Centro de Zona B
41;PR;4109302;Guaraniaçu;12733;1238,320;Centro de Zona B
29;BA;2933604;Xique-Xique;46440;5079,662;Centro de Zona B
31;MG;3112604;Capinópolis;16109;620,716;Centro de Zona B
32;ES;3203502;Montanha;18770;1099,060;Centro de Zona B
29;BA;2901007;Amargosa;37031;431,673;Centro de Zona B
23;CE;2308104;Mauriti;46854;1049,488;Centro de Zona B
43;RS;4319406;São Pedro do Sul;16250;873,734;Centro de Zona B
29;BA;2913200;Ibotirama;26846;1740,087;Centro de Zona B
23;CE;2305803;Ipu;41873;629,315;Centro de Zona B
31;MG;3137809;Lambari;20719;213,110;Centro de Zona B
29;BA;2926301;Riachão do Jacuípe;33403;1155,418;Centro de Zona B
52;GO;5210901;Itapaci;22533;956,125;Centro de Zona B
29;BA;2919801;Macaúbas;49474;2459,102;Centro de Zona B
29;BA;2911204;Gandu;32202;229,631;Centro de Zona B
29;BA;2926004;Remanso;41200;4683,404;Centro de Zona B
29;BA;2918100;Jeremoabo;40232;4627,275;Centro de Zona B
29;BA;2927200;Ruy Barbosa;30767;1991,769;Centro de Zona B
31;MG;3108008;Bom Sucesso;17598;705,046;Centro de Zona B
27;AL;2707305;Porto Calvo;27079;313,230;Centro de Zona B
43;RS;4301206;Arroio do Tigre;13332;315,132;Centro de Zona B
31;MG;3152204;Porteirinha;37950;1749,683;Centro de Zona B
29;BA;2920502;Maracás;21295;2413,269;Centro de Zona B
23;CE;2308500;Mombaça;44060;2119,480;Centro de Zona B
11;RO;1100064;Colorado do Oeste;16227;1451,060;Centro de Zona B
31;MG;3108602;Brasília de Minas;32288;1399,484;Centro de Zona B
31;MG;3119104;Corinto;23797;2525,397;Centro de Zona B
31;MG;3108305;Borda da Mata;19202;301,108;Centro de Zona B
21;MA;2103505;Colinas;41042;1980,551;Centro de Zona B
29;BA;2921708;Morro do Chapéu;35383;5744,968;Centro de Zona B
26;PE;2613602;São José do Egito;33789;794,144;Centro de Zona B
24;RN;2408904;Parelhas;21408;513,507;Centro de Zona B
35;SP;3504206;Auriflama;15123;434,498;Centro de Zona B
31;MG;3155801;Rio Pomba;17858;252,418;Centro de Zona B
31;MG;3130903;Inhapim;24204;858,024;Centro de Zona B
15;PA;1504059;Mãe do Rio;29917;469,492;Centro de Zona B
51;MT;5101308;Arranjo Populacional de Arenápolis - Nortelândia/MT;15770;1769,189;Centro de Zona B
35;SP;3522802;Itaporanga;15125;507,997;Centro de Zona B
22;PI;2207900;Pedro II;38704;1544,565;Centro de Zona B
29;BA;2905602;Camacan;31968;584,848;Centro de Zona B
43;RS;4318606;São José do Ouro;6945;335,154;Centro de Zona B
43;RS;4305801;Constantina;9915;203,614;Centro de Zona B
31;MG;3133303;Itaobim;21096;679,024;Centro de Zona B
51;MT;5101852;Bom Jesus do Araguaia;6452;4274,218;Centro de Zona B
27;AL;2709400;Viçosa;25773;371,612;Centro de Zona B
21;MA;2110708;São Domingos do Maranhão;34368;1151,978;Centro de Zona B
25;PB;2505105;Arranjo Populacional de Cuité - Nova Floresta/PB;30994;789,219;Centro de Zona B
31;MG;3141801;Minas Novas;31471;1812,398;Centro de Zona B
52;GO;5204904;Campos Belos;19764;724,074;Centro de Zona B
43;RS;4307302;Erval Seco;7040;363,906;Centro de Zona B
29;BA;2902807;Barra da Estiva;20813;1657,413;Centro de Zona B
43;RS;4301404;Arvorezinha;10425;270,241;Centro de Zona B
29;BA;2905008;Caculé;23045;610,983;Centro de Zona B
31;MG;3135803;Jequitinhonha;25305;3514,216;Centro de Zona B
31;MG;3169703;Turmalina;19797;1153,111;Centro de Zona B
22;PI;2208304;Piracuruca;28703;2369,210;Centro de Zona B
31;MG;3122009;Divino;19884;337,776;Centro de Zona B
31;MG;3154309;Resplendor;17398;1081,796;Centro de Zona B
26;PE;2614600;Tabira;28371;388,005;Centro de Zona B
17;TO;1702554;Augustinópolis;18178;394,976;Centro de Zona B
31;MG;3100906;Águas Formosas;19166;820,079;Centro de Zona B
31;MG;3167103;Serro;20993;1217,813;Centro de Zona B
31;MG;3120805;Cruzília;15358;522,419;Centro de Zona B
42;SC;4213401;Ponte Serrada;11552;562,776;Centro de Zona B
29;BA;2917102;Itororó;20375;314,064;Centro de Zona B
31;MG;3131208;Ipanema;19717;456,641;Centro de Zona B
21;MA;2113009;Vitorino Freire;31525;1193,385;Centro de Zona B
29;BA;2928208;Santana;26517;1909,353;Centro de Zona B
31;MG;3123205;Dores do Indaiá;13541;1111,202;Centro de Zona B
29;BA;2933000;Valente;28130;394,876;Centro de Zona B
31;MG;3148707;Pedra Azul;24319;1594,651;Centro de Zona B
25;PB;2512309;Princesa Isabel;23215;367,975;Centro de Zona B
31;MG;3141405;Medina;20882;1435,903;Centro de Zona B
29;BA;2925808;Queimadas;25445;2011,060;Centro de Zona B
24;RN;2412500;São Miguel;23380;166,233;Centro de Zona B
52;GO;5200803;Arranjo Populacional de Alvorada do Norte - Simolândia/GO;15446;1607,342;Centro de Zona B
22;PI;2207801;Paulistana;20490;1941,393;Centro de Zona B
22;PI;2202307;Canto do Buriti;21112;4325,642;Centro de Zona B
21;MA;2103703;Cururupu;32765;1256,884;Centro de Zona B
41;PR;4102505;Barbosa Ferraz;11714;538,636;Centro de Zona B
43;RS;4322103;Tucunduva;5713;181,198;Centro de Zona B
43;RS;4305405;Chiapetta;3794;397,393;Centro de Zona B
27;AL;2705705;Olho d'Água das Flores;21437;191,323;Centro de Zona B
22;PI;2210003;São João do Piauí;20537;1527,773;Centro de Zona B
31;MG;3148608;Peçanha;17545;996,646;Centro de Zona B
22;PI;2202703;Cocal;27725;1294,125;Centro de Zona B
31;MG;3139201;Malacacheta;18700;727,886;Centro de Zona B
31;MG;3162708;São João do Paraíso;23524;1925,575;Centro de Zona B
29;BA;2923605;Paramirim;21518;1087,060;Centro de Zona B
43;RS;4302204;Boa Vista do Buricá;6712;109,557;Centro de Zona B
22;PI;2205805;Luzilândia;25467;704,347;Centro de Zona B
31;MG;3142908;Monte Azul;21017;1001,296;Centro de Zona B
35;SP;3528601;Manduri;9780;229,046;Centro de Zona B
52;GO;5212808;Mara Rosa;9646;1687,842;Centro de Zona B
21;MA;2112605;Urbano Santos;32775;1705,914;Centro de Zona B
31;MG;3162807;São João Evangelista;15781;478,183;Centro de Zona B
25;PB;2514503;São José de Piranhas;20053;677,305;Centro de Zona B
41;PR;4123709;Santa Isabel do Ivaí;8603;349,497;Centro de Zona B
25;PB;2513406;Santa Luzia;15336;455,717;Centro de Zona B
21;MA;2110104;Santa Quitéria do Maranhão;25519;1434,757;Centro de Zona B
25;PB;2511301;Piancó;16038;564,735;Centro de Zona B
27;AL;2706406;Pão de Açúcar;24446;692,390;Centro de Zona B
25;PB;2511400;Picuí;18706;661,657;Centro de Zona B
21;MA;2102903;Carutapera;23658;1260,977;Centro de Zona B
25;PB;2516300;Sumé;16864;838,070;Centro de Zona B
41;PR;4119004;Pérola d'Oeste;6407;205,279;Centro de Zona B
31;MG;3146305;Padre Paraíso;20052;544,375;Centro de Zona B
43;RS;4315909;Rodeio Bonito;5867;83,278;Centro de Zona B
21;MA;2108009;Pastos Bons;19358;1635,321;Centro de Zona B
21;MA;2106326;Maracaçumé;21201;635,824;Centro de Zona B
25;PB;2516904;Uiraúna;15300;294,498;Centro de Zona B
25;PB;2504405;Conceição;18904;579,436;Centro de Zona B
22;PI;2202604;Castelo do Piauí;19715;2378,847;Centro de Zona B
21;MA;2108108;Paulo Ramos;21015;1168,609;Centro de Zona B
29;BA;2932804;Utinga;19098;633,760;Centro de Zona B
21;MA;2106706;Mirador;21000;8521,081;Centro de Zona B
24;RN;2412609;São Paulo do Potengi;17436;240,425;Centro de Zona B
22;PI;2205201;Jaicós;19035;865,144;Centro de Zona B
31;MG;3170909;Varzelândia;19335;814,994;Centro de Zona B
42;SC;4214508;Rio do Campo;5979;502,095;Centro de Zona B
42;SC;4201000;Anita Garibaldi;7313;587,994;Centro de Zona B
29;BA;2931053;Tanque Novo;17285;729,516;Centro de Zona B
21;MA;2105005;Humberto de Campos;28498;1714,216;Centro de Zona B
31;MG;3171808;Virginópolis;10537;439,878;Centro de Zona B
21;MA;2104008;Esperantinópolis;17379;452,439;Centro de Zona B
52;GO;5219704;Santa Terezinha de Goiás;8931;1202,246;Centro de Zona B
22;PI;2210805;Simplício Mendes;12663;1353,390;Centro de Zona B
31;MG;3142700;Montalvânia;15012;1503,755;Centro de Zona B
31;MG;3158201;Santa Maria do Suaçuí;14620;624,047;Centro de Zona B
17;TO;1714203;Natividade;9239;3240,715;Centro de Zona B
24;RN;2400802;Angicos;11724;741,582;Centro de Zona B
31;MG;3141009;Mato Verde;12508;472,245;Centro de Zona B
22;PI;2210706;Simões;14615;1075,518;Centro de Zona B
25;PB;2515500;Serra Branca;13630;687,535;Centro de Zona B
25;PB;2502805;Brejo do Cruz;13993;399,020;Centro de Zona B
17;TO;1715754;Palmeirópolis;7641;1703,944;Centro de Zona B
24;RN;2406700;Lajes;11208;676,625;Centro de Zona B
24;RN;2409308;Patu;12701;319,129;Centro de Zona B
31;MG;3131802;Itabirinha;11446;209,034;Centro de Zona B
31;MG;3101201;Aiuruoca;6032;649,680;Centro de Zona B
29;BA;2901304;Andaraí;13153;1590,316;Centro de Zona B
31;MG;3116803;Coluna;8907;348,492;Centro de Zona B
22;PI;2203206;Curimatá;11348;2344,655;Centro de Zona B
31;MG;3122702;Dom Silvério;5243;194,972;Centro de Zona B
29;BA;2914109;Ipupiara;9817;1055,760;Centro de Zona B
29;BA;2927903;Santa Inês;10656;379,270;Centro de Zona B
24;RN;2400901;Antônio Martins;7137;244,897;Centro de Zona B
35;SP;3524709;Jaguariúna;56221;141,391;Centro Local
35;SP;3517406;Guaíra;40533;1258,465;Centro Local
35;SP;3541604;Promissão;40027;779,200;Centro Local
31;MG;3131901;Itabirito;51281;542,609;Centro Local
52;GO;5220405;São Simão;20297;414,222;Centro Local
15;PA;1502152;Canaã dos Carajás;36050;3146,407;Centro Local
50;MS;5005400;Maracaju;45932;5299,184;Centro Local
52;GO;5206206;Cristalina;57759;6163,806;Centro Local
35;SP;3512407;Cordeirópolis;24221;137,579;Centro Local
35;SP;3544251;Rosana;17015;744,011;Centro Local
31;MG;3140001;Mariana;60142;1194,208;Centro Local
35;SP;3502754;Araçariguama;21854;145,204;Centro Local
29;BA;2908507;Conceição do Jacuípe;32909;117,529;Centro Local
32;ES;3202801;Itapemirim;34032;550,709;Centro Local
33;RJ;3304003;Piraí;28999;490,255;Centro Local
50;MS;5007802;Selvíria;6515;3258,325;Centro Local
32;ES;3204302;Presidente Kennedy;11488;594,897;Centro Local
31;MG;3161908;São Gonçalo do Rio Abaixo;10818;363,828;Centro Local
35;SP;3503802;Arranjo Populacional de Artur Nogueira/SP;68029;243,603;Centro Local
41;PR;4119301;Pinhão;32219;2001,588;Centro Local
24;RN;2404507;Guamaré;15349;258,307;Centro Local
15;PA;1505304;Oriximiná;72160;107603,436;Centro Local
41;PR;4114401;Mangueirinha;16787;1055,458;Centro Local
35;SP;3505302;Arranjo Populacional de Barra Bonita - Igaraçu do Tietê/SP;60725;247,868;Centro Local
35;SP;3519709;Ibiúna;78262;1058,082;Centro Local
35;SP;3520103;Arranjo Populacional de Igarapava/SP;46122;773,968;Centro Local
41;PR;4103453;Cafelândia;17775;271,724;Centro Local
50;MS;5007901;Sidrolândia;56081;5286,405;Centro Local
50;MS;5003256;Costa Rica;20496;4159,003;Centro Local
41;PR;4104600;Capitão Leônidas Marques;15724;275,748;Centro Local
35;SP;3506359;Bertioga;61736;491,546;Centro Local
29;BA;2928901;São Desidério;33193;15116,397;Centro Local
31;MG;3169356;Três Marias;31984;2678,253;Centro Local
50;MS;5006002;Nova Alvorada do Sul;21300;4019,323;Centro Local
35;SP;3518305;Guararema;29451;270,816;Centro Local
41;PR;4115705;Arranjo Populacional de Matinhos - Pontal do Paraná/PR;60843;318,309;Centro Local
15;PA;1507300;São Félix do Xingu;124763;84212,932;Centro Local
52;GO;5200308;Alexânia;27288;847,893;Centro Local
35;SP;3513702;Descalvado;33520;753,706;Centro Local
31;MG;3156908;Sacramento;25989;3073,268;Centro Local
41;PR;4114203;Mandaguari;34281;335,814;Centro Local
15;PA;1508126;Ulianópolis;57632;5088,468;Centro Local
41;PR;4117701;Palmeira;33757;1470,072;Centro Local
51;MT;5102686;Campos de Júlio;6710;6787,282;Centro Local
51;MT;5106240;Nova Ubiratã;11694;12500,114;Centro Local
28;SE;2801207;Canindé de São Francisco;29430;901,094;Centro Local
35;SP;3556305;Arranjo Populacional de Valparaíso/SP;29085;1159,348;Centro Local
35;SP;3518602;Arranjo Populacional de Guariba/SP;45325;404,710;Centro Local
29;BA;2904902;Arranjo Populacional de Cachoeira - Muritiba - Governador Mangabeira/BA;98644;696,315;Centro Local
33;RJ;3303807;Paraty;42630;924,296;Centro Local
50;MS;5002407;Caarapó;29743;2089,600;Centro Local
35;SP;3531902;Morro Agudo;32641;1388,127;Centro Local
35;SP;3518206;Guararapes;32774;955,637;Centro Local
35;SP;3540002;Arranjo Populacional de Pompéia/SP;28438;1103,611;Centro Local
41;PR;4117305;Ortigueira;22327;2429,564;Centro Local
33;RJ;3301504;Arranjo Populacional de Cordeiro - Cantagalo/RJ;41983;860,248;Centro Local
26;PE;2607653;Arranjo Populacional de Itambé/PE - Pedras de Fogo/PB;84058;826,561;Centro Local
51;MT;5107065;Querência;17014;17786,195;Centro Local
35;SP;3553401;Tanabi;25830;747,218;Centro Local
33;RJ;3303856;Arranjo Populacional de Paty do Alferes - Miguel Pereira/RJ;53171;602,274;Centro Local
35;SP;3520301;Arranjo Populacional de Iguape/SP;41686;2175,362;Centro Local
52;GO;5210109;Ipameri;26792;4368,991;Centro Local
35;SP;3542206;Rancharia;29688;1587,498;Centro Local
51;MT;5104609;Itiquira;13163;8659,910;Centro Local
43;RS;4322202;Tupanciretã;23824;2253,245;Centro Local
15;PA;1502103;Cametá;136390;3081,367;Centro Local
35;SP;3512001;Colina;18398;422,303;Centro Local
13;AM;1301209;Coari;84272;57970,768;Centro Local
35;SP;3553955;Tarumã;14812;302,913;Centro Local
35;SP;3537107;Pedreira;47361;108,817;Centro Local
29;BA;2909307;Correntina;32081;11492,171;Centro Local
50;MS;5000203;Água Clara;15257;7784,924;Centro Local
32;ES;3203320;Marataízes;38108;130,268;Centro Local
31;MG;3127008;Fronteira;17701;199,987;Centro Local
43;RS;4317608;Santo Antônio da Patrulha;42648;1049,807;Centro Local
35;SP;3529708;Miguelópolis;22093;820,849;Centro Local
35;SP;3554300;Teodoro Sampaio;23019;1555,803;Centro Local
52;GO;5205471;Chapadão do Céu;9842;2185,124;Centro Local
43;RS;4311205;Júlio de Castilhos;19364;1929,395;Centro Local
52;GO;5210406;Itaberaí;42163;1457,280;Centro Local
35;SP;3509254;Cajati;28605;454,436;Centro Local
35;SP;3506805;Bocaina;12204;363,926;Centro Local
33;RJ;3300803;Cachoeiras de Macacu;58560;954,749;Centro Local
41;PR;4101606;Arapoti;27925;1360,494;Centro Local
51;MT;5100607;Alto Taquari;10557;1440,399;Centro Local
52;GO;5219308;Santa Helena de Goiás;38485;1141,389;Centro Local
35;SP;3540200;Pontal;49047;356,371;Centro Local
50;MS;5004700;Ivinhema;23140;2010,168;Centro Local
32;ES;3204559;Santa Maria de Jetibá;39849;735,239;Centro Local
41;PR;4125704;São Miguel do Iguaçu;27325;851,917;Centro Local
35;SP;3527603;Luís Antônio;14592;598,257;Centro Local
31;MG;3141108;Arranjo Populacional de Matozinhos/MG;47152;347,613;Centro Local
15;PA;1508357;Vitória do Xingu;14987;3089,537;Centro Local
24;RN;2412203;Arranjo Populacional de São José de Mipibu - Nísia Floresta/RN;70900;598,185;Centro Local
42;SC;4203907;Arranjo Populacional de Capinzal/SC;33303;647,192;Centro Local
33;RJ;3304151;Quissamã;24246;709,397;Centro Local
29;BA;2911105;Formosa do Rio Preto;25311;15901,745;Centro Local
33;RJ;3306206;Vassouras;36702;535,638;Centro Local
52;GO;5204250;Cachoeira Dourada;8102;521,134;Centro Local
26;PE;2613008;São Bento do Una;58956;719,148;Centro Local
33;RJ;3304755;São Francisco de Itabapoana;42201;1118,037;Centro Local
43;RS;4300901;Aratiba;6283;342,279;Centro Local
35;SP;3526001;Junqueirópolis;20524;582,565;Centro Local
31;MG;3152808;Prata;27688;4847,544;Centro Local
31;MG;3119302;Coromandel;27982;3313,116;Centro Local
15;PA;1503903;Juruti;56908;8305,454;Centro Local
31;MG;3160702;Santos Dumont;46555;637,373;Centro Local
35;SP;3510005;Cândido Mota;31212;595,811;Centro Local
50;MS;5007109;Ribas do Rio Pardo;24258;17308,805;Centro Local
50;MS;5001003;Aparecida do Taboado;25431;2750,150;Centro Local
31;MG;3129509;Ibiá;25035;2704,132;Centro Local
35;SP;3556404;Vargem Grande do Sul;42573;267,178;Centro Local
32;ES;3201407;Castelo;37317;663,515;Centro Local
41;PR;4127502;Tibagi;20436;2951,567;Centro Local
35;SP;3548005;Santo Antônio de Posse;23085;154,133;Centro Local
43;RS;4315701;Rio Pardo;38284;2050,650;Centro Local
15;PA;1507953;Tailândia;103664;4430,477;Centro Local
23;CE;2303501;Cascavel;71499;834,963;Centro Local
15;PA;1504703;Moju;80988;9094,139;Centro Local
35;SP;3530201;Mirante do Paranapanema;18178;1238,931;Centro Local
25;PB;2500601;Alhandra;19391;182,663;Centro Local
41;PR;4123501;Santa Helena;26206;758,227;Centro Local
35;SP;3510807;Casa Branca;30237;864,225;Centro Local
42;SC;4213104;Arranjo Populacional de Piratuba - Ipira/SC;8451;301,739;Centro Local
31;MG;3145000;Nova Ponte;15280;1111,011;Centro Local
35;SP;3502200;Angatuba;24969;1027,288;Centro Local
35;SP;3537008;Pedregulho;16676;712,604;Centro Local
52;GO;5215702;Palmeiras de Goiás;28313;1539,692;Centro Local
52;GO;5213004;Arranjo Populacional de Maurilândia/GO;22854;1927,595;Centro Local
15;PA;1505064;Novo Repartimento;74602;15398,716;Centro Local
35;SP;3505807;Bastos;20954;170,912;Centro Local
51;MT;5101902;Brasnorte;19248;15959,135;Centro Local
52;GO;5216403;Paraúna;10995;3779,385;Centro Local
52;GO;5203302;Bela Vista de Goiás;29448;1275,849;Centro Local
35;SP;3550407;Arranjo Populacional de São Pedro/SP;38698;614,890;Centro Local
52;GO;5204300;Caçu;15743;2251,010;Centro Local
41;PR;4126272;Saudade do Iguaçu;5459;152,085;Centro Local
29;BA;2925204;Pojuca;39045;314,933;Centro Local
31;MG;3117504;Conceição do Mato Dentro;17641;1720,011;Centro Local
15;PA;1500206;Acará;55513;4343,550;Centro Local
24;RN;2402600;Ceará-Mirim;73099;724,838;Centro Local
27;AL;2708105;Santana do Mundaú;10755;225,407;Centro Local
51;MT;5108006;Tapurah;13359;4489,391;Centro Local
31;MG;3117306;Conceição das Alagoas;27425;1340,250;Centro Local
35;SP;3521804;Itaí;26861;1092,884;Centro Local
29;BA;2929305;São Gonçalo dos Campos;37139;294,768;Centro Local
52;GO;5203500;Bom Jesus de Goiás;24776;1405,028;Centro Local
35;SP;3500303;Aguaí;35954;474,554;Centro Local
31;MG;3151602;Arranjo Populacional de Planura/MG - Colômbia/SP;18171;1046,168;Centro Local
15;PA;1506708;Santana do Araguaia;71187;11591,455;Centro Local
42;SC;4217501;Seara;17506;309,627;Centro Local
51;MT;5106307;Paranatinga;22246;24162,444;Centro Local
23;CE;2308708;Morada Nova;62069;2778,578;Centro Local
28;SE;2803203;Itaporanga d'Ajuda;33994;739,702;Centro Local
42;SC;4216305;São João Batista;36244;199,976;Centro Local
41;PR;4109609;Guaratuba;36595;1326,670;Centro Local
35;SP;3552106;Socorro;40648;449,029;Centro Local
31;MG;3147402;Arranjo Populacional de Paraopeba/MG;35870;781,662;Centro Local
52;GO;5217104;Piracanjuba;24499;2380,732;Centro Local
43;RS;4319604;São Sepé;23690;2203,152;Centro Local
35;SP;3540903;Pradópolis;21110;167,378;Centro Local
51;MT;5106372;Pedra Preta;17456;4049,470;Centro Local
29;BA;2928802;Santo Estêvão;52413;360,334;Centro Local
43;RS;4300802;Arranjo Populacional de Antônio Prado/RS;19643;947,393;Centro Local
42;SC;4211751;Arranjo Populacional de Otacílio Costa/SC;21113;1134,457;Centro Local
29;BA;2933208;Arranjo Populacional de Vera Cruz - Itaparica/BA;64820;417,407;Centro Local
33;RJ;3304805;São Fidélis;38626;1034,893;Centro Local
41;PR;4111902;Jaguapitã;13494;475,004;Centro Local
35;SP;3547601;Santa Rosa de Viterbo;26322;288,576;Centro Local
52;GO;5213756;Montividiu;13115;1869,728;Centro Local
43;RS;4309001;Giruá;16151;856,541;Centro Local
41;PR;4110102;Imbituva;32179;756,535;Centro Local
31;MG;3133006;Itamonte;15440;431,792;Centro Local
35;SP;3529609;Meridiano;3848;228,199;Centro Local
52;GO;5207402;Edéia;12276;1461,503;Centro Local
32;ES;3200409;Anchieta;28736;409,691;Centro Local
17;TO;1713205;Arranjo Populacional de Miracema do Tocantins/TO;26037;5257,693;Centro Local
43;RS;4313201;Nova Petrópolis;21156;291,300;Centro Local
35;SP;3514304;Dourado;8868;205,874;Centro Local
31;MG;3114303;Carmo do Paranaíba;30324;1307,862;Centro Local
15;PA;1505809;Portel;61126;25384,960;Centro Local
31;MG;3157203;Santa Bárbara;30807;684,060;Centro Local
41;PR;4119103;Piên;12606;254,792;Centro Local
43;RS;4321303;Taquari;26838;349,967;Centro Local
31;MG;3159803;Santa Vitória;19608;3001,357;Centro Local
32;ES;3201902;Domingos Martins;33711;1229,210;Centro Local
51;MT;5101407;Aripuanã;21987;25107,968;Centro Local
27;AL;2704500;Arranjo Populacional de Maragogi/AL - São José da Coroa Grande/PE;53373;403,349;Centro Local
35;SP;3511409;Cerqueira César;19774;511,621;Centro Local
41;PR;4101101;Andirá;20139;236,075;Centro Local
41;PR;4119400;Piraí do Sul;25291;1403,066;Centro Local
35;SP;3514106;Dois Córregos;27112;632,972;Centro Local
42;SC;4208104;Itaiópolis;21556;1296,580;Centro Local
33;RJ;3300506;Bom Jardim;27269;382,430;Centro Local
41;PR;4124400;Arranjo Populacional Internacional de Santo Antônio do Sudoeste/Brasil;25290;551,791;Centro Local
31;MG;3152006;Pompéu;31583;2551,074;Centro Local
15;PA;1504802;Monte Alegre;57900;18152,559;Centro Local
35;SP;3536604;Arranjo Populacional de Paulo de Faria - Orindiúva/SP;15865;985,364;Centro Local
35;SP;3507902;Brotas;24163;1101,374;Centro Local
27;AL;2700409;Atalaia;47000;533,258;Centro Local
43;RS;4312906;Nova Bassano;9824;211,611;Centro Local
31;MG;3109303;Buritis;24663;5225,186;Centro Local
35;SP;3551603;Serra Negra;29001;203,734;Centro Local
41;PR;4106605;Cruzeiro do Oeste;20917;775,984;Centro Local
15;PA;1508308;Viseu;61049;4939,254;Centro Local
42;SC;4205803;Garuva;17800;503,595;Centro Local
31;MG;3149804;Perdizes;16009;2451,112;Centro Local
15;PA;1507607;São Miguel do Guamá;58328;1110,175;Centro Local
15;PA;1500404;Alenquer;56480;23645,452;Centro Local
15;PA;1502806;Curralinho;33893;3617,252;Centro Local
41;PR;4103602;Cambará;25252;366,153;Centro Local
51;MT;5107305;São José do Rio Claro;20312;4533,010;Centro Local
15;PA;1502939;Dom Eliseu;58956;5268,809;Centro Local
41;PR;4124806;São João;10303;388,059;Centro Local
50;MS;5004502;Itaporã;23886;1321,811;Centro Local
31;MG;3169604;Tupaciguara;25253;1823,960;Centro Local
35;SP;3550209;São Miguel Arcanjo;32859;930,339;Centro Local
13;AM;1301308;Codajás;28100;18700,713;Centro Local
31;MG;3151404;Arranjo Populacional de Pitangui/MG;33235;819,942;Centro Local
23;CE;2313500;Trairi;55535;929,023;Centro Local
35;SP;3535804;Paranapanema;19993;1018,724;Centro Local
41;PR;4127403;Terra Roxa;17439;800,807;Centro Local
31;MG;3157708;Santa Juliana;13743;723,784;Centro Local
26;PE;2601904;Bezerros;60714;492,632;Centro Local
15;PA;1508001;Tomé-Açu;62854;5145,361;Centro Local
43;RS;4319000;São Marcos;21449;256,355;Centro Local
35;SP;3512209;Conchal;27820;182,793;Centro Local
13;AM;1301852;Iranduba;47571;2216,817;Centro Local
23;CE;2302206;Beberibe;53421;1620,344;Centro Local
50;MS;5002209;Bonito;21738;4934,414;Centro Local
52;GO;5204409;Caiapônia;18715;8635,129;Centro Local
43;RS;4316709;Santa Bárbara do Sul;8099;975,507;Centro Local
31;MG;3105400;Barão de Cocais;32319;340,585;Centro Local
31;MG;3162005;São Gonçalo do Sapucaí;25332;516,683;Centro Local
41;PR;4120002;Porecatu;13084;291,663;Centro Local
35;SP;3519105;Iacanga;11559;547,393;Centro Local
15;PA;1506500;Santa Izabel do Pará;69746;717,662;Centro Local
43;RS;4311007;Jaguarão;26869;2052,410;Centro Local
50;MS;5000856;Angélica;10620;1273,268;Centro Local
35;SP;3531407;Monte Aprazível;24794;495,559;Centro Local
43;RS;4318200;São Francisco de Paula;21633;3265,718;Centro Local
35;SP;3528007;Macatuba;17111;224,514;Centro Local
41;PR;4106506;Coronel Vivida;20892;684,417;Centro Local
51;MT;5103007;Chapada dos Guimarães;19588;6450,543;Centro Local
35;SP;3547502;Santa Rita do Passa Quatro;27514;754,141;Centro Local
41;PR;4102109;Astorga;26011;434,792;Centro Local
35;SP;3533007;Arranjo Populacional de Nova Granada/SP;25646;774,742;Centro Local
51;MT;5104526;Ipiranga do Norte;7395;3466,697;Centro Local
50;MS;5007935;Sonora;18828;4075,423;Centro Local
51;MT;5106232;Nova Olímpia;20034;1367,743;Centro Local
42;SC;4208450;Itapoá;19963;245,394;Centro Local
31;MG;3129707;Ibiraci;13687;562,095;Centro Local
50;MS;5004601;Itaquiraí;20905;2064,042;Centro Local
52;GO;5200134;Acreúna;22182;1565,997;Centro Local
35;SP;3535309;Palmital;22168;548,407;Centro Local
15;PA;1505106;Óbidos;51964;28021,443;Centro Local
35;SP;3551900;Severínia;17328;140,460;Centro Local
35;SP;3530102;Mirandópolis;29418;917,694;Centro Local
41;PR;4106308;Corbélia;17024;529,384;Centro Local
43;RS;4316303;Roque Gonzales;6899;348,056;Centro Local
51;MT;5105606;Matupá;16334;5219,025;Centro Local
35;SP;3522901;Itapuí;13833;140,023;Centro Local
35;SP;3500501;Arranjo Populacional de Águas de Lindóia/SP;26463;108,882;Centro Local
42;SC;4200101;Abelardo Luz;17847;953,992;Centro Local
41;PR;4113908;Mallet;13595;753,713;Centro Local
31;MG;3155504;Rio Paranaíba;12291;1352,353;Centro Local
35;SP;3514908;Elias Fausto;17604;202,360;Centro Local
35;SP;3537909;Pilar do Sul;28963;681,248;Centro Local
35;SP;3511003;Castilho;20738;1065,318;Centro Local
35;SP;3545506;Sandovalina;4248;455,856;Centro Local
15;PA;1502772;Curionópolis;18014;2369,098;Centro Local
52;GO;5209952;Arranjo Populacional de Indiara/GO;21504;1820,581;Centro Local
42;SC;4217006;São Ludgero;13165;107,687;Centro Local
31;MG;3130705;Indianópolis;6829;830,030;Centro Local
51;MT;5100409;Alto Garças;11868;3865,971;Centro Local
29;BA;2907202;Casa Nova;71366;9647,072;Centro Local
50;MS;5001243;Aral Moreira;11963;1655,660;Centro Local
11;RO;1100452;Buritis;38937;3265,809;Centro Local
23;CE;2300200;Acaraú;62557;845,468;Centro Local
26;PE;2615409;Toritama;44254;25,704;Centro Local
35;SP;3515202;Estrela d'Oeste;8418;296,281;Centro Local
35;SP;3521705;Itaberá;17635;1100,247;Centro Local
29;BA;2916302;Itapebi;10306;1013,074;Centro Local
31;MG;3116605;Cláudio;28366;630,706;Centro Local
31;MG;3142809;Monte Alegre de Minas;20999;2595,957;Centro Local
41;PR;4105300;Céu Azul;11709;1179,449;Centro Local
42;SC;4204558;Correia Pinto;13040;647,388;Centro Local
35;SP;3536406;Paulicéia;7274;374,091;Centro Local
31;MG;3171006;Vazante;20537;1913,396;Centro Local
31;MG;3140704;Mateus Leme;30798;301,383;Centro Local
21;MA;2104800;Grajaú;68876;8863,570;Centro Local
41;PR;4126504;Sertanópolis;16323;505,532;Centro Local
41;PR;4121703;Reserva;26602;1635,522;Centro Local
15;PA;1504455;Medicilândia;31213;8272,629;Centro Local
35;SP;3535002;Palestina;12786;697,701;Centro Local
43;RS;4306908;Encruzilhada do Sul;25791;3348,447;Centro Local
31;MG;3162948;São José da Barra;7371;314,253;Centro Local
31;MG;3113206;Carandaí;25327;487,280;Centro Local
26;PE;2614204;Sirinhaém;45359;374,321;Centro Local
35;SP;3529203;Martinópolis;26289;1253,564;Centro Local
35;SP;3521903;Itajobi;15226;502,066;Centro Local
15;PA;1505031;Novo Progresso;25758;38162,035;Centro Local
21;MA;2110005;Santa Luzia;72440;4837,038;Centro Local
35;SP;3508603;Cachoeira Paulista;33067;287,990;Centro Local
32;ES;3204708;São Gabriel da Palha;37361;434,887;Centro Local
31;MG;3123601;Elói Mendes;27823;499,537;Centro Local
25;PB;2515302;Sapé;52443;315,532;Centro Local
51;MT;5103304;Comodoro;20513;21518,254;Centro Local
33;RJ;3302809;Arranjo Populacional de Mendes - Engenheiro Paulo de Frontin/RJ;32507;235,140;Centro Local
21;MA;2105401;Itapecuru Mirim;67673;1478,562;Centro Local
42;SC;4218509;Treze Tílias;7687;186,642;Centro Local
35;SP;3509403;Cajuru;25935;660,088;Centro Local
13;AM;1303536;Presidente Figueiredo;35352;25459,099;Centro Local
11;RO;1100098;Espigão D'Oeste;32047;4518,027;Centro Local
43;RS;4316006;Rolante;21199;295,637;Centro Local
24;RN;2407203;Macau;31584;775,302;Centro Local
32;ES;3205069;Venda Nova do Imigrante;24800;185,909;Centro Local
31;MG;3111101;Campina Verde;19738;3650,749;Centro Local
24;RN;2414407;Touros;33734;840,928;Centro Local
15;PA;1505437;Ourilândia do Norte;32319;14410,567;Centro Local
42;SC;4210001;Luiz Alves;12609;260,106;Centro Local
15;PA;1501782;Breu Branco;64738;3941,911;Centro Local
51;MT;5105903;Nobres;15338;3911,850;Centro Local
51;MT;5107008;Poxoréu;16421;6874,158;Centro Local
35;SP;3517604;Guapiara;17293;408,292;Centro Local
41;PR;4114005;Mamborê;13252;788,061;Centro Local
35;SP;3516903;General Salgado;10876;494,376;Centro Local
31;MG;3110509;Camanducaia;21738;528,688;Centro Local
51;MT;5107768;Santa Rita do Trivelato;3330;4734,930;Centro Local
51;MT;5108501;Vera;11216;2953,978;Centro Local
41;PR;4101200;Antonina;19011;882,317;Centro Local
41;PR;4112801;Joaquim Távora;11803;289,173;Centro Local
43;RS;4302352;Bom Princípio;13846;88,779;Centro Local
31;MG;3135050;Jaíba;38413;2635,467;Centro Local
15;PA;1505486;Pacajá;46986;11832,330;Centro Local
41;PR;4116703;Nova Aurora;10650;474,011;Centro Local
15;PA;1506187;Rondon do Pará;51903;8246,394;Centro Local
42;SC;4211009;Mondaí;11592;200,276;Centro Local
29;BA;2907509;Catu;54424;426,955;Centro Local
35;SP;3528809;Maracaí;13967;533,498;Centro Local
11;RO;1100320;São Miguel do Guaporé;22931;7460,219;Centro Local
52;GO;5220207;São Miguel do Araguaia;22067;6148,795;Centro Local
51;MT;5107800;Santo Antônio do Leverger;16433;9442,462;Centro Local
42;SC;4204707;Cunha Porã;11053;220,099;Centro Local
43;RS;4312617;Muitos Capões;3151;1193,049;Centro Local
15;PA;1503705;Itupiranga;53182;7880,109;Centro Local
51;MT;5106505;Poconé;32768;17025,406;Centro Local
42;SC;4210605;Massaranduba;16704;374,459;Centro Local
42;SC;4211504;Nova Trento;14312;402,852;Centro Local
35;SP;3540804;Potirendaba;17201;342,492;Centro Local
17;TO;1716604;Peixe;11623;5291,206;Centro Local
14;RR;1400472;Rorainópolis;29533;33579,739;Centro Local
24;RN;2401453;Baraúna;27994;825,682;Centro Local
35;SP;3536208;Pariquera-Açu;19570;359,414;Centro Local
15;PA;1508159;Uruará;45517;10791,406;Centro Local
41;PR;4110409;Indianópolis;4449;122,622;Centro Local
31;MG;3147204;Paraguaçu;21418;424,296;Centro Local
29;BA;2902906;Barra do Choça;32018;765,152;Centro Local
31;MG;3134905;Jacutinga;25684;347,667;Centro Local
27;AL;2704203;Limoeiro de Anadia;28495;309,205;Centro Local
43;RS;4301305;Arroio Grande;18351;2514,763;Centro Local
24;RN;2401107;Areia Branca;27162;335,219;Centro Local
13;AM;1301704;Humaitá;54001;33111,143;Centro Local
41;PR;4107256;Douradina;8621;419,853;Centro Local
35;SP;3531506;Monte Azul Paulista;19050;263,462;Centro Local
42;SC;4213708;Pouso Redondo;17189;359,225;Centro Local
21;MA;2102325;Buriticupu;71723;2544,857;Centro Local
15;PA;1501907;Bujaru;28832;1005,168;Centro Local
29;BA;2910602;Esplanada;36882;1299,355;Centro Local
21;MA;2112001;Tasso Fragoso;8459;4382,975;Centro Local
35;SP;3553302;Tambaú;23182;561,788;Centro Local
32;ES;3203056;Jaguaré;29904;659,751;Centro Local
31;MG;3160405;Santo Antônio do Monte;28054;1125,780;Centro Local
15;PA;1503804;Jacundá;58457;2008,315;Centro Local
15;PA;1505205;Oeiras do Pará;32168;3852,291;Centro Local
41;PR;4118105;Arranjo Populacional de Paranacity/PR;15850;607,734;Centro Local
41;PR;4104428;Candói;15903;1512,786;Centro Local
31;MG;3133758;Itaú de Minas;16014;153,421;Centro Local
32;ES;3200201;Alegre;30568;772,000;Centro Local
50;MS;5002308;Brasilândia;11891;5807,224;Centro Local
32;ES;3205010;Sooretama;29449;587,036;Centro Local
50;MS;5006275;Paraíso das Águas;5455;5061,433;Centro Local
31;MG;3111606;Campos Gerais;28703;769,504;Centro Local
28;SE;2807105;Simão Dias;40486;564,360;Centro Local
35;SP;3505609;Barrinha;32434;146,025;Centro Local
41;PR;4121802;Ribeirão Claro;10693;629,224;Centro Local
15;PA;1503457;Ipixuna do Pará;62455;5215,555;Centro Local
41;PR;4122008;Rio Azul;15134;599,056;Centro Local
41;PR;4111209;Itapejara d'Oeste;11831;254,014;Centro Local
43;RS;4319158;São Miguel das Missões;7663;1227,927;Centro Local
11;RO;1100015;Alta Floresta D'Oeste;23167;7067,025;Centro Local
13;AM;1302702;Manicoré;54907;48315,021;Centro Local
26;PE;2602100;Bom Conselho;48336;792,185;Centro Local
33;RJ;3303005;Miracema;27195;303,244;Centro Local
12;AC;1200500;Sena Madureira;45177;23753,066;Centro Local
31;MG;3144607;Nepomuceno;26709;582,553;Centro Local
29;BA;2926202;Riachão das Neves;22343;5978,998;Centro Local
29;BA;2923001;Nova Viçosa;42950;1316,380;Centro Local
21;MA;2106755;Miranda do Norte;28001;341,107;Centro Local
35;SP;3533601;Nuporanga;7386;348,265;Centro Local
29;BA;2925105;Poções;46862;937,269;Centro Local
51;MT;5106422;Peixoto de Azevedo;34607;14400,558;Centro Local
29;BA;2910503;Entre Rios;41654;1187,514;Centro Local
33;RJ;3301207;Carmo;18755;306,513;Centro Local
41;PR;4105706;Clevelândia;16671;703,638;Centro Local
50;MS;5005608;Miranda;27795;5475,367;Centro Local
51;MT;5103254;Colniza;37280;27946,126;Centro Local
35;SP;3501004;Altinópolis;16164;928,956;Centro Local
50;MS;5008008;Terenos;21311;2841,686;Centro Local
31;MG;3153400;Presidente Olegário;19377;3503,742;Centro Local
52;GO;5215306;Orizona;15502;1972,884;Centro Local
26;PE;2609501;Nazaré da Mata;32366;130,572;Centro Local
52;GO;5214002;Mozarlândia;15444;1734,364;Centro Local
31;MG;3144102;Muzambinho;20594;409,948;Centro Local
15;PA;1507979;Terra Santa;18619;1895,883;Centro Local
41;PR;4125100;São João do Triunfo;14996;720,407;Centro Local
42;SC;4208807;Jaguaruna;19755;326,505;Centro Local
33;RJ;3305158;São José do Vale do Rio Preto;21670;220,063;Centro Local
35;SP;3546306;Santa Cruz das Palmeiras;33975;295,337;Centro Local
31;MG;3118205;Conquista;6908;618,363;Centro Local
29;BA;2905404;Cairu;17913;448,818;Centro Local
35;SP;3541703;Quatá;14006;651,341;Centro Local
23;CE;2306900;Jaguaribe;34729;1876,806;Centro Local
43;RS;4300505;Alpestre;6458;325,979;Centro Local
32;ES;3203403;Mimoso do Sul;26191;869,439;Centro Local
17;TO;1711902;Lagoa da Confusão;13034;10564,683;Centro Local
41;PR;4102802;Bela Vista do Paraíso;15395;242,689;Centro Local
41;PR;4126306;Sengés;19267;1441,333;Centro Local
41;PR;4126801;Tapejara;16062;591,399;Centro Local
43;RS;4305454;Arranjo Populacional de Cidreira - Balneário Pinhal/RS;29672;345,806;Centro Local
52;GO;5205901;Corumbaíba;9574;1883,665;Centro Local
41;PR;4101705;Araruna;13939;493,190;Centro Local
52;GO;5217708;Pontalina;17777;1436,954;Centro Local
24;RN;2408300;Nova Cruz;37233;277,658;Centro Local
35;SP;3550902;São Simão;15257;617,252;Centro Local
35;SP;3524600;Jacupiranga;17842;704,189;Centro Local
13;AM;1303569;Rio Preto da Eva;32577;5815,622;Centro Local
43;RS;4322251;Tupandi;4767;59,261;Centro Local
31;MG;3114402;Carmo do Rio Claro;21180;1065,685;Centro Local
35;SP;3538600;Piracaia;27140;385,568;Centro Local
29;BA;2913705;Inhambupe;39499;1082,260;Centro Local
35;SP;3526209;Juquitiba;31235;522,169;Centro Local
43;RS;4315800;Roca Sales;11300;208,629;Centro Local
35;SP;3555356;Ubarana;6216;209,861;Centro Local
43;RS;4305306;Chapada;9300;684,247;Centro Local
35;SP;3508801;Cafelândia;17689;920,280;Centro Local
35;SP;3515152;Engenheiro Coelho;20284;109,941;Centro Local
43;RS;4318101;São Francisco de Assis;18471;2508,453;Centro Local
31;MG;3143203;Monte Santo de Minas;21534;594,632;Centro Local
35;SP;3538907;Arranjo Populacional de Pirajuí/SP;30791;915,393;Centro Local
26;PE;2612604;Santa Maria da Boa Vista;41759;3000,774;Centro Local
27;AL;2701407;Campo Alegre;56579;312,708;Centro Local
13;AM;1302405;Lábrea;45245;68262,696;Centro Local
23;CE;2306553;Itarema;41445;718,016;Centro Local
15;PA;1500347;Água Azul do Norte;27241;7113,955;Centro Local
32;ES;3204609;Santa Teresa;23392;683,219;Centro Local
22;PI;2204501;Guadalupe;10500;1023,592;Centro Local
52;GO;5220504;Serranópolis;8445;5526,723;Centro Local
12;AC;1200609;Tarauacá;41976;20171,075;Centro Local
24;RN;2400703;Alto do Rodrigues;14326;191,334;Centro Local
50;MS;5007406;Rio Verde de Mato Grosso;19682;8154,522;Centro Local
27;AL;2708501;São Luís do Quitunde;34415;397,366;Centro Local
31;MG;3139508;Manhumirim;22608;182,900;Centro Local
29;BA;2931905;Tucano;50568;2185,014;Centro Local
51;MT;5105507;Vila Bela da Santíssima Trindade;15983;13420,436;Centro Local
35;SP;3534757;Ouroeste;10177;288,648;Centro Local
51;MT;5103452;Denise;9377;1278,502;Centro Local
23;CE;2300754;Amontada;43131;1178,162;Centro Local
27;AL;2706901;Pilar;35008;251,066;Centro Local
52;GO;5216452;Perolândia;3116;1029,624;Centro Local
32;ES;3201605;Conceição da Barra;30849;1182,587;Centro Local
43;RS;4302709;Butiá;20929;752,187;Centro Local
43;RS;4315305;Quaraí;22771;3147,114;Centro Local
24;RN;2401008;Apodi;35814;1602,477;Centro Local
11;RO;1100338;Nova Mamoré;29757;10071,643;Centro Local
29;BA;2925501;Prado;28152;1687,833;Centro Local
35;SP;3529906;Miracatu;19919;1001,484;Centro Local
32;ES;3204104;Pinheiros;26763;973,136;Centro Local
23;CE;2310209;Paracuru;34097;302,468;Centro Local
15;PA;1506203;Salinópolis;40424;223,156;Centro Local
52;GO;5218904;Rubiataba;19815;748,264;Centro Local
43;RS;4313656;Palmares do Sul;11306;949,201;Centro Local
26;PE;2611804;Ribeirão;47209;289,733;Centro Local
43;RS;4314472;Pinhal Grande;4372;478,110;Centro Local
21;MA;2109809;Arranjo Populacional de Santa Helena - Turilândia/MA;67135;3700,811;Centro Local
23;CE;2310258;Paraipaba;32700;301,148;Centro Local
31;MG;3101102;Aimorés;25193;1348,913;Centro Local
50;MS;5005251;Laguna Carapã;7267;1734,068;Centro Local
28;SE;2803005;Itabaianinha;41684;493,472;Centro Local
52;GO;5201306;Anicuns;21717;979,230;Centro Local
26;PE;2606101;Glória do Goitá;30504;231,832;Centro Local
35;SP;3543006;Ribeirão Branco;16684;697,500;Centro Local
15;PA;1506161;Rio Maria;18186;4114,627;Centro Local
31;MG;3166808;Serra do Salitre;11493;1295,272;Centro Local
51;MT;5108907;Nova Maringá;8428;11555,987;Centro Local
32;ES;3204351;Rio Bananal;19009;641,929;Centro Local
29;BA;2930204;Sento Sé;40703;12181,239;Centro Local
35;SP;3517703;Guará;21129;362,183;Centro Local
51;MT;5106299;Paranaíta;11193;4796,013;Centro Local
35;SP;3519808;Icém;8181;362,355;Centro Local
26;PE;2603207;Arranjo Populacional de Caetés - Capoeiras/PE;48618;631,275;Centro Local
31;MG;3143401;Monte Sião;23569;291,594;Centro Local
35;SP;3523602;Itirapina;17922;564,603;Centro Local
43;RS;4311155;Jóia;8554;1238,935;Centro Local
50;MS;5003801;Fátima do Sul;19234;315,160;Centro Local
33;RJ;3305604;Silva Jardim;21773;937,755;Centro Local
25;PB;2506004;Esperança;33003;159,663;Centro Local
42;SC;4205308;Faxinal dos Guedes;10686;339,683;Centro Local
43;RS;4315503;Restinga Sêca;15836;968,620;Centro Local
31;MG;3133105;Itanhandu;15236;143,363;Centro Local
42;SC;4204004;Catanduvas;10735;198,240;Centro Local
29;BA;2920601;Maragogipe;44555;438,182;Centro Local
21;MA;2112803;Viana;52229;1166,745;Centro Local
31;MG;3111408;Campo Florido;8029;1264,245;Centro Local
31;MG;3140902;Matipó;18808;266,990;Centro Local
41;PR;4115408;Marmeleiro;14346;387,381;Centro Local
50;MS;5007554;Santa Rita do Pardo;7801;6139,729;Centro Local
31;MG;3149903;Perdões;21291;270,657;Centro Local
23;CE;2313609;Ubajara;34530;421,033;Centro Local
50;MS;5004304;Iguatemi;15977;2946,517;Centro Local
41;PR;4127205;Terra Boa;16984;320,850;Centro Local
27;AL;2709152;Teotônio Vilela;43960;299,222;Centro Local
41;PR;4107504;Engenheiro Beltrão;14020;467,470;Centro Local
35;SP;3547700;Santo Anastácio;20889;552,876;Centro Local
35;SP;3532009;Morungaba;13458;146,752;Centro Local
43;RS;4321006;Tapera;10593;179,935;Centro Local
13;AM;1302900;Maués;62755;39991,066;Centro Local
41;PR;4110508;Ipiranga;15092;927,087;Centro Local
50;MS;5002605;Camapuã;13727;6228,631;Centro Local
27;AL;2701100;Branquinha;10529;165,250;Centro Local
41;PR;4101903;Assaí;15289;440,347;Centro Local
21;MA;2111607;São Raimundo das Mangabeiras;18755;3521,515;Centro Local
26;PE;2616308;Vicência;32513;228,017;Centro Local
52;GO;5204805;Campo Alegre de Goiás;7437;2462,993;Centro Local
29;BA;2906907;Caravelas;21937;2377,872;Centro Local
42;SC;4217907;Tangará;8691;390,000;Centro Local
52;GO;5200555;Alto Horizonte;6218;503,764;Centro Local
29;BA;2902104;Araci;54099;1495,554;Centro Local
29;BA;2921906;Mucugê;9244;2462,153;Centro Local
11;RO;1100254;Presidente Médici;19409;1758,465;Centro Local
42;SC;4203303;Campo Alegre;11974;499,216;Centro Local
35;SP;3507407;Borborema;15925;552,256;Centro Local
31;MG;3133402;Itapagipe;15102;1802,438;Centro Local
43;RS;4318507;São José do Norte;27410;1110,013;Centro Local
42;SC;4201257;Apiúna;10636;492,644;Centro Local
29;BA;2930774;Sobradinho;22806;1154,905;Centro Local
43;RS;4314464;Pinhal da Serra;1965;438,110;Centro Local
35;SP;3508009;Buri;19789;1195,910;Centro Local
31;MG;3114204;Carmo do Cajuru;22257;455,808;Centro Local
15;PA;1504000;Limoeiro do Ajuru;28583;1490,186;Centro Local
43;RS;4308102;Feliz;13451;94,943;Centro Local
23;CE;2313807;Uruburetama;21725;97,072;Centro Local
32;ES;3205036;Vargem Alta;21207;417,760;Centro Local
31;MG;3114501;Carmópolis de Minas;19144;400,010;Centro Local
23;CE;2314102;Viçosa do Ceará;60355;1311,628;Centro Local
31;MG;3162906;São João Nepomuceno;26272;407,427;Centro Local
32;ES;3203346;Marechal Floriano;16464;285,495;Centro Local
41;PR;4127965;Turvo;13340;938,166;Centro Local
51;MT;5103056;Cláudia;12052;3849,991;Centro Local
51;MT;5104203;Guiratinga;15035;5044,139;Centro Local
23;CE;2304707;Granja;54729;2663,032;Centro Local
41;PR;4124509;Santo Inácio;5431;306,871;Centro Local
15;PA;1503093;Goianésia do Pará;39857;7023,941;Centro Local
31;MG;3128303;Guaranésia;19025;294,828;Centro Local
52;GO;5222005;Vianópolis;13746;954,284;Centro Local
31;MG;3126703;Francisco Sá;26181;2747,295;Centro Local
26;PE;2602803;Buíque;57825;1320,870;Centro Local
52;GO;5214838;Nova Crixás;12791;7302,226;Centro Local
23;CE;2311603;Arranjo Populacional de Redenção - Acarape/CE;43032;380,990;Centro Local
51;MT;5103700;Feliz Natal;13857;11678,999;Centro Local
51;MT;5107792;Santo Antônio do Leste;5023;3404,565;Centro Local
29;BA;2916500;Itapicuru;35256;1556,747;Centro Local
33;RJ;3305703;Sumidouro;15577;413,370;Centro Local
23;CE;2307007;Jaguaruana;33967;867,563;Centro Local
26;PE;2603009;Cabrobó;33934;1658,616;Centro Local
41;PR;4122503;Roncador;10058;742,121;Centro Local
51;MT;5107941;Tabaporã;9565;8448,004;Centro Local
17;TO;1708205;Formoso do Araguaia;18482;13423,378;Centro Local
24;RN;2408805;Parazinho;5201;231,007;Centro Local
23;CE;2302404;Boa Viagem;54440;2836,783;Centro Local
35;SP;3520905;Ipaussu;14869;209,554;Centro Local
35;SP;3551801;Sete Barras;12884;1062,699;Centro Local
15;PA;1503309;Igarapé-Miri;62355;1996,790;Centro Local
23;CE;2310704;Pentecoste;37326;1378,258;Centro Local
15;PA;1508209;Vigia;53191;401,589;Centro Local
51;MT;5106216;Nova Canaã do Norte;12739;5955,408;Centro Local
35;SP;3511607;Cesário Lange;17915;190,392;Centro Local
26;PE;2605103;Custódia;36841;1404,127;Centro Local
26;PE;2602308;Bonito;38152;390,107;Centro Local
27;AL;2704005;Junqueiro;24731;247,724;Centro Local
41;PR;4115358;Maripá;5624;283,793;Centro Local
35;SP;3548054;Arranjo Populacional de Santo Antônio do Aracanguá/SP;12397;1382,248;Centro Local
31;MG;3155702;Rio Piracicaba;14346;373,037;Centro Local
41;PR;4110953;Itaipulândia;10961;331,288;Centro Local
51;MT;5106281;Novo São Joaquim;5199;5231,297;Centro Local
31;MG;3139607;Mantena;27640;685,208;Centro Local
42;SC;4215505;Santa Cecília;16741;1145,845;Centro Local
43;RS;4312708;Nonoai;11760;468,962;Centro Local
41;PR;4110607;Iporã;14073;647,894;Centro Local
51;MT;5103858;Gaúcha do Norte;7513;16934,298;Centro Local
42;SC;4214201;Quilombo;9946;279,763;Centro Local
35;SP;3515400;Fartura;16001;429,171;Centro Local
31;MG;3113701;Carlos Chagas;19007;3202,984;Centro Local
41;PR;4114500;Manoel Ribas;13494;571,135;Centro Local
35;SP;3544202;Arranjo Populacional de Riolândia/SP;14919;849,402;Centro Local
31;MG;3130309;Iguatama;7971;628,200;Centro Local
41;PR;4118907;Pérola;11144;240,635;Centro Local
35;SP;3521309;Ipuã;16209;466,461;Centro Local
16;AP;1600501;Oiapoque;26627;23034,392;Centro Local
51;MT;5106802;Porto dos Gaúchos;5429;6862,118;Centro Local
52;GO;5217203;Piranhas;10501;2047,765;Centro Local
41;PR;4127601;Tijucas do Sul;16646;671,889;Centro Local
51;MT;5107107;São José dos Quatro Marcos;18967;1287,884;Centro Local
41;PR;4122701;Sabáudia;6760;190,329;Centro Local
35;SP;3519501;Ibirarema;7663;228,230;Centro Local
32;ES;3200300;Alfredo Chaves;14566;615,677;Centro Local
29;BA;2902708;Barra;53231;11422,537;Centro Local
32;ES;3204203;Piúma;21363;74,046;Centro Local
31;MG;3111507;Campos Altos;15356;710,645;Centro Local
16;AP;1600238;Ferreira Gomes;7591;4973,852;Centro Local
35;SP;3556909;Vista Alegre do Alto;8626;95,429;Centro Local
31;MG;3101904;Alpinópolis;19745;454,751;Centro Local
52;GO;5217302;Pirenópolis;24749;2205,010;Centro Local
22;PI;2201200;Barras;46941;1722,507;Centro Local
31;MG;3115102;Cássia;17739;665,802;Centro Local
43;RS;4305009;Catuípe;8851;583,200;Centro Local
22;PI;2200400;Altos;40440;957,654;Centro Local
35;SP;3526100;Juquiá;18908;812,799;Centro Local
29;BA;2917359;Jaborandi;8496;9988,715;Centro Local
31;MG;3124807;Estrela do Sul;7936;822,454;Centro Local
12;AC;1200450;Senador Guiomard;22810;2322,030;Centro Local
52;GO;5222054;Vicentinópolis;8611;737,255;Centro Local
50;MS;5002001;Batayporã;11305;1828,024;Centro Local
24;RN;2412559;São Miguel do Gostoso;9531;344,477;Centro Local
43;RS;4314605;Piratini;20621;3537,799;Centro Local
21;MA;2101251;Bacabeira;16855;542,962;Centro Local
32;ES;3202108;Ecoporanga;23014;2285,369;Centro Local
32;ES;3203130;João Neiva;16614;284,734;Centro Local
31;MG;3144003;Mutum;26997;1250,824;Centro Local
43;RS;4305702;Condor;6746;465,177;Centro Local
43;RS;4316501;Arranjo Populacional de Salvador do Sul/RS;11463;133,740;Centro Local
15;PA;1506195;Rurópolis;49503;7021,321;Centro Local
12;AC;1200302;Feijó;34675;27975,426;Centro Local
41;PR;4123006;Salto do Lontra;14695;312,717;Centro Local
43;RS;4321105;Tapes;17266;805,452;Centro Local
21;MA;2102804;Arranjo Populacional de Carolina/MA;33174;8429,684;Centro Local
31;MG;3111002;Campestre;21056;577,843;Centro Local
27;AL;2708808;São Sebastião;34011;315,167;Centro Local
29;BA;2927705;Santa Cruz Cabrália;27626;1462,942;Centro Local
51;MT;5103601;Dom Aquino;8199;2224,269;Centro Local
35;SP;3556107;Valentim Gentil;13115;149,741;Centro Local
51;MT;5107248;Santa Carmem;4486;3855,362;Centro Local
29;BA;2905800;Camamu;35248;839,702;Centro Local
35;SP;3556008;Urupês;13727;323,916;Centro Local
31;MG;3137502;Lagoa Formosa;17991;840,920;Centro Local
42;SC;4219176;Vargem Bonita;4534;299,807;Centro Local
15;PA;1501204;Baião;46416;3759,834;Centro Local
31;MG;3128600;Guarda-Mor;6591;2069,795;Centro Local
29;BA;2908309;Arranjo Populacional de Conceição do Almeida - Sapeaçu/BA;34719;416,054;Centro Local
35;SP;3504404;Avanhandava;13433;338,370;Centro Local
26;PE;2611309;Pombos;27033;239,876;Centro Local
15;PA;1507904;Arranjo Populacional de Soure - Salvaterra/PA;48605;3775,912;Centro Local
33;RJ;3304409;Rio Claro;18451;846,797;Centro Local
41;PR;4100509;Altônia;21933;661,560;Centro Local
33;RJ;3300902;Cambuci;15496;558,281;Centro Local
15;PA;1503200;Igarapé-Açu;38588;785,983;Centro Local
41;PR;4112959;Juranda;7391;354,364;Centro Local
35;SP;3508207;Buritizal;4447;266,420;Centro Local
29;BA;2928000;Santaluz;37158;1623,447;Centro Local
27;AL;2703205;Igreja Nova;24408;427,029;Centro Local
29;BA;2914406;Iraquara;24942;991,822;Centro Local
41;PR;4116059;Missal;10700;324,397;Centro Local
29;BA;2914653;Itabela;30413;924,926;Centro Local
33;RJ;3301157;Cardoso Moreira;12826;522,596;Centro Local
33;RJ;3302056;Italva;15113;291,718;Centro Local
31;MG;3109709;Cachoeira de Minas;11514;304,243;Centro Local
43;RS;4302303;Bom Jesus;11391;2623,120;Centro Local
23;CE;2308401;Missão Velha;35662;645,704;Centro Local
32;ES;3202454;Ibatiba;25732;240,278;Centro Local
43;RS;4312500;Mostardas;12760;1977,442;Centro Local
31;MG;3111804;Canápolis;12025;839,737;Centro Local
41;PR;4127304;Terra Rica;16652;700,599;Centro Local
41;PR;4127007;Teixeira Soares;12163;902,793;Centro Local
42;SC;4216107;São Domingos;9457;366,787;Centro Local
26;PE;2602605;Brejo da Madre de Deus;50249;762,345;Centro Local
35;SP;3517901;Guaraci;11088;641,501;Centro Local
29;BA;2917300;Ituberá;28457;415,428;Centro Local
41;PR;4105607;Cidade Gaúcha;12503;403,045;Centro Local
42;SC;4207908;Irineópolis;11155;589,698;Centro Local
41;PR;4121505;Rebouças;14851;481,840;Centro Local
50;MS;5003751;Eldorado;12305;1017,785;Centro Local
22;PI;2211100;União;44396;1173,447;Centro Local
41;PR;4118006;Paraíso do Norte;13631;204,564;Centro Local
23;CE;2311504;Quixeré;22008;613,576;Centro Local
50;MS;5001508;Bandeirantes;6829;3115,684;Centro Local
35;SP;3512308;Conchas;17770;466,120;Centro Local
41;PR;4127957;Tupãssi;8128;310,909;Centro Local
14;RR;1400209;Caracaraí;21564;47380,375;Centro Local
31;MG;3110905;Campanha;16565;335,587;Centro Local
15;PA;1502954;Eldorado do Carajás;33674;2956,690;Centro Local
26;PE;2613107;São Caitano;37119;382,465;Centro Local
31;MG;3130200;Igaratinga;10709;218,343;Centro Local
41;PR;4123907;Santa Mariana;11829;427,193;Centro Local
29;BA;2932200;Arranjo Populacional de Ubaitaba - Aurelino Leal/BA;31049;626,496;Centro Local
35;SP;3544905;Sales Oliveira;11779;305,776;Centro Local
26;PE;2600708;Aliança;38375;272,773;Centro Local
23;CE;2314003;Várzea Alegre;40704;835,709;Centro Local
31;MG;3124005;Ervália;18829;357,489;Centro Local
29;BA;2933505;Wenceslau Guimarães;21228;655,239;Centro Local
24;RN;2404200;Goianinha;25980;192,279;Centro Local
31;MG;3137700;Lajinha;19928;431,920;Centro Local
43;RS;4320206;Seberi;10788;301,223;Centro Local
41;PR;4112751;Jesuítas;8495;247,496;Centro Local
11;RO;1101492;São Francisco do Guaporé;19842;10959,767;Centro Local
42;SC;4209607;Lauro Müller;15174;271,852;Centro Local
15;PA;1507201;São Domingos do Capim;31837;1677,249;Centro Local
42;SC;4200408;Água Doce;7138;1313,974;Centro Local
33;RJ;3304102;Porciúncula;18730;291,847;Centro Local
43;RS;4306007;Crissiumal;13544;363,597;Centro Local
26;PE;2602209;Bom Jardim;39132;218,433;Centro Local
15;PA;1500305;Afuá;38863;8338,438;Centro Local
52;GO;5206909;Davinópolis;2094;481,296;Centro Local
21;MA;2108504;Pindaré-Mirim;32815;273,526;Centro Local
31;MG;3147600;Passa Quatro;16294;277,221;Centro Local
16;AP;1600535;Porto Grande;21484;4428,013;Centro Local
11;RO;1100940;Cujubim;24226;3863,946;Centro Local
15;PA;1503044;Floresta do Araguaia;20080;3444,285;Centro Local
41;PR;4107108;Diamante do Norte;5146;242,886;Centro Local
43;RS;4301909;Barra do Ribeiro;13423;729,375;Centro Local
31;MG;3105905;Barroso;20720;82,070;Centro Local
35;SP;3550803;São Sebastião da Grama;12205;252,410;Centro Local
35;SP;3532900;Nova Europa;11013;160,250;Centro Local
43;RS;4316105;Ronda Alta;10583;419,344;Centro Local
26;PE;2600500;Águas Belas;43195;885,988;Centro Local
31;MG;3138625;Limeira do Oeste;7481;1319,036;Centro Local
35;SP;3506706;Boa Esperança do Sul;14824;690,748;Centro Local
28;SE;2801306;Capela;33904;442,211;Centro Local
26;PE;2609709;Orobó;23833;138,662;Centro Local
15;PA;1507003;Santo Antônio do Tauá;31038;537,625;Centro Local
50;MS;5006903;Porto Murtinho;17078;17985,540;Centro Local
41;PR;4117222;Nova Santa Rosa;8171;204,665;Centro Local
29;BA;2912202;Ibicoara;19346;817,355;Centro Local
29;BA;2921500;Monte Santo;49565;3034,197;Centro Local
21;MA;2104552;Governador Edison Lobão;18068;615,860;Centro Local
35;SP;3552551;Suzanápolis;3911;330,587;Centro Local
35;SP;3532405;Nazaré Paulista;18346;326,254;Centro Local
31;MG;3144706;Nova Era;17607;361,926;Centro Local
15;PA;1508050;Trairão;18807;11991,085;Centro Local
42;SC;4207700;Ipumirim;7565;247,875;Centro Local
15;PA;1500859;Anapu;27161;11895,296;Centro Local
15;PA;1500909;Augusto Corrêa;45516;1085,843;Centro Local
29;BA;2906303;Canavieiras;31301;1334,295;Centro Local
35;SP;3508702;Caconde;18961;468,214;Centro Local
43;RS;4305900;Coronel Bicaco;7385;492,124;Centro Local
13;AM;1300706;Boca do Acre;33976;21938,591;Centro Local
41;PR;4118808;Peabiru;13985;468,595;Centro Local
11;RO;1100148;Nova Brasilândia D'Oeste;20459;1703,008;Centro Local
28;SE;2807600;Umbaúba;25033;117,514;Centro Local
43;RS;4302907;Cacequi;12705;2373,174;Centro Local
32;ES;3203700;Muniz Freire;17613;678,804;Centro Local
41;PR;4106803;Cruz Machado;18675;1478,350;Centro Local
23;CE;2307403;Arranjo Populacional de Jucás - Cariús/CE;43723;1998,992;Centro Local
25;PB;2503001;Caaporã;21698;150,168;Centro Local
31;MG;3112000;Candeias;14883;720,512;Centro Local
21;MA;2109601;Rosário;42482;647,998;Centro Local
51;MT;5107701;Rosário Oeste;17237;7169,880;Centro Local
29;BA;2916856;Itatim;14432;547,510;Centro Local
21;MA;2111508;São Mateus do Maranhão;41350;783,224;Centro Local
31;MG;3114550;Carneirinho;9986;2063,315;Centro Local
41;PR;4127858;Três Barras do Paraná;12043;504,171;Centro Local
43;RS;4317707;Santo Antônio das Missões;10305;1710,869;Centro Local
51;MT;5105200;Juscimeira;11275;2720,481;Centro Local
41;PR;4121208;Quitandinha;18873;447,024;Centro Local
31;MG;3159902;Santo Antônio do Amparo;18434;488,885;Centro Local
29;BA;2921104;Medeiros Neto;22659;1311,739;Centro Local
52;GO;5201504;Aporé;4163;2900,053;Centro Local
41;PR;4117255;Nova Prata do Iguaçu;10552;352,565;Centro Local
41;PR;4116208;Morretes;16366;684,580;Centro Local
41;PR;4104402;Cândido de Abreu;15233;1510,160;Centro Local
52;GO;5203906;Buriti Alegre;9433;895,456;Centro Local
51;MT;5107354;São José do Xingu;5569;7459,645;Centro Local
31;MG;3140506;Martinho Campos;13330;1058,418;Centro Local
43;RS;4301503;Augusto Pestana;6706;347,057;Centro Local
15;PA;1500958;Aurora do Pará;30896;1811,840;Centro Local
16;AP;1600154;Pedra Branca do Amapari;15931;9622,290;Centro Local
41;PR;4119806;Planalto;13528;346,241;Centro Local
35;SP;3536000;Parapuã;10980;366,663;Centro Local
41;PR;4108502;General Carneiro;13735;1071,183;Centro Local
15;PA;1506583;Santa Maria das Barreiras;21042;10330,214;Centro Local
13;AM;1304302;Urucará;16383;27901,962;Centro Local
22;PI;2205508;José de Freitas;39072;1538,172;Centro Local
24;RN;2413359;Serra do Mel;11790;620,241;Centro Local
17;TO;1703867;Cariri do Tocantins;4321;1128,601;Centro Local
31;MG;3154002;Raul Soares;23814;763,364;Centro Local
13;AM;1301159;Careiro da Várzea;29595;2627,474;Centro Local
43;RS;4312807;Nova Araçá;4690;74,704;Centro Local
31;MG;3110707;Cambuquira;12816;246,380;Centro Local
35;SP;3556800;Viradouro;18775;217,726;Centro Local
35;SP;3552304;Sud Mennucci;7708;594,744;Centro Local
41;PR;4102901;Bituruna;16377;1228,284;Centro Local
26;PE;2615607;Trindade;30222;295,765;Centro Local
21;MA;2112407;Turiaçu;35497;2592,173;Centro Local
23;CE;2312700;Senador Pompeu;26664;1002,131;Centro Local
35;SP;3553609;Tapiratiba;12970;221,891;Centro Local
32;ES;3204054;Pedro Canário;25982;433,453;Centro Local
28;SE;2800670;Boquim;26731;205,643;Centro Local
35;SP;3555109;Arranjo Populacional de Tupi Paulista/SP;17712;278,928;Centro Local
42;SC;4208708;Jacinto Machado;10457;430,704;Centro Local
29;BA;2917706;Jaguarari;33385;2466,009;Centro Local
41;PR;4100202;Arranjo Populacional de Adrianópolis/PR - Ribeira/SP;9334;1685,070;Centro Local
43;RS;4302501;Bossoroca;6356;1610,056;Centro Local
26;PE;2608503;Lagoa de Itaenga;21397;57,282;Centro Local
32;ES;3202603;Iconha;13745;203,528;Centro Local
27;AL;2702900;Girau do Ponciano;40588;513,454;Centro Local
52;GO;5200100;Abadiânia;19614;1045,127;Centro Local
29;BA;2932507;Una;19484;1126,733;Centro Local
13;AM;1300300;Autazes;38830;7652,852;Centro Local
43;RS;4309506;Guarani das Missões;7614;290,783;Centro Local
11;RO;1100403;Alto Paraíso;20999;2651,822;Centro Local
35;SP;3510302;Capela do Alto;20419;169,890;Centro Local
24;RN;2414209;Tibau do Sul;13916;102,680;Centro Local
52;GO;5220009;São João d'Aliança;13387;3327,379;Centro Local
43;RS;4308458;Fortaleza dos Valos;4356;649,787;Centro Local
52;GO;5213707;Montes Claros de Goiás;8063;2903,848;Centro Local
52;GO;5205513;Cocalzinho de Goiás;19971;1789,039;Centro Local
43;RS;4314506;Pinheiro Machado;12351;2248,221;Centro Local
31;MG;3146503;Pains;8270;421,862;Centro Local
41;PR;4123808;Santa Izabel do Oeste;14521;321,182;Centro Local
21;MA;2100600;Amarante do Maranhão;41136;7438,217;Centro Local
35;SP;3532603;Nhandeara;11427;436,159;Centro Local
29;BA;2903409;Belmonte;23214;1939,447;Centro Local
26;PE;2614105;Sertânia;35761;2421,527;Centro Local
41;PR;4111407;Ivaí;13791;607,848;Centro Local
35;SP;3532827;Nova Campina;9647;385,375;Centro Local
21;MA;2112704;Vargem Grande;55841;1958,703;Centro Local
29;BA;2923803;Paripiranga;28956;435,710;Centro Local
35;SP;3504305;Avaí;5369;540,689;Centro Local
43;RS;4300059;Água Santa;3753;291,503;Centro Local
31;MG;3164605;São Sebastião do Oeste;6684;408,090;Centro Local
28;SE;2804607;Nossa Senhora das Dores;26460;482,399;Centro Local
42;SC;4217303;Saudades;9679;205,781;Centro Local
23;CE;2313104;Tabuleiro do Norte;30695;861,828;Centro Local
21;MA;2112902;Vitória do Mearim;32664;716,719;Centro Local
29;BA;2917003;Itiúba;36063;1650,593;Centro Local
29;BA;2901106;Amélia Rodrigues;25224;173,484;Centro Local
29;BA;2930154;Serra do Ramalho;31532;2342,146;Centro Local
15;PA;1504604;Mocajuba;30736;871,171;Centro Local
15;PA;1506005;Prainha;29886;14786,953;Centro Local
21;MA;2102002;Bom Jardim;41435;6590,531;Centro Local
43;RS;4313102;Nova Palma;6508;314,613;Centro Local
42;SC;4202602;Bom Retiro;9870;1056,036;Centro Local
31;MG;3145109;Nova Resende;16610;390,152;Centro Local
31;MG;3127800;Grão Mogol;15779;3885,294;Centro Local
41;PR;4104709;Carlópolis;14283;451,418;Centro Local
31;MG;3104601;Astolfo Dutra;14085;158,891;Centro Local
41;PR;4128609;Verê;7342;311,801;Centro Local
26;PE;2614857;Tamandaré;23149;213,750;Centro Local
35;SP;3536109;Pardinho;6360;209,894;Centro Local
42;SC;4206405;Guaraciaba;10154;331,766;Centro Local
21;MA;2112308;Tuntum;41621;3369,120;Centro Local
42;SC;4214706;Rio dos Cedros;11542;555,473;Centro Local
41;PR;4108205;Formosa do Oeste;6700;275,712;Centro Local
41;PR;4122156;Rio Bonito do Iguaçu;13283;681,406;Centro Local
52;GO;5200175;Água Fria de Goiás;5676;2029,416;Centro Local
26;PE;2608750;Lagoa Grande;25349;1850,070;Centro Local
31;MG;3124302;Espinosa;31624;1868,970;Centro Local
43;RS;4304655;Capão do Cipó;3602;1007,796;Centro Local
31;MG;3106903;Arranjo Populacional de Bicas/MG;18249;228,737;Centro Local
25;PB;2511905;Pitimbu;18904;137,243;Centro Local
17;TO;1703842;Campos Lindos;9917;3240,177;Centro Local
11;RO;1100924;Chupinguaia;10886;5126,723;Centro Local
21;MA;2100501;Arranjo Populacional de Alto Parnaíba/MA - Santa Filomena/PI;17420;16417,613;Centro Local
41;PR;4126009;Arranjo Populacional de São Sebastião da Amoreira/PR;12303;357,458;Centro Local
26;PE;2611903;Rio Formoso;23440;227,458;Centro Local
31;MG;3169000;Tocantins;16602;173,866;Centro Local
42;SC;4216800;São José do Cerrito;8421;948,714;Centro Local
28;SE;2806008;Ribeirópolis;18528;259,022;Centro Local
41;PR;4105003;Catanduvas;10213;581,756;Centro Local
23;CE;2307809;Marco;27127;574,138;Centro Local
35;SP;3539608;Planalto;5167;289,825;Centro Local
50;MS;5005152;Juti;6638;1584,529;Centro Local
43;RS;4313953;Pantano Grande;9269;841,225;Centro Local
42;SC;4200705;Alfredo Wagner;9984;735,371;Centro Local
41;PR;4120507;Primeiro de Maio;11114;414,442;Centro Local
52;GO;5204003;Cabeceiras;7939;1126,912;Centro Local
13;AM;1303809;São Gabriel da Cachoeira;44816;109181,240;Centro Local
17;TO;1700707;Alvorada;8427;1212,167;Centro Local
14;RR;1400308;Mucajaí;17528;12351,341;Centro Local
27;AL;2706802;Piaçabuçu;17805;241,125;Centro Local
41;PR;4115754;Mauá da Serra;10397;108,324;Centro Local
41;PR;4100608;Alto Paraná;14679;407,719;Centro Local
43;RS;4309902;Ibiraiaras;7338;300,650;Centro Local
35;SP;3519006;Herculândia;9462;364,252;Centro Local
21;MA;2105427;Itinga do Maranhão;25932;3581,723;Centro Local
41;PR;4118709;Paulo Frontin;7321;369,862;Centro Local
35;SP;3513900;Divinolândia;11208;223,749;Centro Local
43;RS;4322301;Tuparendi;7980;307,710;Centro Local
29;BA;2909901;Curaçá;34389;5935,944;Centro Local
52;GO;5205455;Cezarina;8507;415,811;Centro Local
31;MG;3102308;Alvinópolis;15239;599,443;Centro Local
41;PR;4122602;Rondon;9534;555,125;Centro Local
31;MG;3118403;Conselheiro Pena;22892;1483,884;Centro Local
15;PA;1506609;Santa Maria do Pará;24725;457,724;Centro Local
51;MT;5105580;Marcelândia;10700;12273,552;Centro Local
21;MA;2110203;Santa Rita;37404;756,797;Centro Local
41;PR;4114906;Marilândia do Sul;8858;384,424;Centro Local
29;BA;2915502;Itajuípe;20587;270,752;Centro Local
15;PA;1502764;Cumaru do Norte;13179;17085,001;Centro Local
13;AM;1300607;Benjamin Constant;42020;8695,392;Centro Local
42;SC;4203501;Campo Erê;8636;479,392;Centro Local
41;PR;4124608;São Carlos do Ivaí;6834;225,077;Centro Local
23;CE;2310506;Pedra Branca;43160;1303,287;Centro Local
31;MG;3103900;Araújos;9142;245,522;Centro Local
50;MS;5004908;Jaraguari;7108;2912,822;Centro Local
15;PA;1502905;Curuçá;39540;672,948;Centro Local
27;AL;2701001;Boca da Mata;27168;185,973;Centro Local
26;PE;2604205;Catende;42434;207,244;Centro Local
35;SP;3523503;Itatinga;20467;979,817;Centro Local
13;AM;1300805;Borba;40565;44236,184;Centro Local
41;PR;4126678;Tamarana;14548;472,155;Centro Local
21;MA;2110609;São Bernardo;28343;1006,920;Centro Local
12;AC;1200385;Plácido de Castro;19565;1943,850;Centro Local
28;SE;2805406;Poço Redondo;34412;1232,595;Centro Local
43;RS;4300208;Ajuricaba;7063;322,671;Centro Local
13;AM;1301001;Carauari;28076;25778,658;Centro Local
41;PR;4123303;Santa Cruz de Monte Castelo;7849;442,013;Centro Local
29;BA;2914901;Itacaré;27891;726,265;Centro Local
23;CE;2309300;Nova Russas;32262;742,765;Centro Local
31;MG;3104106;Arceburgo;10657;162,875;Centro Local
27;AL;2705101;Matriz de Camaragibe;24649;238,344;Centro Local
31;MG;3151701;Poço Fundo;16734;474,244;Centro Local
51;MT;5105002;Jauru;9006;1358,411;Centro Local
41;PR;4126405;Sertaneja;5355;444,492;Centro Local
31;MG;3157906;Santa Margarida;16111;255,730;Centro Local
43;RS;4314001;Paraí;7585;122,434;Centro Local
41;PR;4125308;São Jorge do Ivaí;5559;315,088;Centro Local
15;PA;1502756;Concórdia do Pará;32847;690,947;Centro Local
24;RN;2401206;Arês;14192;115,505;Centro Local
41;PR;4125803;São Pedro do Ivaí;10915;322,692;Centro Local
41;PR;4105201;Cerro Azul;17725;1341,189;Centro Local
23;CE;2307254;Jijoca de Jericoacoara;19587;208,099;Centro Local
43;RS;4320503;Sertão;5519;439,472;Centro Local
15;PA;1505650;Placas;30293;7173,194;Centro Local
28;SE;2803302;Japaratuba;18576;365,621;Centro Local
31;MG;3132701;Itambacuri;23212;1419,209;Centro Local
29;BA;2900801;Alcobaça;22449;1482,285;Centro Local
35;SP;3517802;Guaraçaí;8357;569,197;Centro Local
17;TO;1714880;Nova Olinda;11719;1566,184;Centro Local
42;SC;4215109;Rodeio;11502;129,643;Centro Local
31;MG;3124500;Estiva;11321;243,872;Centro Local
32;ES;3201159;Brejetuba;12381;354,404;Centro Local
21;MA;2100907;Araioses;46103;1786,345;Centro Local
42;SC;4218905;Urubici;11195;1020,250;Centro Local
32;ES;3200706;Atílio Vivacqua;11765;232,868;Centro Local
25;PB;2506905;Itabaiana;24537;218,915;Centro Local
51;MT;5102603;Campinápolis;15830;5981,707;Centro Local
22;PI;2205706;Luís Correia;30177;1074,712;Centro Local
42;SC;4204400;Coronel Freitas;10022;233,698;Centro Local
52;GO;5204102;Cachoeira Alta;12297;1654,554;Centro Local
24;RN;2411502;Arranjo Populacional de Santo Antônio/RN;30269;494,433;Centro Local
31;MG;3164407;São Sebastião da Bela Vista;5455;167,428;Centro Local
31;MG;3143500;Morada Nova de Minas;8815;2084,275;Centro Local
31;MG;3125705;Felixlândia;15235;1554,627;Centro Local
31;MG;3115359;Catas Altas;5330;240,042;Centro Local
43;RS;4314308;Pejuçara;3893;414,872;Centro Local
26;PE;2600401;Água Preta;36454;533,332;Centro Local
35;SP;3552601;Tabapuã;12328;345,792;Centro Local
31;MG;3143005;Monte Belo;13180;421,283;Centro Local
42;SC;4202206;Benedito Novo;11526;387,940;Centro Local
27;AL;2705507;Murici;28137;418,028;Centro Local
29;BA;2908200;Conceição da Feira;22392;164,798;Centro Local
26;PE;2606606;Ibimirim;29055;1906,437;Centro Local
26;PE;2607307;Ipubi;30512;693,921;Centro Local
35;SP;3535606;Paraibuna;18180;809,576;Centro Local
50;MS;5005103;Jateí;4034;1927,949;Centro Local
41;PR;4125209;São Jorge d'Oeste;9074;379,545;Centro Local
35;SP;3535408;Panorama;15690;356,050;Centro Local
29;BA;2908606;Conde;25630;931,106;Centro Local
21;MA;2102036;Bom Jesus das Selvas;33479;2679,074;Centro Local
41;PR;4100707;Alto Piquiri;9896;447,666;Centro Local
51;MT;5107180;Ribeirão Cascalheira;10081;11354,805;Centro Local
31;MG;3155603;Rio Pardo de Minas;30779;3117,675;Centro Local
28;SE;2805604;Porto da Folha;28497;876,674;Centro Local
52;GO;5205000;Carmo do Rio Verde;9976;418,544;Centro Local
41;PR;4121604;Renascença;6818;425,273;Centro Local
35;SP;3539004;Pirangi;11362;215,809;Centro Local
27;AL;2708303;São José da Laje;23855;256,637;Centro Local
42;SC;4209508;Laurentino;6875;79,333;Centro Local
33;RJ;3303104;Natividade;15324;387,073;Centro Local
29;BA;2903276;Barrocas;15846;207,297;Centro Local
25;PB;2500403;Alagoa Nova;20589;123,731;Centro Local
43;RS;4310405;Independência;6228;358,283;Centro Local
15;PA;1507151;São Domingos do Araguaia;25358;1392,464;Centro Local
50;MS;5005806;Nioaque;14085;3923,790;Centro Local
29;BA;2906808;Cansanção;34784;1351,891;Centro Local
13;AM;1302553;Manaquiri;31147;3973,259;Centro Local
42;SC;4215455;Sangão;12446;82,735;Centro Local
14;RR;1400050;Alto Alegre;15638;25753,487;Centro Local
31;MG;3138609;Lima Duarte;16671;848,564;Centro Local
31;MG;3112703;Capitão Enéas;15153;971,576;Centro Local
52;GO;5205307;Cavalcante;9693;6953,666;Centro Local
14;RR;1400159;Bonfim;12257;8095,421;Centro Local
43;RS;4311502;Lavras do Sul;7516;2600,600;Centro Local
29;BA;2928406;Santa Rita de Cássia;28192;6030,085;Centro Local
26;PE;2609006;Macaparana;25278;108,049;Centro Local
29;BA;2922508;Nazaré;28451;278,629;Centro Local
26;PE;2613503;São José do Belmonte;33895;1474,086;Centro Local
50;MS;5003454;Deodápolis;12868;831,210;Centro Local
32;ES;3202702;Itaguaçu;14109;535,021;Centro Local
31;MG;3150703;Pirajuba;6044;337,980;Centro Local
23;CE;2305357;Icapuí;19804;423,539;Centro Local
50;MS;5004403;Inocência;7625;5776,028;Centro Local
42;SC;4209706;Lebon Régis;12099;942,302;Centro Local
41;PR;4117800;Palmital;13389;817,647;Centro Local
41;PR;4100806;Alvorada do Sul;11306;424,250;Centro Local
51;MT;5103908;General Carneiro;5487;3710,456;Centro Local
31;MG;3133600;Itapeva;9682;177,347;Centro Local
24;RN;2402303;Caraúbas;20443;1095,803;Centro Local
29;BA;2916807;Itarantim;19646;1674,029;Centro Local
42;SC;4207650;Iporã do Oeste;8945;200,960;Centro Local
11;RO;1100346;Alvorada D'Oeste;14722;3029,189;Centro Local
35;SP;3519907;Iepê;8124;594,974;Centro Local
41;PR;4125001;São João do Ivaí;10386;353,331;Centro Local
43;RS;4312609;Muçum;4948;111,234;Centro Local
29;BA;2905305;Cafarnaum;18356;643,660;Centro Local
11;RO;1101401;Monte Negro;15695;1931,378;Centro Local
32;ES;3205176;Vila Valério;14087;470,343;Centro Local
42;SC;4219200;Vidal Ramos;6347;346,932;Centro Local
41;PR;4128401;Uraí;11356;237,810;Centro Local
29;BA;2926400;Riacho de Santana;35240;3183,911;Centro Local
41;PR;4118600;Paula Freitas;5837;421,409;Centro Local
41;PR;4116109;Moreira Sales;12201;353,772;Centro Local
13;AM;1301100;Careiro;37384;6096,210;Centro Local
41;PR;4113734;Luiziana;7285;916,839;Centro Local
31;MG;3144508;Nazareno;8555;341,453;Centro Local
24;RN;2409902;Pendências;14984;419,137;Centro Local
31;MG;3108404;Botelhos;14995;334,089;Centro Local
43;RS;4314779;Pontão;3908;503,538;Centro Local
41;PR;4128559;Vera Cruz do Oeste;8590;327,090;Centro Local
52;GO;5207352;Edealina;3710;603,654;Centro Local
29;BA;2914505;Irará;28892;267,880;Centro Local
25;PB;2500304;Alagoa Grande;28623;320,563;Centro Local
43;RS;4319802;São Vicente do Sul;8710;1172,640;Centro Local
51;MT;5108055;Terra Nova do Norte;9862;2432,070;Centro Local
31;MG;3113909;Carmo da Cachoeira;12158;506,333;Centro Local
26;PE;2605905;Gameleira;30780;255,961;Centro Local
35;SP;3541901;Queluz;13228;249,399;Centro Local
22;PI;2201150;Baixa Grande do Ribeiro;11497;7808,924;Centro Local
15;PA;1503754;Jacareacanga;8899;53304,564;Centro Local
43;RS;4311718;Maçambará;4613;1682,820;Centro Local
25;PB;2509305;Mataraca;8327;183,905;Centro Local
31;MG;3128105;Guapé;14233;934,345;Centro Local
26;PE;2602001;Bodocó;37909;1621,784;Centro Local
41;PR;4115309;Mariópolis;6586;230,365;Centro Local
11;RO;1100072;Corumbiara;7567;3060,321;Centro Local
27;AL;2709103;Taquarana;19886;153,702;Centro Local
35;SP;3552700;Tabatinga;16345;368,604;Centro Local
35;SP;3538204;Pinhalzinho;15021;154,530;Centro Local
15;PA;1504901;Muaná;39783;3763,337;Centro Local
24;RN;2406502;Lagoa Nova;15477;176,301;Centro Local
35;SP;3514601;Dumont;9708;111,376;Centro Local
21;MA;2101004;Arari;29764;1100,275;Centro Local
31;MG;3132206;Itaguara;13278;410,468;Centro Local
26;PE;2608107;João Alfredo;33563;139,870;Centro Local
31;MG;3145307;Novo Cruzeiro;31326;1702,981;Centro Local
33;RJ;3301603;Duas Barras;11454;378,964;Centro Local
35;SP;3535705;Paraíso;6411;155,186;Centro Local
41;PR;4123402;Santa Fé;11885;276,241;Centro Local
28;SE;2800209;Aquidabã;21443;359,543;Centro Local
32;ES;3202652;Irupi;13226;184,807;Centro Local
41;PR;4128534;Ventania;11703;759,367;Centro Local
42;SC;4207684;Ipuaçu;7448;261,307;Centro Local
43;RS;4302220;Boa Vista do Cadeado;2473;701,314;Centro Local
32;ES;3202504;Ibiraçu;12365;201,248;Centro Local
29;BA;2920700;Maraú;20518;848,885;Centro Local
16;AP;1600402;Mazagão;21206;13294,778;Centro Local
35;SP;3523305;Itariri;17271;273,667;Centro Local
28;SE;2805505;Poço Verde;23586;439,828;Centro Local
31;MG;3137403;Lagoa Dourada;12953;476,693;Centro Local
15;PA;1508035;Tracuateua;30656;868,999;Centro Local
41;PR;4104451;Cantagalo;13306;583,540;Centro Local
26;PE;2613800;São Vicente Férrer;17950;113,985;Centro Local
42;SC;4214904;Rio Fortuna;4601;303,028;Centro Local
41;PR;4112504;Jardim Alegre;11465;410,480;Centro Local
11;RO;1100379;Alto Alegre dos Parecis;13227;3958,273;Centro Local
35;SP;3518503;Guareí;18143;567,884;Centro Local
43;RS;4311106;Jaguari;10937;672,735;Centro Local
31;MG;3109501;Cabo Verde;14075;368,206;Centro Local
21;MA;2102101;Brejo;36139;1074,236;Centro Local
15;PA;1501725;Brasil Novo;15190;6362,575;Centro Local
29;BA;2918803;Laje;23638;449,834;Centro Local
52;GO;5211305;Itarumã;7097;3433,626;Centro Local
27;AL;2702108;Colônia Leopoldina;21575;207,894;Centro Local
23;CE;2308005;Massapê;38424;566,581;Centro Local
35;SP;3512902;Cosmorama;7316;441,680;Centro Local
15;PA;1505908;Porto de Moz;40458;17423,017;Centro Local
12;AC;1200013;Acrelândia;15020;1807,948;Centro Local
43;RS;4322533;Vale do Sol;11732;328,272;Centro Local
31;MG;3161007;São Domingos do Prata;17393;743,768;Centro Local
26;PE;2605004;Cupira;24041;95,155;Centro Local
41;PR;4108007;Florestópolis;10646;246,331;Centro Local
23;CE;2313955;Varjota;18368;179,397;Centro Local
41;PR;4107009;Curiúva;15003;576,263;Centro Local
27;AL;2708402;São José da Tapera;32111;494,498;Centro Local
32;ES;3204658;São Domingos do Norte;8589;298,580;Centro Local
31;MG;3110301;Caldas;14417;711,414;Centro Local
41;PR;4103222;Bom Sucesso do Sul;3274;195,931;Centro Local
24;RN;2401859;Arranjo Populacional de Caiçara do Norte/RN;9315;514,394;Centro Local
41;PR;4110805;Iretama;10241;570,459;Centro Local
14;RR;1400175;Cantá;17868;7664,831;Centro Local
35;SP;3542909;Ribeirão Bonito;13137;471,553;Centro Local
42;SC;4210803;Meleiro;7028;186,439;Centro Local
42;SC;4200200;Agrolândia;10711;206,914;Centro Local
26;PE;2610806;Pedra;22566;921,477;Centro Local
43;RS;4306502;Dom Feliciano;15338;1355,195;Centro Local
31;MG;3145455;Olhos-d'Água;6018;2092,078;Centro Local
26;PE;2615003;Taquaritinga do Norte;28416;475,183;Centro Local
31;MG;3146909;Papagaios;15543;553,577;Centro Local
35;SP;3514809;Eldorado;15443;1654,256;Centro Local
51;MT;5104906;Jangada;8366;1296,747;Centro Local
31;MG;3123007;Dores de Campos;10081;124,842;Centro Local
26;PE;2605301;Exu;31885;1336,788;Centro Local
29;BA;2925006;Planalto;26092;769,000;Centro Local
12;AC;1200807;Porto Acre;18180;2604,885;Centro Local
43;RS;4321667;Três Cachoeiras;10989;251,483;Centro Local
25;PB;2512002;Pocinhos;18429;628,084;Centro Local
43;RS;4301107;Arroio dos Ratos;14123;425,210;Centro Local
29;BA;2910750;Fátima;17601;359,394;Centro Local
43;RS;4311759;Manoel Viana;7291;1390,696;Centro Local
21;MA;2100956;Arame;32637;2976,039;Centro Local
42;SC;4218608;Trombudo Central;7284;109,648;Centro Local
32;ES;3203353;Marilândia;12700;327,642;Centro Local
41;PR;4120655;Quarto Centenário;4560;321,875;Centro Local
41;PR;4107538;Entre Rios do Oeste;4481;122,071;Centro Local
29;BA;2925758;Presidente Tancredo Neves;27422;441,892;Centro Local
21;MA;2110039;Santa Luzia do Paruá;25134;1010,483;Centro Local
35;SP;3519402;Ibirá;12264;271,912;Centro Local
11;RO;1100700;Campo Novo de Rondônia;14009;3442,005;Centro Local
29;BA;2915809;Itambé;23358;1536,299;Centro Local
29;BA;2921203;Miguel Calmon;26159;1599,672;Centro Local
42;SC;4204905;Descanso;8308;287,608;Centro Local
26;PE;2600302;Agrestina;24702;200,581;Centro Local
15;PA;1503077;Garrafão do Norte;26020;1599,028;Centro Local
23;CE;2307502;Lavras da Mangabeira;31584;947,968;Centro Local
42;SC;4208005;Itá;6209;166,345;Centro Local
23;CE;2305902;Ipueiras;38205;1477,407;Centro Local
32;ES;3201001;Boa Esperança;14982;428,716;Centro Local
42;SC;4212007;Palma Sola;7475;330,627;Centro Local
29;BA;2911808;Guaratinga;20991;2189,404;Centro Local
13;AM;1300508;Barreirinha;31593;5751,765;Centro Local
43;RS;4304309;Cândido Godói;6246;247,047;Centro Local
29;BA;2908101;Cocos;18746;10140,572;Centro Local
23;CE;2304509;Frecheirinha;13758;181,240;Centro Local
17;TO;1713304;Miranorte;13375;1031,624;Centro Local
29;BA;2916005;Itanhém;19499;1394,174;Centro Local
17;TO;1720903;Taguatinga;16538;2437,399;Centro Local
35;SP;3543808;Rinópolis;10003;358,481;Centro Local
15;PA;1503507;Irituia;32504;1379,362;Centro Local
41;PR;4107405;Enéas Marques;5990;192,203;Centro Local
15;PA;1504406;Marapanim;28220;804,760;Centro Local
21;MA;2112852;Vila Nova dos Martírios;13183;1188,781;Centro Local
42;SC;4220000;Balneário Rincão;12570;63,431;Centro Local
35;SP;3504909;Bananal;10896;616,429;Centro Local
31;MG;3104304;Areado;14955;283,124;Centro Local
21;MA;2100436;Alto Alegre do Maranhão;26839;383,308;Centro Local
13;AM;1304104;Tapauá;17299;84946,166;Centro Local
35;SP;3545407;Salto Grande;9297;188,441;Centro Local
35;SP;3529500;Mendonça;5413;195,151;Centro Local
29;BA;2918357;João Dourado;24964;913,258;Centro Local
43;RS;4304671;Capivari do Sul;4589;412,889;Centro Local
43;RS;4316956;Santa Maria do Herval;6315;139,701;Centro Local
21;MA;2109502;Riachão;20243;6373,030;Centro Local
12;AC;1200708;Xapuri;19048;5347,468;Centro Local
35;SP;3514502;Duartina;12457;264,557;Centro Local
26;PE;2609808;Orocó;14827;554,759;Centro Local
41;PR;4121901;Ribeirão do Pinhal;13112;374,732;Centro Local
27;AL;2703809;Joaquim Gomes;23903;298,291;Centro Local
28;SE;2801702;Cristinápolis;18190;237,699;Centro Local
51;MT;5106109;Nossa Senhora do Livramento;13231;5439,889;Centro Local
35;SP;3511904;Clementina;8472;168,590;Centro Local
29;BA;2912707;Ibirapitanga;23343;472,694;Centro Local
31;MG;3131604;Iraí de Minas;6944;356,264;Centro Local
35;SP;3513603;Cunha;21639;1407,250;Centro Local
41;PR;4113007;Jussara;6983;210,869;Centro Local
50;MS;5000807;Anaurilândia;8993;3395,437;Centro Local
23;CE;2310803;Pereiro;16281;433,514;Centro Local
32;ES;3204005;Pancas;23059;837,842;Centro Local
31;MG;3102001;Alterosa;14414;362,010;Centro Local
43;RS;4314209;Arranjo Populacional de Pedro Osório - Cerrito/RS;13891;1061,164;Centro Local
50;MS;5007703;Sete Quedas;10812;833,733;Centro Local
41;PR;4103008;Boa Esperança;4165;302,739;Centro Local
52;GO;5209937;Inaciolândia;6152;688,197;Centro Local
31;MG;3120201;Cristais;12660;628,434;Centro Local
41;PR;4115101;Mariluz;10354;433,170;Centro Local
51;MT;5104542;Itanhangá;6587;2898,073;Centro Local
51;MT;5106778;Porto Alegre do Norte;12347;3972,255;Centro Local
52;GO;5212105;Joviânia;7372;445,487;Centro Local
43;RS;4320305;Selbach;5093;176,471;Centro Local
24;RN;2409506;Pedra Grande;3275;221,167;Centro Local
52;GO;5222302;Vila Propício;5758;2181,583;Centro Local
28;SE;2801405;Carira;21724;637,131;Centro Local
43;RS;4301800;Barracão;5295;515,469;Centro Local
23;CE;2305605;Independência;26168;3218,678;Centro Local
31;MG;3118809;Coração de Jesus;26592;2225,216;Centro Local
29;BA;2922409;Mutuípe;22156;275,830;Centro Local
29;BA;2925956;Rafael Jambeiro;22610;1090,552;Centro Local
13;AM;1303106;Nova Olinda do Norte;36721;5578,132;Centro Local
15;PA;1504307;Maracanã;29429;807,628;Centro Local
42;SC;4203402;Campo Belo do Sul;7081;1028,097;Centro Local
43;RS;4303806;Campinas do Sul;5471;276,162;Centro Local
28;SE;2805802;Riachão do Dantas;19800;530,607;Centro Local
31;MG;3117702;Conceição do Rio Verde;13590;369,681;Centro Local
31;MG;3161700;São Gonçalo do Abaeté;6923;2692,171;Centro Local
50;MS;5008404;Vicentina;6067;310,163;Centro Local
35;SP;3510708;Cardoso;12303;639,248;Centro Local
31;MG;3108206;Bonfinópolis de Minas;5544;1850,487;Centro Local
52;GO;5207253;Doverlândia;7398;3221,752;Centro Local
29;BA;2912806;Ibirapuã;8581;771,098;Centro Local
41;PR;4105102;Centenário do Sul;10891;371,834;Centro Local
29;BA;2924405;Pilão Arcado;34486;11626,637;Centro Local
25;PB;2501104;Areia;22978;266,596;Centro Local
41;PR;4117008;Nova Fátima;8170;283,423;Centro Local
29;BA;2931004;Tanhaçu;20416;1277,513;Centro Local
23;CE;2310852;Pindoretama;20748;75,140;Centro Local
26;PE;2610509;Passira;28972;326,757;Centro Local
31;MG;3137536;Lagoa Grande;9454;1236,301;Centro Local
52;GO;5219258;Santa Fé de Goiás;5393;1169,167;Centro Local
43;RS;4305975;Coxilha;2769;421,493;Centro Local
23;CE;2310308;Parambu;31398;2303,540;Centro Local
15;PA;1503101;Gurupá;32991;8570,333;Centro Local
15;PA;1505700;Ponta de Pedras;30608;3363,749;Centro Local
11;RO;1100080;Costa Marques;17855;4987,177;Centro Local
35;SP;3518859;Guatapará;7602;413,567;Centro Local
52;GO;5218102;Portelândia;4000;556,576;Centro Local
31;MG;3139300;Manga;18594;1950,184;Centro Local
31;MG;3113008;Arranjo Populacional de Caraí/MG;29952;1661,725;Centro Local
32;ES;3201704;Conceição do Castelo;12638;369,778;Centro Local
41;PR;4112405;Japurá;9349;165,185;Centro Local
13;AM;1303908;São Paulo de Olivença;38515;19658,502;Centro Local
26;PE;2604601;Condado;26249;89,645;Centro Local
31;MG;3142601;Monsenhor Paulo;8648;216,540;Centro Local
29;BA;2930907;Tabocas do Brejo Velho;12517;1437,189;Centro Local
32;ES;3202900;Itarana;10619;295,189;Centro Local
23;CE;2302305;Bela Cruz;32593;843,021;Centro Local
31;MG;3104502;Arinos;17888;5279,419;Centro Local
50;MS;5006408;Pedro Gomes;7666;3651,175;Centro Local
41;PR;4124707;São Jerônimo da Serra;11213;823,774;Centro Local
31;MG;3132909;Itamogi;10229;243,714;Centro Local
35;SP;3506300;Bernardino de Campos;11137;244,158;Centro Local
41;PR;4110078;Imbaú;12936;330,703;Centro Local
43;RS;4323408;Vila Maria;4353;181,328;Centro Local
35;SP;3509908;Cananéia;12539;1237,354;Centro Local
52;GO;5221700;Uruana;13868;522,506;Centro Local
28;SE;2801009;Campo do Brito;17997;201,485;Centro Local
42;SC;4216255;São João do Oeste;6359;163,747;Centro Local
41;PR;4103040;Boa Ventura de São Roque;6411;620,453;Centro Local
43;RS;4309803;Ibiaçá;4719;348,778;Centro Local
35;SP;3553856;Taquarivaí;5792;231,792;Centro Local
22;PI;2206209;Miguel Alves;33684;1393,714;Centro Local
35;SP;3525508;Joanópolis;13098;374,293;Centro Local
23;CE;2302701;Campos Sales;27409;1082,769;Centro Local
26;PE;2608453;Lagoa do Carro;17886;69,666;Centro Local
31;MG;3112802;Capitólio;8601;521,802;Centro Local
43;RS;4319109;São Martinho;5474;171,197;Centro Local
26;PE;2613206;São João;22686;258,334;Centro Local
21;MA;2105500;João Lisboa;23696;1135,211;Centro Local
29;BA;2923704;Paratinga;31853;2624,118;Centro Local
35;SP;3557204;Chavantes;12418;188,727;Centro Local
32;ES;3204500;Santa Leopoldina;12300;718,097;Centro Local
15;PA;1505635;Piçarra;12983;3312,708;Centro Local
41;PR;4121000;Querência do Norte;12180;914,763;Centro Local
50;MS;5000906;Antônio João;8891;1145,175;Centro Local
35;SP;3500907;Altair;4134;313,007;Centro Local
11;RO;1101500;Seringueiras;11860;3773,505;Centro Local
27;AL;2703759;Jequiá da Praia;11624;334,570;Centro Local
31;MG;3108552;Brasilândia de Minas;16321;2509,694;Centro Local
35;SP;3507308;Boracéia;4776;122,110;Centro Local
35;SP;3554706;Torrinha;9963;315,266;Centro Local
41;PR;4115853;Mercedes;5493;200,864;Centro Local
27;AL;2707107;Piranhas;24891;410,112;Centro Local
41;PR;4109906;Icaraíma;8025;675,240;Centro Local
31;MG;3134608;Jaboticatubas;19858;1114,972;Centro Local
35;SP;3534906;Pacaembu;14130;339,375;Centro Local
29;BA;2932705;Uruçuca;20630;510,098;Centro Local
23;CE;2308302;Milagres;28466;605,193;Centro Local
26;PE;2603702;Canhotinho;24835;423,168;Centro Local
42;SC;4206108;Grão Pará;6542;334,362;Centro Local
51;MT;5106828;Porto Esperidião;11935;5810,977;Centro Local
31;MG;3170750;Varjão de Minas;7071;651,610;Centro Local
13;AM;1302306;Jutaí;14753;69457,415;Centro Local
29;BA;2911303;Gentio do Ouro;11206;3817,946;Centro Local
26;PE;2605152;Dormentes;18734;1539,052;Centro Local
41;PR;4117057;Nova Laranjeiras;11603;1210,205;Centro Local
29;BA;2911907;Iaçu;24496;2342,496;Centro Local
43;RS;4308706;Gaurama;5580;204,428;Centro Local
43;RS;4320677;Sinimbu;10183;510,045;Centro Local
41;PR;4116802;Nova Cantu;5550;555,488;Centro Local
11;RO;1101708;Urupá;11665;831,857;Centro Local
50;MS;5002159;Bodoquena;7817;2507,319;Centro Local
42;SC;4207809;Irani;10339;325,629;Centro Local
26;PE;2610301;Paranatama;11478;185,371;Centro Local
42;SC;4214607;Rio do Oeste;7456;245,057;Centro Local
29;BA;2913507;Iguaí;26868;860,223;Centro Local
31;MG;3114105;Carmo de Minas;14769;322,285;Centro Local
31;MG;3130507;Ilicínea;12303;376,341;Centro Local
31;MG;3102803;Andrelândia;12242;1005,285;Centro Local
15;PA;1507409;São Francisco do Pará;15833;479,441;Centro Local
29;BA;2925907;Quijingue;27533;1380,798;Centro Local
43;RS;4306957;Entre Rios do Sul;2829;119,912;Centro Local
31;MG;3117108;Conceição da Aparecida;10261;352,521;Centro Local
43;RS;4301057;Arroio do Sal;9842;119,163;Centro Local
23;CE;2312007;Santana do Acaraú;32216;969,326;Centro Local
35;SP;3550506;São Pedro do Turvo;7636;731,221;Centro Local
29;BA;2907103;Carinhanha;28965;2529,445;Centro Local
29;BA;2917904;Jandaíra;10691;643,747;Centro Local
52;GO;5204706;Campinorte;12486;1067,193;Centro Local
29;BA;2923100;Olindina;28152;637,317;Centro Local
29;BA;2919157;Lapão;27170;642,882;Centro Local
25;PB;2509107;Mari;21808;154,824;Centro Local
41;PR;4111555;Ivaté;8128;410,907;Centro Local
17;TO;1716208;Paranã;10461;11260,216;Centro Local
43;RS;4307401;Esmeralda;3277;829,766;Centro Local
23;CE;2313203;Tamboril;25731;1961,310;Centro Local
50;MS;5003488;Dois Irmãos do Buriti;11239;2341,649;Centro Local
29;BA;2917201;Ituaçu;18889;1199,374;Centro Local
29;BA;2905909;Campo Alegre de Lourdes;28844;2781,170;Centro Local
42;SC;4213807;Arranjo Populacional de Praia Grande/SC;10316;442,208;Centro Local
26;PE;2607505;Itaíba;26390;1061,694;Centro Local
26;PE;2611507;Quipapá;25896;230,617;Centro Local
43;RS;4317004;Santana da Boa Vista;8130;1420,616;Centro Local
27;AL;2709202;Traipu;27632;686,050;Centro Local
11;RO;1101302;Mirante da Serra;11080;1191,875;Centro Local
29;BA;2932002;Uauá;24486;3074,786;Centro Local
31;MG;3164308;São Roque de Minas;7026;2098,867;Centro Local
31;MG;3162401;São João da Ponte;25235;1851,102;Centro Local
41;PR;4108957;Guamiranga;8664;244,795;Centro Local
43;RS;4307831;Eugênio de Castro;2458;417,260;Centro Local
28;SE;2802304;Frei Paulo;15283;399,177;Centro Local
50;MS;5007950;Tacuru;11427;1785,322;Centro Local
23;CE;2305308;Ibiapina;24995;414,938;Centro Local
32;ES;3204401;Rio Novo do Sul;11618;204,464;Centro Local
51;MT;5103379;Cotriguaçu;19254;9421,076;Centro Local
43;RS;4305439;Chuí;6635;202,387;Centro Local
23;CE;2301208;Aracoiaba;26437;656,597;Centro Local
31;MG;3115805;Centralina;10425;327,191;Centro Local
24;RN;2407807;Monte Alegre;22239;210,916;Centro Local
31;MG;3117900;Congonhal;11813;205,125;Centro Local
43;RS;4301701;Barão de Cotegipe;6627;260,505;Centro Local
41;PR;4126355;Serranópolis do Iguaçu;4513;482,394;Centro Local
51;MT;5106158;Nova Bandeirantes;14909;9593,268;Centro Local
23;CE;2309508;Orós;21471;576,270;Centro Local
21;MA;2106904;Monção;33201;1239,912;Centro Local
35;SP;3545704;Santa Albertina;5993;272,692;Centro Local
43;RS;4304002;Campo Novo;4596;222,073;Centro Local
21;MA;2107803;Parnarama;34805;3240,492;Centro Local
11;RO;1101203;Ministro Andreazza;9762;798,083;Centro Local
32;ES;3202256;Governador Lindenberg;12535;360,016;Centro Local
12;AC;1200336;Mâncio Lima;18638;5452,853;Centro Local
23;CE;2304251;Cruz;24131;330,201;Centro Local
33;RJ;3305901;Trajano de Moraes;10611;588,534;Centro Local
15;PA;1500701;Anajás;28859;6913,640;Centro Local
43;RS;4311130;Jari;3518;856,475;Centro Local
33;RJ;3305307;São Sebastião do Alto;9326;398,057;Centro Local
33;RJ;3304508;Rio das Flores;9222;478,783;Centro Local
21;MA;2104677;Governador Nunes Freire;25616;1037,130;Centro Local
24;RN;2406106;Jucurutu;18274;933,729;Centro Local
35;SP;3553005;Taguaí;13569;145,332;Centro Local
28;SE;2806206;Salgado;19970;247,579;Centro Local
26;PE;2601607;Belém do São Francisco;20728;1830,797;Centro Local
42;SC;4215679;Santa Terezinha;8801;715,504;Centro Local
35;SP;3516002;Flórida Paulista;14486;524,138;Centro Local
31;MG;3100302;Abre Campo;13465;470,551;Centro Local
52;GO;5209150;Gouvelândia;5806;824,748;Centro Local
42;SC;4210308;Major Vieira;8048;523,270;Centro Local
13;AM;1303007;Arranjo Populacional de Nhamundá/AM;28218;25878,709;Centro Local
41;PR;4108908;Guairaçá;6553;493,940;Centro Local
42;SC;4218251;Timbó Grande;7812;596,960;Centro Local
35;SP;3506409;Bilac;7949;158,025;Centro Local
43;RS;4300703;Anta Gorda;6003;242,262;Centro Local
35;SP;3535200;Palmeira d'Oeste;9340;318,740;Centro Local
29;BA;2915205;Itagibá;14712;810,994;Centro Local
16;AP;1600709;Tartarugalzinho;16855;6684,705;Centro Local
26;PE;2600906;Amaraji;22788;234,956;Centro Local
29;BA;2932309;Ubatã;26795;177,643;Centro Local
35;SP;3517208;Guaiçara;12039;277,154;Centro Local
29;BA;2932101;Ubaíra;19914;659,138;Centro Local
42;SC;4219606;Xavantina;3963;217,326;Centro Local
43;RS;4306734;Doutor Maurício Cardoso;4639;255,733;Centro Local
22;PI;2200509;Arranjo Populacional de Amarante/PI - São Francisco do Maranhão/MA;29793;3435,410;Centro Local
31;MG;3109451;Cabeceira Grande;6909;1031,409;Centro Local
43;RS;4316204;Rondinha;5182;252,454;Centro Local
13;AM;1300144;Apuí;21583;54240,556;Centro Local
43;RS;4305603;Colorado;3221;286,268;Centro Local
43;RS;4310363;Imigrante;3116;73,689;Centro Local
42;SC;4203105;Caibi;6167;173,079;Centro Local
31;MG;3123908;Entre Rios de Minas;15214;456,796;Centro Local
52;GO;5212303;Leopoldo de Bulhões;7643;473,275;Centro Local
22;PI;2204303;Fronteiras;11590;778,204;Centro Local
43;RS;4302006;Barros Cassal;11216;648,896;Centro Local
31;MG;3101003;Águas Vermelhas;13477;1256,607;Centro Local
31;MG;3132107;Itacarambi;18142;1225,273;Centro Local
23;CE;2303808;Cedro;25249;725,798;Centro Local
31;MG;3168903;Tiros;6539;2091,774;Centro Local
12;AC;1200427;Rodrigues Alves;18504;3076,951;Centro Local
33;RJ;3305133;São José de Ubá;7134;249,688;Centro Local
41;PR;4127908;Tuneiras do Oeste;8599;698,871;Centro Local
52;GO;5221197;Terezópolis de Goiás;7897;106,913;Centro Local
43;RS;4314704;Planalto;10152;228,552;Centro Local
50;MS;5003157;Coronel Sapucaia;15152;1025,049;Centro Local
41;PR;4108320;Francisco Alves;6101;321,898;Centro Local
26;PE;2609105;Machados;15851;60,036;Centro Local
43;RS;4301651;Barão;6139;124,563;Centro Local
27;AL;2702603;Feira Grande;22152;178,055;Centro Local
29;BA;2929107;São Felipe;21069;222,408;Centro Local
31;MG;3139102;Madre de Deus de Minas;5087;492,909;Centro Local
35;SP;3555802;Urânia;9108;209,262;Centro Local
31;MG;3150505;Pimenta;8631;414,969;Centro Local
29;BA;2910404;Encruzilhada;17593;1890,133;Centro Local
31;MG;3154408;Ressaquinha;4798;183,062;Centro Local
17;TO;1702000;Araguaçu;8567;5167,652;Centro Local
15;PA;1504950;Nova Esperança do Piriá;21291;2808,195;Centro Local
27;AL;2701704;Capela;17124;257,561;Centro Local
21;MA;2107100;Arranjo Populacional de Morros - Axixá/MA;31368;1872,202;Centro Local
43;RS;4308300;Fontoura Xavier;10370;583,465;Centro Local
28;SE;2804904;Pacatuba;14347;377,471;Centro Local
41;PR;4103354;Braganey;5473;343,321;Centro Local
41;PR;4103370;Brasilândia do Sul;2719;291,036;Centro Local
31;MG;3100104;Abadia dos Dourados;6972;881,064;Centro Local
52;GO;5216304;Paranaiguara;9972;1153,623;Centro Local
31;MG;3156809;Sabinópolis;15525;919,811;Centro Local
32;ES;3204955;São Roque do Canaã;12318;341,944;Centro Local
29;BA;2908903;Coração de Maria;22719;378,420;Centro Local
28;SE;2800506;Areia Branca;18396;148,134;Centro Local
29;BA;2904308;Arranjo Populacional de Brejões - Nova Itarana/BA;22542;993,947;Centro Local
24;RN;2404309;Governador Dix-Sept Rosado;12997;1129,550;Centro Local
41;PR;4123857;Santa Maria do Oeste;9824;837,468;Centro Local
31;MG;3154903;Rio Casca;13659;384,381;Centro Local
15;PA;1507706;São Sebastião da Boa Vista;26301;1632,251;Centro Local
43;RS;4313805;Palmitinho;7058;144,189;Centro Local
35;SP;3548609;São Bento do Sapucaí;10862;252,579;Centro Local
41;PR;4125753;São Pedro do Iguaçu;5976;308,324;Centro Local
41;PR;4109658;Honório Serpa;5305;502,235;Centro Local
26;PE;2612406;Sanharó;26026;268,686;Centro Local
23;CE;2307106;Jardim;27284;552,424;Centro Local
31;MG;3136900;Juruaia;10441;220,353;Centro Local
15;PA;1502509;Chaves;23482;12534,995;Centro Local
23;CE;2309409;Novo Oriente;28557;949,393;Centro Local
31;MG;3126208;Formoso;9431;3686,004;Centro Local
35;SP;3520202;Igaratá;9483;292,953;Centro Local
26;PE;2604502;Chã Grande;21579;84,848;Centro Local
29;BA;2922904;Nova Soure;24493;921,712;Centro Local
31;MG;3152600;Arranjo Populacional de Pouso Alto/MG;8212;353,882;Centro Local
29;BA;2913457;Igrapiúna;13367;591,312;Centro Local
42;SC;4215406;Salto Veloso;4680;105,058;Centro Local
29;BA;2904704;Buerarema;18391;219,487;Centro Local
31;MG;3161809;São Gonçalo do Pará;12218;265,730;Centro Local
29;BA;2931202;Taperoá;20889;452,004;Centro Local
13;AM;1300102;Anori;20538;6036,380;Centro Local
23;CE;2303204;Caririaçu;27095;623,564;Centro Local
41;PR;4113601;Lobato;4755;240,904;Centro Local
15;PA;1505403;Ourém;17721;562,388;Centro Local
41;PR;4120705;Quatiguá;7420;112,689;Centro Local
52;GO;5219712;Santo Antônio da Barra;4787;451,598;Centro Local
51;MT;5105234;Lambari D'Oeste;6059;1765,077;Centro Local
43;RS;4302238;Boa Vista do Incra;2590;503,471;Centro Local
42;SC;4202057;Balneário Barra do Sul;10550;111,037;Centro Local
31;MG;3116159;Chapada Gaúcha;13397;3255,189;Centro Local
23;CE;2301703;Aurora;24699;885,836;Centro Local
13;AM;1304260;Uarini;13387;10274,677;Centro Local
31;MG;3164209;São Romão;12139;2434,004;Centro Local
32;ES;3204807;São José do Calçado;10566;273,489;Centro Local
21;MA;2100477;Alto Alegre do Pindaré;31894;1876,032;Centro Local
41;PR;4106001;Congonhinhas;8777;535,963;Centro Local
50;MS;5007505;Rochedo;5403;1561,055;Centro Local
12;AC;1200351;Marechal Thaumaturgo;18430;8191,692;Centro Local
31;MG;3118700;Coqueiral;9191;296,163;Centro Local
15;PA;1504505;Melgaço;27415;6774,018;Centro Local
31;MG;3142205;Miraí;14913;320,695;Centro Local
26;PE;2611408;Primavera;14831;113,112;Centro Local
29;BA;2906709;Cândido Sales;25332;1169,813;Centro Local
43;RS;4301875;Barra do Quaraí;4202;1055,937;Centro Local
31;MG;3167608;Simonésia;19528;486,543;Centro Local
29;BA;2906204;Canarana;26020;579,727;Centro Local
12;AC;1200179;Capixaba;11456;1701,974;Centro Local
43;RS;4303558;Camargo;2724;138,069;Centro Local
41;PR;4103305;Borrazópolis;6749;334,378;Centro Local
29;BA;2912103;Ibicaraí;22014;230,953;Centro Local
43;RS;4319125;São Martinho da Serra;3238;669,547;Centro Local
21;MA;2100709;Anajatuba;26614;942,568;Centro Local
31;MG;3108909;Brazópolis;14508;367,688;Centro Local
42;SC;4207205;Imaruí;10326;542,598;Centro Local
28;SE;2802809;Indiaroba;17761;314,710;Centro Local
50;MS;5004007;Glória de Dourados;9981;491,746;Centro Local
28;SE;2806305;Santa Luzia do Itanhy;13947;325,258;Centro Local
26;PE;2615805;Tupanatinga;27052;950,474;Centro Local
51;MT;5108204;Arranjo Populacional de Torixoréu/MT - Baliza/GO;8664;4183,054;Centro Local
29;BA;2901353;Andorinha;14690;1362,386;Centro Local
51;MT;5105176;Juruena;15370;2778,986;Centro Local
26;PE;2603108;Cachoeirinha;20258;179,262;Centro Local
21;MA;2108454;Peritoró;23025;824,725;Centro Local
15;PA;1501956;Cachoeira do Piriá;33178;2419,600;Centro Local
51;MT;5106265;Novo Mundo;8990;5791,050;Centro Local
21;MA;2108306;Penalva;38203;800,915;Centro Local
41;PR;4106456;Coronel Domingos Soares;7475;1562,848;Centro Local
25;PB;2502508;Boqueirão;17751;374,523;Centro Local
29;BA;2912905;Ibirataia;15760;318,129;Centro Local
41;PR;4127809;Tomazina;8032;591,438;Centro Local
41;PR;4113452;Lindoeste;4762;361,367;Centro Local
51;MT;5108956;Nova Monte Verde;9078;5150,562;Centro Local
35;SP;3503406;Arealva;8505;504,973;Centro Local
35;SP;3540507;Porangaba;9779;265,689;Centro Local
51;MT;5104559;Itaúba;3901;4529,581;Centro Local
25;PB;2507309;Arranjo Populacional de Jacaraú/PB;20413;326,569;Centro Local
35;SP;3517000;Getulina;11370;676,755;Centro Local
43;RS;4308003;Faxinal do Soturno;6690;169,514;Centro Local
43;RS;4312252;Minas do Leão;8045;424,339;Centro Local
26;PE;2616001;Venturosa;18298;335,482;Centro Local
31;MG;3159209;Santa Rita de Caldas;8974;503,011;Centro Local
42;SC;4210407;Maracajá;7207;62,902;Centro Local
43;RS;4321329;Arranjo Populacional de Taquaruçu do Sul - Vista Alegre/RS;5834;154,495;Centro Local
11;RO;1101609;Theobroma;10494;2197,413;Centro Local
32;ES;3203809;Muqui;15370;327,268;Centro Local
21;MA;2100303;Aldeias Altas;26302;1942,121;Centro Local
33;RJ;3304607;Santa Maria Madalena;10417;811,454;Centro Local
13;AM;1300201;Atalaia do Norte;19438;76435,093;Centro Local
27;AL;2705002;Mata Grande;25226;914,726;Centro Local
31;MG;3143609;Morro da Garça;2488;414,772;Centro Local
52;GO;5208400;Goianápolis;11239;169,013;Centro Local
15;PA;1502004;Cachoeira do Arari;23466;3100,261;Centro Local
41;PR;4121109;Quinta do Sol;4640;326,177;Centro Local
43;RS;4305173;Cerro Grande do Sul;12058;324,789;Centro Local
31;MG;3121209;Delfinópolis;7098;1378,423;Centro Local
23;CE;2304954;Guaiúba;26472;267,128;Centro Local
25;PB;2500700;São João do Rio do Peixe;17941;473,752;Centro Local
31;MG;3131505;Ipuiúna;10039;298,195;Centro Local
21;MA;2106607;Matões;33615;2107,403;Centro Local
42;SC;4211108;Monte Castelo;8280;560,743;Centro Local
41;PR;4100301;Agudos do Sul;9269;192,261;Centro Local
15;PA;1501105;Bagre;30009;4397,321;Centro Local
25;PB;2516102;Soledade;14837;560,044;Centro Local
29;BA;2927309;Salinas da Margarida;15463;151,501;Centro Local
43;RS;4303301;Caibaté;4856;260,561;Centro Local
52;GO;5214408;Nazário;9022;269,103;Centro Local
26;PE;2605400;Feira Nova;22013;107,726;Centro Local
29;BA;2911402;Glória;15208;1566,609;Centro Local
27;AL;2703106;Igaci;25649;334,344;Centro Local
41;PR;4112207;Janiópolis;5400;335,650;Centro Local
42;SC;4214409;Rio das Antas;6208;314,913;Centro Local
31;MG;3156403;Romaria;3547;407,557;Centro Local
51;MT;5106182;Nova Lacerda;6526;4793,173;Centro Local
29;BA;2924504;Pindaí;16234;628,468;Centro Local
13;AM;1303304;Novo Aripuanã;25237;41179,656;Centro Local
29;BA;2913408;Igaporã;15630;836,586;Centro Local
43;RS;4308409;Formigueiro;6715;581,619;Centro Local
35;SP;3512704;Corumbataí;4047;278,622;Centro Local
27;AL;2707503;Porto Real do Colégio;20018;236,677;Centro Local
31;MG;3170503;Urucânia;10371;138,792;Centro Local
42;SC;4201505;Armazém;8587;173,733;Centro Local
43;RS;4314076;Passo do Sobrado;6493;265,108;Centro Local
31;MG;3162559;São João do Manhuaçu;11440;143,096;Centro Local
32;ES;3200136;Águia Branca;9653;454,448;Centro Local
42;SC;4215307;Salete;7626;177,988;Centro Local
26;PE;2610400;Parnamirim;21914;2609,548;Centro Local
41;PR;4101309;Antônio Olinto;7441;469,620;Centro Local
29;BA;2929701;Sátiro Dias;19644;1008,179;Centro Local
41;PR;4100103;Abatiá;7507;228,717;Centro Local
41;PR;4108650;Goioxim;7170;702,471;Centro Local
42;SC;4203709;Canelinha;12080;151,008;Centro Local
50;MS;5006358;Paranhos;14048;1309,156;Centro Local
51;MT;5108857;Nova Marilândia;3249;1936,428;Centro Local
31;MG;3120508;Cristina;10258;311,330;Centro Local
25;PB;2507101;Itapororoca;18501;146,067;Centro Local
22;PI;2201507;Batalha;26806;1589,010;Centro Local
14;RR;1400456;Pacaraima;15580;8028,483;Centro Local
41;PR;4126108;São Tomé;5693;218,623;Centro Local
43;RS;4306056;Cristal;7950;682,138;Centro Local
27;AL;2700706;Batalha;18455;319,036;Centro Local
27;AL;2704401;Major Isidoro;19891;448,496;Centro Local
35;SP;3515608;Fernando Prestes;5771;169,990;Centro Local
26;PE;2610202;Panelas;26492;380,428;Centro Local
35;SP;3529807;Mineiros do Tietê;12849;213,242;Centro Local
21;MA;2102200;Buriti;28557;1473,964;Centro Local
31;MG;3114006;Carmo da Mata;11439;357,178;Centro Local
23;CE;2313005;Solonópole;18291;1536,165;Centro Local
11;RO;1101005;Governador Jorge Teixeira;8095;5067,384;Centro Local
29;BA;2932606;Urandi;16651;902,402;Centro Local
52;GO;5202502;Aruanã;9635;3055,292;Centro Local
42;SC;4212700;Petrolândia;5971;305,859;Centro Local
31;MG;3165008;São Tiago;10922;572,400;Centro Local
43;RS;4320552;Sertão Santana;6433;251,926;Centro Local
43;RS;4315404;Redentora;11527;302,695;Centro Local
41;PR;4104055;Campo Bonito;3905;433,832;Centro Local
17;TO;1703909;Caseara;5295;1691,637;Centro Local
29;BA;2912301;Ibicuí;16162;1139,378;Centro Local
42;SC;4211405;Nova Erechim;4945;65,079;Centro Local
13;AM;1303700;Santo Antônio do Içá;21966;12366,143;Centro Local
29;BA;2926509;Ribeira do Amparo;14843;667,335;Centro Local
23;CE;2306108;Irauçuba;24003;1461,253;Centro Local
31;MG;3147709;Passa Tempo;8112;429,172;Centro Local
29;BA;2901205;Anagé;18194;1336,361;Centro Local
31;MG;3137106;Lagamar;7627;1474,562;Centro Local
52;GO;5200605;Alto Paraíso de Goiás;7558;2593,905;Centro Local
31;MG;3149705;Perdigão;11249;249,322;Centro Local
41;PR;4120853;Quatro Pontes;4000;114,393;Centro Local
50;MS;5006259;Novo Horizonte do Sul;3947;849,095;Centro Local
42;SC;4211058;Monte Carlo;9824;191,278;Centro Local
29;BA;2923209;Oliveira dos Brejinhos;21838;3313,418;Centro Local
41;PR;4104105;Campo do Tenente;7894;304,488;Centro Local
21;MA;2108702;Pio XII;21594;545,140;Centro Local
31;MG;3152709;Prados;8979;264,115;Centro Local
51;MT;5102793;Carlinda;10413;2416,144;Centro Local
29;BA;2917805;Jaguaripe;18588;863,112;Centro Local
35;SP;3525607;João Ramalho;4495;415,452;Centro Local
29;BA;2908002;Coaraci;17458;274,500;Centro Local
12;AC;1200138;Bujari;10111;3034,869;Centro Local
35;SP;3506904;Bofete;11534;653,541;Centro Local
42;SC;4216404;São João do Sul;7280;184,375;Centro Local
41;PR;4119202;Pinhalão;6327;220,625;Centro Local
32;ES;3204252;Arranjo Populacional de Ponto Belo - Mucurici/ES;13336;900,639;Centro Local
41;PR;4107801;Floraí;4953;191,133;Centro Local
27;AL;2700607;Barra de São Miguel;8264;74,244;Centro Local
29;BA;2904050;Bonito;16637;791,276;Centro Local
31;MG;3158300;Santana da Vargem;7128;172,444;Centro Local
43;RS;4322905;Viadutos;4825;268,072;Centro Local
42;SC;4201703;Ascurra;7889;112,884;Centro Local
43;RS;4323200;Victor Graeff;2904;238,133;Centro Local
35;SP;3500550;Águas de Santa Bárbara;6040;404,463;Centro Local
41;PR;4118857;Perobal;6092;409,050;Centro Local
27;AL;2702355;Craíbas;24129;278,880;Centro Local
41;PR;4110201;Inácio Martins;11129;936,208;Centro Local
13;AM;1300409;Barcelos;27364;122461,086;Centro Local
21;MA;2105153;Igarapé do Meio;14026;368,685;Centro Local
50;MS;5000252;Alcinópolis;5268;4399,681;Centro Local
31;MG;3161502;São Geraldo;12164;185,578;Centro Local
43;RS;4311700;Machadinho;5464;335,234;Centro Local
33;RJ;3306156;Varre-Sai;10890;201,938;Centro Local
31;MG;3154200;Resende Costa;11459;618,312;Centro Local
31;MG;3154507;Riacho dos Machados;9487;1315,540;Centro Local
52;GO;5207808;Firminópolis;13131;423,649;Centro Local
43;RS;4310504;Iraí;7344;181,579;Centro Local
29;BA;2927507;Santa Bárbara;20694;347,021;Centro Local
23;CE;2302008;Barro;22593;711,887;Centro Local
43;RS;4321956;Trindade do Sul;5813;268,417;Centro Local
26;PE;2607000;Inajá;22840;1168,159;Centro Local
52;GO;5216908;Pilar de Goiás;2314;906,644;Centro Local
25;PB;2501005;Araruna;20215;241,302;Centro Local
32;ES;3202553;Ibitirama;8919;330,874;Centro Local
29;BA;2932457;Umburanas;19034;1775,633;Centro Local
27;AL;2701308;Cajueiro;21194;94,357;Centro Local
25;PB;2501906;Belém;17640;100,153;Centro Local
43;RS;4315107;Porto Xavier;10301;281,929;Centro Local
33;RJ;3302452;Macuco;5574;77,719;Centro Local
31;MG;3111309;Campo do Meio;11658;275,426;Centro Local
11;RO;1101104;Itapuã do Oeste;10272;4081,580;Centro Local
15;PA;1501576;Bom Jesus do Tocantins;16841;2816,616;Centro Local
42;SC;4202131;Bela Vista do Toldo;6311;533,419;Centro Local
26;PE;2613305;São Joaquim do Monte;21314;232,070;Centro Local
17;TO;1722081;Wanderlândia;11631;1373,059;Centro Local
26;PE;2611705;Riacho das Almas;20443;314,003;Centro Local
32;ES;3205150;Vila Pavão;9171;433,257;Centro Local
31;MG;3135506;Jequeri;12460;547,897;Centro Local
31;MG;3150802;Piranga;17618;658,812;Centro Local
22;PI;2202000;Buriti dos Lopes;19754;689,234;Centro Local
29;BA;2919702;Macarani;18592;1210,106;Centro Local
41;PR;4125407;São José da Boa Vista;6254;399,667;Centro Local
31;MG;3139805;Mar de Espanha;12725;371,600;Centro Local
25;PB;2506806;Ingá;18101;267,630;Centro Local
29;BA;2923357;Ourolândia;17389;1544,988;Centro Local
21;MA;2102309;Buriti Bravo;23827;1582,552;Centro Local
29;BA;2923407;Palmas de Monte Alto;21703;2562,819;Centro Local
31;MG;3119955;Córrego Fundo;6290;101,112;Centro Local
26;PE;2612000;Sairé;10103;190,455;Centro Local
41;PR;4107306;Doutor Camargo;5976;118,279;Centro Local
31;MG;3151305;Piraúba;10816;144,289;Centro Local
31;MG;3149101;Pedralva;11246;217,989;Centro Local
14;RR;1400233;Caroebe;9950;12065,896;Centro Local
31;MG;3139904;Maria da Fé;14136;202,898;Centro Local
15;PA;1501451;Belterra;17624;4398,418;Centro Local
35;SP;3548104;Santo Antônio do Jardim;5968;109,956;Centro Local
17;TO;1717503;Pium;7564;10013,766;Centro Local
23;CE;2301604;Assaré;23417;1116,331;Centro Local
41;PR;4118451;Pato Bragado;5535;135,286;Centro Local
35;SP;3549508;São José da Bela Vista;8895;276,952;Centro Local
31;MG;3128907;Guimarânia;7971;366,833;Centro Local
26;PE;2603504;Camocim de São Félix;18627;71,985;Centro Local
25;PB;2512705;Remígio;19340;180,897;Centro Local
41;PR;4107736;Fernandes Pinheiro;5690;406,500;Centro Local
29;BA;2931509;Teofilândia;22479;351,892;Centro Local
35;SP;3537503;Pereiras;8560;223,136;Centro Local
26;PE;2600203;Afrânio;19456;1490,594;Centro Local
11;RO;1100502;Novo Horizonte do Oeste;8751;843,446;Centro Local
26;PE;2614808;Tacaratu;25417;1264,530;Centro Local
23;CE;2309458;Ocara;25557;765,412;Centro Local
35;SP;3547908;Santo Antônio da Alegria;6880;310,311;Centro Local
42;SC;4213005;Pinheiro Preto;3513;61,147;Centro Local
13;AM;1301605;Fonte Boa;18221;12155,427;Centro Local
28;SE;2803401;Japoatã;13085;408,048;Centro Local
31;MG;3165107;São Tomás de Aquino;7042;277,928;Centro Local
21;MA;2111052;São João do Paraíso;11162;2053,843;Centro Local
15;PA;1507474;São João de Pirabas;22842;656,245;Centro Local
35;SP;3519204;Iacri;6348;321,948;Centro Local
31;MG;3152907;Pratápolis;8642;215,516;Centro Local
17;TO;1709005;Goiatins;12942;6408,602;Centro Local
11;RO;1100296;Santa Luzia D'Oeste;6781;1197,796;Centro Local
42;SC;4216354;São João do Itaperiú;3707;152,014;Centro Local
21;MA;2102556;Campestre do Maranhão;14294;615,384;Centro Local
28;SE;2804102;Moita Bonita;11322;95,416;Centro Local
29;BA;2922102;Mundo Novo;26575;1491,993;Centro Local
42;SC;4206603;Guarujá do Sul;5141;100,711;Centro Local
23;CE;2301307;Araripe;21550;1099,933;Centro Local
43;RS;4312757;Nova Alvorada;3586;148,938;Centro Local
35;SP;3538501;Piquete;13742;175,996;Centro Local
21;MA;2109205;Arranjo Populacional de Presidente Juscelino - Cachoeira Grande/MA;22011;1220,701;Centro Local
13;AM;1300029;Alvarães;15860;5923,461;Centro Local
42;SC;4201901;Aurora;5676;207,211;Centro Local
41;PR;4121752;Reserva do Iguaçu;7950;834,232;Centro Local
21;MA;2111763;Senador La Rocque;14367;738,548;Centro Local
31;MG;3104700;Ataléia;13064;1836,925;Centro Local
35;SP;3518107;Guarantã;6654;461,746;Centro Local
41;PR;4107553;Farol;3139;289,232;Centro Local
26;PE;2616209;Vertentes;20503;196,325;Centro Local
52;GO;5219803;São Domingos;12791;3295,740;Centro Local
43;RS;4313359;Nova Roma do Sul;3661;149,140;Centro Local
43;RS;4315321;Quevedos;2786;543,359;Centro Local
43;RS;4308805;General Câmara;8409;510,010;Centro Local
16;AP;1600204;Calçoene;10926;14117,297;Centro Local
23;CE;2311702;Reriutaba;18945;383,319;Centro Local
15;PA;1506559;Santa Luzia do Pará;19852;1356,124;Centro Local
35;SP;3526506;Lavínia;11667;537,675;Centro Local
15;PA;1506351;Santa Bárbara do Pará;20704;278,154;Centro Local
35;SP;3528700;Marabá Paulista;5757;919,519;Centro Local
35;SP;3509304;Cajobi;10486;176,929;Centro Local
31;MG;3158003;Santa Maria de Itabira;10836;597,441;Centro Local
51;MT;5102694;Canabrava do Norte;4761;3452,684;Centro Local
35;SP;3521507;Irapuã;7937;257,612;Centro Local
43;RS;4309555;Harmonia;4812;48,551;Centro Local
43;RS;4303707;Campina das Missões;5553;224,801;Centro Local
31;MG;3109105;Bueno Brandão;11010;356,150;Centro Local
13;AM;1300839;Caapiranga;12877;9455,539;Centro Local
32;ES;3203304;Mantenópolis;15194;321,418;Centro Local
52;GO;5209903;Iaciara;13808;1550,376;Centro Local
23;CE;2301950;Barreira;22362;245,805;Centro Local
43;RS;4319307;São Paulo das Missões;5863;224,136;Centro Local
26;PE;2605608;Flores;22631;995,558;Centro Local
41;PR;4107751;Figueira;7845;129,769;Centro Local
31;MG;3141306;Medeiros;3771;946,437;Centro Local
25;PB;2507705;Juazeirinho;18041;467,526;Centro Local
31;MG;3103009;Antônio Dias;9363;787,061;Centro Local
29;BA;2924801;Piritiba;24538;980,328;Centro Local
26;PE;2606507;Iati;19152;635,137;Centro Local
35;SP;3553500;Tapiraí;7850;755,100;Centro Local
32;ES;3200169;Água Doce do Norte;11131;473,729;Centro Local
13;AM;1302801;Maraã;18186;16830,827;Centro Local
21;MA;2107407;Olho d'Água das Cunhãs;19448;695,333;Centro Local
43;RS;4316436;Saldanha Marinho;2679;221,101;Centro Local
21;MA;2103174;Centro Novo do Maranhão;21399;8401,414;Centro Local
52;GO;5203401;Bom Jardim de Goiás;8813;1899,506;Centro Local
35;SP;3550001;São Luiz do Paraitinga;10684;617,315;Centro Local
31;MG;3140852;Matias Cardoso;11050;1940,598;Centro Local
29;BA;2901403;Angical;14017;1530,050;Centro Local
43;RS;4307054;Ernestina;3167;238,558;Centro Local
24;RN;2405702;Jardim do Seridó;12395;367,645;Centro Local
31;MG;3165305;São Vicente de Minas;7687;392,651;Centro Local
16;AP;1600105;Amapá;9029;8454,847;Centro Local
29;BA;2909604;Crisópolis;21040;636,609;Centro Local
29;BA;2931608;Teolândia;14860;289,600;Centro Local
35;SP;3528106;Macaubal;8093;248,087;Centro Local
17;TO;1702406;Arraias;10601;5786,866;Centro Local
43;RS;4314027;Paraíso do Sul;7599;337,534;Centro Local
51;MT;5103106;Cocalinho;5691;16516,319;Centro Local
31;MG;3161304;São Francisco de Sales;6200;1128,864;Centro Local
42;SC;4218400;Treze de Maio;7070;159,833;Centro Local
21;MA;2109270;Presidente Sarney;18764;724,154;Centro Local
13;AM;1301506;Envira;19668;7505,807;Centro Local
52;GO;5205802;Corumbá de Goiás;11050;1061,955;Centro Local
43;RS;4303608;Cambará do Sul;6456;1207,916;Centro Local
35;SP;3502002;Analândia;4933;325,953;Centro Local
52;GO;5211008;Itapirapuã;5316;2043,715;Centro Local
29;BA;2907608;Central;17252;566,974;Centro Local
25;PB;2504801;Coremas;15423;379,492;Centro Local
31;MG;3124906;Eugenópolis;11218;309,395;Centro Local
23;CE;2306702;Jaguaretama;18102;1759,401;Centro Local
23;CE;2301851;Banabuiú;18151;1080,329;Centro Local
25;PB;2500809;Araçagi;17079;231,155;Centro Local
23;CE;2311264;Quiterianópolis;21000;1040,989;Centro Local
26;PE;2609303;Mirandiba;15308;821,676;Centro Local
35;SP;3524204;Jaborandi;6911;273,438;Centro Local
26;PE;2603900;Carnaíba;19491;427,802;Centro Local
35;SP;3510906;Cássia dos Coqueiros;2542;191,683;Centro Local
23;CE;2304459;Fortim;16357;277,973;Centro Local
13;AM;1303502;Pauini;19329;41624,668;Centro Local
27;AL;2700201;Anadia;17564;186,134;Centro Local
31;MG;3117801;Conceição dos Ouros;11525;180,236;Centro Local
43;RS;4310900;Jacutinga;3576;179,238;Centro Local
42;SC;4202859;Braço do Trombudo;3718;89,411;Centro Local
26;PE;2604403;Chã de Alegria;13428;48,548;Centro Local
14;RR;1400506;São João da Baliza;8052;4284,505;Centro Local
43;RS;4303673;Campestre da Serra;3380;537,994;Centro Local
52;GO;5207907;Flores de Goiás;16100;3709,427;Centro Local
26;PE;2600807;Altinho;22959;452,523;Centro Local
22;PI;2208809;Regeneração;17978;1251,036;Centro Local
21;MA;2108900;Poção de Pedras;18157;990,415;Centro Local
21;MA;2106508;Matinha;23256;410,632;Centro Local
21;MA;2108256;Pedro do Rosário;24930;1753,869;Centro Local
41;PR;4121356;Rancho Alegre D'Oeste;2682;241,386;Centro Local
14;RR;1400027;Amajari;12394;28472,310;Centro Local
23;CE;2303956;Chorozinho;19345;278,413;Centro Local
31;MG;3113602;Careaçu;6721;181,009;Centro Local
22;PI;2203305;Demerval Lobão;13793;216,807;Centro Local
41;PR;4103503;Califórnia;8533;141,817;Centro Local
29;BA;2900405;Água Fria;16901;743,014;Centro Local
41;PR;4107702;Fênix;4777;234,099;Centro Local
21;MA;2112100;Timbiras;29064;1486,584;Centro Local
26;PE;2608305;Jupi;14747;104,994;Centro Local
42;SC;4200804;Anchieta;5721;231,700;Centro Local
31;MG;3168408;Tarumirim;14350;731,753;Centro Local
41;PR;4109757;Ibema;6334;145,446;Centro Local
51;MT;5108105;Tesouro;3786;4285,710;Centro Local
29;BA;2930303;Serra Dourada;17452;1592,245;Centro Local
35;SP;3509809;Campos Novos Paulista;4932;484,199;Centro Local
43;RS;4300471;Almirante Tamandaré do Sul;1979;265,327;Centro Local
27;AL;2706505;Passo de Camaragibe;15232;251,573;Centro Local
31;MG;3127602;Gouveia;11833;866,601;Centro Local
29;BA;2904100;Boquira;21520;1426,233;Centro Local
15;PA;1504752;Mojuí dos Campos;15982;4988,236;Centro Local
29;BA;2902609;Baixa Grande;20488;967,514;Centro Local
31;MG;3107901;Bom Repouso;10558;229,845;Centro Local
31;MG;3107802;Bom Jesus do Galho;15010;592,289;Centro Local
14;RR;1400282;Iracema;11600;14351,133;Centro Local
25;PB;2501302;Aroeiras;19190;374,697;Centro Local
51;MT;5102850;Castanheira;8695;3909,537;Centro Local
43;RS;4315354;Quinze de Novembro;3789;223,072;Centro Local
35;SP;3537206;Pedro de Toledo;11240;670,440;Centro Local
25;PB;2504900;Cruz do Espírito Santo;17366;191,104;Centro Local
31;MG;3152402;Poté;16491;625,111;Centro Local
23;CE;2305209;Hidrolândia;20352;966,853;Centro Local
24;RN;2404705;Ipanguaçu;15354;374,248;Centro Local
31;MG;3100708;Água Comprida;2005;492,167;Centro Local
21;MA;2111805;Sítio Novo;18001;3114,871;Centro Local
21;MA;2105104;Icatu;26953;1124,730;Centro Local
21;MA;2107704;Paraibano;21290;530,517;Centro Local
29;BA;2920908;Mascote;13931;742,689;Centro Local
43;RS;4309704;Humaitá;4788;134,463;Centro Local
43;RS;4319208;São Nicolau;5325;485,588;Centro Local
17;TO;1708254;Fortaleza do Tabocão;2576;621,562;Centro Local
23;CE;2308906;Morrinhos;22354;415,556;Centro Local
35;SP;3519253;Iaras;8956;401,381;Centro Local
23;CE;2304004;Coreaú;23258;775,796;Centro Local
26;PE;2614006;Serrita;19133;1535,190;Centro Local
43;RS;4302154;Boa Vista das Missões;2104;194,815;Centro Local
32;ES;3203106;Jerônimo Monteiro;11744;162,202;Centro Local
15;PA;1504976;Nova Ipixuna;16499;1564,184;Centro Local
51;MT;5107776;Santa Terezinha;8281;6466,890;Centro Local
43;RS;4321857;Três Palmeiras;4291;180,599;Centro Local
52;GO;5216809;Petrolina de Goiás;10301;531,300;Centro Local
31;MG;3100609;Água Boa;13600;1320,258;Centro Local
24;RN;2401800;Brejinho;12609;61,559;Centro Local
11;RO;1100601;Cacaulândia;6190;1961,778;Centro Local
41;PR;4103057;Boa Vista da Aparecida;7643;256,297;Centro Local
31;MG;3102100;Alto Rio Doce;11146;518,053;Centro Local
31;MG;3140530;Martins Soares;8299;113,268;Centro Local
21;MA;2103257;Cidelândia;14617;1464,034;Centro Local
26;PE;2602407;Brejão;8999;159,786;Centro Local
21;MA;2100808;Anapurus;15566;608,903;Centro Local
23;CE;2300705;Alto Santo;17096;1338,205;Centro Local
32;ES;3203163;Laranja da Terra;10961;458,370;Centro Local
43;RS;4313037;Nova Esperança do Sul;5292;191,000;Centro Local
26;PE;2604700;Correntes;18144;317,793;Centro Local
11;RO;1100031;Cabixi;5438;1314,352;Centro Local
42;SC;4212403;Pedras Grandes;4000;159,892;Centro Local
35;SP;3551108;Sarapuí;10177;352,592;Centro Local
11;RO;1101757;Vale do Anari;11028;3135,106;Centro Local
29;BA;2909208;Coronel João Sá;15801;883,522;Centro Local
17;TO;1716703;Colméia;8270;990,723;Centro Local
31;MG;3142106;Miradouro;10721;301,672;Centro Local
24;RN;2414001;Tangará;15581;339,483;Centro Local
43;RS;4312302;Miraguaí;4824;130,503;Centro Local
33;RJ;3302304;Laje do Muriaé;7386;253,556;Centro Local
51;MT;5100805;Apiacás;9979;20493,065;Centro Local
21;MA;2106003;Lima Campos;11867;321,932;Centro Local
52;GO;5222203;Vila Boa;6026;1060,172;Centro Local
51;MT;5106190;Nova Santa Helena;3699;2375,578;Centro Local
31;MG;3170438;União de Minas;4325;1147,407;Centro Local
29;BA;2933455;Wanderley;12299;2920,679;Centro Local
25;PB;2506400;Gurinhém;14131;346,067;Centro Local
29;BA;2904852;Cabaceiras do Paraguaçu;18698;222,026;Centro Local
43;RS;4300851;Arambaré;3600;518,193;Centro Local
21;MA;2104099;Formosa da Serra Negra;18917;3690,610;Centro Local
29;BA;2906824;Canudos;16752;3189,540;Centro Local
31;MG;3106408;Belo Vale;7710;365,923;Centro Local
29;BA;2909703;Cristópolis;13872;1052,837;Centro Local
35;SP;3503109;Arandu;6348;285,908;Centro Local
24;RN;2401404;Baía Formosa;9218;247,484;Centro Local
43;RS;4305504;Ciríaco;4775;274,350;Centro Local
28;SE;2804458;Nossa Senhora Aparecida;8783;340,843;Centro Local
42;SC;4207403;Imbuia;6153;119,113;Centro Local
31;MG;3171105;Veríssimo;3951;1031,823;Centro Local
21;MA;2111706;São Vicente Ferrer;22142;392,874;Centro Local
35;SP;3543204;Ribeirão do Sul;4542;203,208;Centro Local
43;RS;4313011;Nova Candelária;2710;97,593;Centro Local
26;PE;2607802;Itaquitinga;16903;162,739;Centro Local
35;SP;3516804;Arranjo Populacional de Gastão Vidigal - Monções/SP;7006;284,921;Centro Local
11;RO;1101807;Vale do Paraíso;6998;965,676;Centro Local
42;SC;4209854;Lindóia do Sul;4580;188,758;Centro Local
35;SP;3544806;Sales;6253;308,555;Centro Local
23;CE;2304301;Farias Brito;18882;503,622;Centro Local
35;SP;3503604;Areiópolis;11099;85,907;Centro Local
27;AL;2704807;Maribondo;13337;180,107;Centro Local
29;BA;2922607;Nilo Peçanha;13914;390,964;Centro Local
14;RR;1400407;Normandia;11045;6966,811;Centro Local
35;SP;3542503;Reginópolis;9399;410,406;Centro Local
22;PI;2208205;Pio IX;18389;1947,212;Centro Local
17;TO;1713601;Monte do Carmo;7827;3616,674;Centro Local
52;GO;5208152;Gameleira de Goiás;3753;588,551;Centro Local
42;SC;4215653;Santa Rosa do Sul;8338;150,299;Centro Local
29;BA;2920106;Mairi;18753;906,680;Centro Local
21;MA;2111409;São Luís Gonzaga do Maranhão;18988;909,163;Centro Local
21;MA;2107357;Nova Olinda do Maranhão;20774;2452,615;Centro Local
35;SP;3554409;Terra Roxa;9302;221,541;Centro Local
35;SP;3514700;Echaporã;6141;515,258;Centro Local
29;BA;2931400;Teodoro Sampaio;7493;244,613;Centro Local
35;SP;3502309;Anhembi;6627;736,557;Centro Local
52;GO;5219001;Sanclerlândia;7642;496,825;Centro Local
52;GO;5220264;São Miguel do Passa Quatro;4032;537,785;Centro Local
13;AM;1303601;Santa Isabel do Rio Negro;24436;62800,079;Centro Local
29;BA;2902500;Baianópolis;13824;3320,723;Centro Local
25;PB;2516706;Teixeira;15072;160,900;Centro Local
21;MA;2104107;Fortaleza dos Nogueiras;12615;1853,994;Centro Local
52;GO;5211404;Itauçu;8916;383,842;Centro Local
23;CE;2307635;Madalena;19906;1034,722;Centro Local
35;SP;3523800;Itobi;7830;138,986;Centro Local
42;SC;4205209;Erval Velho;4407;208,841;Centro Local
29;BA;2922250;Muquém do São Francisco;11280;3853,175;Centro Local
29;BA;2908705;Condeúba;17319;1348,437;Centro Local
32;ES;3202009;Dores do Rio Preto;6727;159,298;Centro Local
27;AL;2705606;Novo Lino;12615;215,547;Centro Local
26;PE;2604809;Cortês;12596;101,316;Centro Local
31;MG;3128402;Guarani;8903;264,194;Centro Local
27;AL;2700102;Água Branca;20162;468,225;Centro Local
27;AL;2704104;Lagoa da Canoa;17934;83,621;Centro Local
25;PB;2502151;Boa Vista;6972;476,542;Centro Local
28;SE;2803906;Malhador;12581;101,888;Centro Local
17;TO;1707306;Dueré;4687;3424,852;Centro Local
29;BA;2902054;Araçás;12143;474,660;Centro Local
17;TO;1700400;Almas;7131;4013,243;Centro Local
29;BA;2920205;Malhada;16830;1971,717;Centro Local
31;MG;3129103;Gurinhatã;5704;1849,137;Centro Local
23;CE;2309805;Pacoti;12046;112,021;Centro Local
41;PR;4117271;Nova Tebas;5856;545,686;Centro Local
13;AM;1301803;Ipixuna;28933;12109,777;Centro Local
43;RS;4306304;David Canabarro;4744;174,939;Centro Local
31;MG;3170529;Urucuia;16547;2076,942;Centro Local
31;MG;3136009;Joaíma;15410;1664,190;Centro Local
29;BA;2909406;Cotegipe;13796;4282,775;Centro Local
29;BA;2900207;Abaré;19814;1604,923;Centro Local
21;MA;2102606;Cândido Mendes;20076;1634,861;Centro Local
41;PR;4111001;Itambaracá;6616;207,342;Centro Local
23;CE;2306009;Iracema;14227;821,247;Centro Local
26;PE;2615706;Triunfo;15265;191,518;Centro Local
23;CE;2311108;Porteiras;15047;217,580;Centro Local
31;MG;3168507;Teixeiras;11650;166,735;Centro Local
26;PE;2605459;Fernando de Noronha;3021;18,609;Centro Local
12;AC;1200344;Manoel Urbano;9336;10633,137;Centro Local
28;SE;2804201;Monte Alegre de Sergipe;15120;407,664;Centro Local
31;MG;3107604;Bom Jesus da Penha;4190;208,349;Centro Local
31;MG;3112406;Capetinga;6952;297,937;Centro Local
42;SC;4208609;Jaborá;3955;182,472;Centro Local
42;SC;4212270;Passos Maia;4186;618,663;Centro Local
35;SP;3533205;Nova Independência;3883;265,029;Centro Local
22;PI;2208908;Ribeiro Gonçalves;7305;3978,944;Centro Local
43;RS;4300661;André da Rocha;1324;329,400;Centro Local
29;BA;2931301;Tapiramutá;17046;714,692;Centro Local
29;BA;2910107;Dom Basílio;12155;688,646;Centro Local
43;RS;4313334;Nova Ramada;2268;254,794;Centro Local
43;RS;4306379;Dilermando de Aguiar;3026;601,170;Centro Local
51;MT;5108303;União do Sul;3562;4581,910;Centro Local
21;MA;2107902;Passagem Franca;18898;1358,327;Centro Local
23;CE;2313906;Uruoca;13763;696,754;Centro Local
23;CE;2306504;Itapiúna;20133;588,699;Centro Local
29;BA;2909109;Coribe;14240;2662,886;Centro Local
23;CE;2313757;Umirim;19811;316,724;Centro Local
35;SP;3516606;Gália;6615;355,914;Centro Local
43;RS;4305959;Cotiporã;3868;172,375;Centro Local
15;PA;1501006;Aveiro;16371;17074,052;Centro Local
43;RS;4321477;Tiradentes do Sul;5796;236,196;Centro Local
17;TO;1706506;Darcinópolis;6018;1639,162;Centro Local
26;PE;2608206;Joaquim Nabuco;16036;121,901;Centro Local
29;BA;2924603;Pindobaçu;20204;495,845;Centro Local
43;RS;4311601;Liberato Salzano;5289;245,627;Centro Local
43;RS;4318424;São João da Urtiga;4674;171,177;Centro Local
35;SP;3539905;Poloni;6004;135,120;Centro Local
13;AM;1304401;Urucurituba;22537;2886,494;Centro Local
21;MA;2107605;Palmeirândia;19661;532,161;Centro Local
13;AM;1300631;Beruri;19258;17472,785;Centro Local
21;MA;2102705;Cantanhede;21872;773,010;Centro Local
35;SP;3516101;Florínea;2699;225,886;Centro Local
27;AL;2703007;Ibateguara;15606;265,312;Centro Local
31;MG;3159506;Santa Rita do Itueto;5522;485,081;Centro Local
29;BA;2929750;Saubara;11978;166,428;Centro Local
23;CE;2308609;Monsenhor Tabosa;17167;886,137;Centro Local
24;RN;2402709;Cerro Corá;11178;393,573;Centro Local
31;MG;3171709;Virgínia;8685;326,515;Centro Local
31;MG;3162203;São João Batista do Glória;7407;547,908;Centro Local
15;PA;1507102;São Caetano de Odivelas;17970;464,166;Centro Local
31;MG;3149200;Pedrinópolis;3626;357,891;Centro Local
41;PR;4126900;Tapira;5584;434,371;Centro Local
31;MG;3134004;Itinga;14956;1649,622;Centro Local
41;PR;4107850;Flor da Serra do Sul;4645;238,907;Centro Local
29;BA;2901155;América Dourada;16097;822,373;Centro Local
23;CE;2311355;Quixelô;14986;559,561;Centro Local
23;CE;2306801;Jaguaribara;11359;668,738;Centro Local
13;AM;1303205;Novo Airão;18974;37776,770;Centro Local
31;MG;3166907;Serrania;7670;209,270;Centro Local
52;GO;5214861;Nova Glória;8218;412,953;Centro Local
26;PE;2612307;Saloá;15823;251,549;Centro Local
15;PA;1506104;Primavera;10792;258,600;Centro Local
31;MG;3167400;Silvianópolis;6227;312,166;Centro Local
43;RS;4304952;Caseiros;3189;235,863;Centro Local
41;PR;4113403;Leópolis;3984;344,918;Centro Local
29;BA;2931707;Terra Nova;12965;184,304;Centro Local
24;RN;2405603;Jardim de Piranhas;14730;330,532;Centro Local
29;BA;2907905;Cipó;17097;155,718;Centro Local
23;CE;2303105;Cariré;18802;756,875;Centro Local
43;RS;4311775;Maquiné;6749;621,561;Centro Local
15;PA;1507805;Senador José Porfírio;11839;14419,916;Centro Local
26;PE;2600609;Alagoinha;14554;216,452;Centro Local
31;MG;3107505;Bom Jardim de Minas;6489;412,021;Centro Local
24;RN;2400505;Alexandria;13602;381,205;Centro Local
43;RS;4313425;Novo Machado;3394;218,836;Centro Local
35;SP;3544608;Sabino;5564;305,285;Centro Local
24;RN;2414605;Upanema;14516;873,140;Centro Local
41;PR;4108700;Grandes Rios;5742;314,198;Centro Local
29;BA;2903508;Belo Campo;17317;772,757;Centro Local
29;BA;2901908;Aporá;17673;479,262;Centro Local
25;PB;2513109;Salgado de São Félix;12149;202,436;Centro Local
29;BA;2912400;Ibipeba;18097;1382,008;Centro Local
29;BA;2922706;Nova Canaã;16451;804,617;Centro Local
28;SE;2807501;Tomar do Geru;13061;306,264;Centro Local
23;CE;2309201;Nova Olinda;15520;284,401;Centro Local
42;SC;4216057;São Cristóvão do Sul;5499;351,288;Centro Local
43;RS;4320263;Segredo;7399;245,970;Centro Local
29;BA;2904753;Buritirama;21067;4046,736;Centro Local
41;PR;4107546;Espigão Alto do Iguaçu;4188;326,440;Centro Local
29;BA;2918308;Jitaúna;11540;262,050;Centro Local
17;TO;1707652;Figueirópolis;5284;1930,072;Centro Local
21;MA;2100204;Alcântara;22083;1168,246;Centro Local
29;BA;2910859;Filadélfia;16410;579,686;Centro Local
21;MA;2111003;São João Batista;20629;649,956;Centro Local
43;RS;4315156;Progresso;6249;256,039;Centro Local
43;RS;4310306;Ilópolis;4091;118,144;Centro Local
50;MS;5002803;Caracol;6049;2940,251;Centro Local
22;PI;2203503;Elesbão Veloso;14630;1383,978;Centro Local
43;RS;4315750;Riozinho;4629;239,559;Centro Local
31;MG;3103801;Arapuá;2833;173,894;Centro Local
43;RS;4308656;Garruchos;2963;803,737;Centro Local
27;AL;2702801;Flexeiras;12773;333,052;Centro Local
13;AM;1304237;Tonantins;18610;6446,894;Centro Local
29;BA;2903805;Boa Vista do Tupim;18622;2972,109;Centro Local
29;BA;2924306;Piatã;17269;1825,857;Centro Local
23;CE;2304236;Croatá;17994;696,984;Centro Local
43;RS;4305447;Chuvisca;5401;220,471;Centro Local
22;PI;2210409;São Miguel do Tapuio;17686;4988,193;Centro Local
15;PA;1507508;São João do Araguaia;13940;1279,889;Centro Local
43;RS;4307104;Herval;6828;1759,717;Centro Local
43;RS;4315313;Quatro Irmãos;1846;268,583;Centro Local
29;BA;2926103;Retirolândia;14295;242,329;Centro Local
42;SC;4202503;Bom Jardim da Serra;4712;937,120;Centro Local
23;CE;2303006;Caridade;22427;846,505;Centro Local
29;BA;2931806;Tremedal;16608;2010,316;Centro Local
24;RN;2409803;Pedro Velho;14767;192,708;Centro Local
15;PA;1505007;Nova Timboteua;15218;489,853;Centro Local
43;RS;4323457;Vila Nova do Sul;4283;507,942;Centro Local
43;RS;4307815;Estrela Velha;3660;281,613;Centro Local
21;MA;2106102;Loreto;12098;3596,844;Centro Local
17;TO;1707108;Divinópolis do Tocantins;6856;2347,434;Centro Local
25;PB;2503506;Cacimba de Dentro;17159;168,107;Centro Local
17;TO;1720655;Silvanópolis;5378;1258,831;Centro Local
26;PE;2608008;Jataúba;17070;714,601;Centro Local
25;PB;2509404;Mogeiro;13308;214,389;Centro Local
29;BA;2900306;Acajutiba;15129;181,475;Centro Local
22;PI;2204709;Inhuma;15296;978,222;Centro Local
52;GO;5215900;Palminópolis;3589;387,693;Centro Local
42;SC;4219101;Vargeão;3575;165,941;Centro Local
17;TO;1718865;Santa Fé do Araguaia;7426;1678,091;Centro Local
23;CE;2310902;Piquet Carneiro;16827;587,877;Centro Local
50;MS;5003504;Douradina;5889;280,787;Centro Local
26;PE;2614709;Tacaimbó;12890;227,601;Centro Local
26;PE;2616506;Xexéu;14691;110,815;Centro Local
43;RS;4302451;Boqueirão do Leão;7726;265,580;Centro Local
24;RN;2414506;Umarizal;10591;213,584;Centro Local
52;GO;5202155;Araguapaz;7756;2193,700;Centro Local
43;RS;4301958;Barra Funda;2527;60,437;Centro Local
25;PB;2516508;Taperoá;15185;628,409;Centro Local
31;MG;3170057;Ubaporanga;12449;189,045;Centro Local
31;MG;3108800;Braúnas;4835;378,318;Centro Local
25;PB;2501609;Barra de Santa Rosa;15268;775,646;Centro Local
29;BA;2919306;Lençóis;11315;1283,328;Centro Local
24;RN;2404408;Grossos;10302;124,538;Centro Local
43;RS;4308854;Gentil;1642;184,715;Centro Local
21;MA;2106409;Mata Roma;16679;548,548;Centro Local
22;PI;2204402;Gilbués;10686;3494,958;Centro Local
23;CE;2302909;Capistrano;17793;222,549;Centro Local
35;SP;3547007;Santa Maria da Serra;6107;252,621;Centro Local
42;SC;4200903;Angelina;4860;499,776;Centro Local
17;TO;1706100;Cristalândia;7300;1848,241;Centro Local
31;MG;3141603;Mercês;10720;348,271;Centro Local
42;SC;4218756;Tunápolis;4561;132,939;Centro Local
31;MG;3134806;Jacuí;7681;409,229;Centro Local
43;RS;4321469;Tio Hugo;3004;113,944;Centro Local
29;BA;2921401;Mirangaba;18195;1751,781;Centro Local
31;MG;3142007;Mirabela;13557;723,278;Centro Local
21;MA;2102754;Capinzal do Norte;10932;590,529;Centro Local
43;RS;4301750;Barão do Triunfo;7454;436,481;Centro Local
31;MG;3109204;Buenópolis;10377;1599,881;Centro Local
31;MG;3139706;Maravilhas;7904;261,604;Centro Local
23;CE;2306603;Itatira;20786;783,436;Centro Local
29;BA;2901601;Antas;19093;321,606;Centro Local
31;MG;3164001;São Pedro dos Ferros;7858;402,739;Centro Local
41;PR;4103206;Bom Sucesso;6995;322,755;Centro Local
42;SC;4210902;Modelo;4200;92,346;Centro Local
24;RN;2411403;Santana do Matos;12954;1425,364;Centro Local
35;SP;3515350;Euclides da Cunha Paulista;9419;573,894;Centro Local
26;PE;2609154;Manari;21085;344,725;Centro Local
41;PR;4109005;Guapirama;3820;189,100;Centro Local
31;MG;3156007;Rio Vermelho;12957;986,561;Centro Local
23;CE;2308351;Milhã;13241;502,344;Centro Local
21;MA;2101905;Bequimão;21260;790,225;Centro Local
28;SE;2800407;Arauá;10168;198,967;Centro Local
15;PA;1503408;Inhangapi;11559;471,644;Centro Local
43;RS;4309951;Ibirapuitã;4027;307,164;Centro Local
29;BA;2925253;Ponto Novo;15012;530,144;Centro Local
43;RS;4306429;Dois Irmãos das Missões;2044;225,681;Centro Local
31;MG;3133204;Itanhomi;12212;488,843;Centro Local
41;PR;4102208;Atalaia;3902;137,663;Centro Local
51;MT;5103437;Curvelândia;5192;359,031;Centro Local
21;MA;2104404;Gonçalves Dias;17924;883,588;Centro Local
21;MA;2108801;Pirapemas;18527;688,761;Centro Local
14;RR;1400605;São Luiz;7860;1526,898;Centro Local
41;PR;4106571;Cruzeiro do Iguaçu;4264;161,862;Centro Local
43;RS;4311908;Marcelino Ramos;4488;229,759;Centro Local
21;MA;2110658;São Domingos do Azeitão;7363;960,932;Centro Local
26;PE;2601003;Angelim;11072;118,037;Centro Local
29;BA;2929404;São Miguel das Matas;11645;230,888;Centro Local
43;RS;4300638;Amaral Ferrador;6974;505,983;Centro Local
13;AM;1300680;Boa Vista do Ramos;18781;2589,407;Centro Local
35;SP;3554953;Tuiuti;6808;126,731;Centro Local
41;PR;4123824;Santa Lúcia;3834;116,858;Centro Local
31;MG;3137007;Ladainha;18026;866,290;Centro Local
13;AM;1301654;Guajará;16416;7583,720;Centro Local
35;SP;3509452;Campina do Monte Alegre;5991;185,031;Centro Local
29;BA;2926707;Rio de Contas;13048;1115,252;Centro Local
41;PR;4125357;São Jorge do Patrocínio;5698;404,690;Centro Local
21;MA;2106300;Magalhães de Almeida;19620;433,152;Centro Local
23;CE;2313351;Tejuçuoca;18998;759,715;Centro Local
42;SC;4217550;Serra Alta;3270;90,564;Centro Local
29;BA;2929255;São Gabriel;18798;1146,054;Centro Local
52;GO;5207535;Faina;6678;1945,658;Centro Local
29;BA;2920403;Manoel Vitorino;13397;2201,764;Centro Local
29;BA;2918209;Jiquiriçá;14516;238,602;Centro Local
31;MG;3125903;Ferros;9949;1088,791;Centro Local
12;AC;1200393;Porto Walter;11720;6443,830;Centro Local
42;SC;4204103;Caxambu do Sul;3735;140,910;Centro Local
42;SC;4219408;Witmarsum;3932;153,776;Centro Local
17;TO;1701002;Ananás;9607;1576,973;Centro Local
42;SC;4218103;Timbé do Sul;5354;328,508;Centro Local
51;MT;5100508;Alto Paraguai;11238;1844,817;Centro Local
24;RN;2408953;Rio do Fogo;10789;151,096;Centro Local
43;RS;4318622;São José dos Ausentes;3509;1173,907;Centro Local
28;SE;2806602;Santo Amaro das Brotas;12051;236,965;Centro Local
15;PA;1502855;Curuá;14197;1431,133;Centro Local
24;RN;2400109;Acari;11152;608,466;Centro Local
31;MG;3123700;Engenheiro Caldas;11064;187,058;Centro Local
25;PB;2516607;Tavares;14614;237,330;Centro Local
50;MS;5007976;Taquarussu;3583;1041,121;Centro Local
41;PR;4111605;Ivatuba;3238;96,661;Centro Local
15;PA;1501600;Bonito;16038;586,736;Centro Local
29;BA;2915304;Itagimirim;6914;876,800;Centro Local
41;PR;4123204;Santa Cecília do Pavão;3376;110,199;Centro Local
23;CE;2303402;Carnaubal;17747;364,839;Centro Local
42;SC;4211454;Nova Itaberaba;4333;137,337;Centro Local
31;MG;3123106;Dores de Guanhães;5185;382,124;Centro Local
50;MS;5003108;Corguinho;5839;2638,168;Centro Local
22;PI;2206605;Monte Alegre do Piauí;10611;2417,933;Centro Local
26;PE;2608057;Jatobá;14740;277,862;Centro Local
21;MA;2103554;Conceição do Lago-Açu;16072;733,228;Centro Local
29;BA;2903607;Biritinga;15975;553,762;Centro Local
43;RS;4312104;Mata;4864;311,884;Centro Local
29;BA;2915106;Itagi;12462;310,621;Centro Local
29;BA;2928059;Santa Luzia;12751;824,462;Centro Local
42;SC;4214300;Rancho Queimado;2868;286,461;Centro Local
17;TO;1702901;Axixá do Tocantins;9725;150,213;Centro Local
41;PR;4124905;São João do Caiuá;5874;304,413;Centro Local
23;CE;2312106;Santana do Cariri;17622;855,563;Centro Local
27;AL;2703601;Japaratinga;8317;85,356;Centro Local
31;MG;3155405;Rio Novo;8941;209,310;Centro Local
43;RS;4300455;Alegria;3559;172,396;Centro Local
52;GO;5219209;Santa Cruz de Goiás;2892;1108,963;Centro Local
11;RO;1101435;Nova União;7047;807,126;Centro Local
42;SC;4201273;Arabutã;4266;133,014;Centro Local
31;MG;3125952;Fervedouro;10957;357,683;Centro Local
24;RN;2413904;Taipu;12261;352,818;Centro Local
43;RS;4302584;Bozano;2135;200,550;Centro Local
25;PB;2510907;Paulista;12260;576,838;Centro Local
43;RS;4313607;Paim Filho;3880;182,291;Centro Local
41;PR;4116950;Nova Esperança do Sudoeste;5063;208,472;Centro Local
51;MT;5100359;Alto Boa Vista;6659;2240,438;Centro Local
29;BA;2924207;Pedro Alexandre;17486;896,071;Centro Local
17;TO;1702307;Arapoema;6670;1552,217;Centro Local
23;CE;2311959;Salitre;16435;804,356;Centro Local
43;RS;4310876;Jacuizinho;2679;339,399;Centro Local
27;AL;2702702;Feliz Deserto;4729;110,373;Centro Local
29;BA;2913101;Ibititá;17150;573,033;Centro Local
41;PR;4127882;Tunas do Paraná;8509;668,478;Centro Local
43;RS;4312203;Maximiliano de Almeida;4443;208,439;Centro Local
41;PR;4109203;Guaraci;5473;211,680;Centro Local
31;MG;3126000;Florestal;7386;194,242;Centro Local
29;BA;2933158;Várzea Nova;12772;1225,892;Centro Local
52;GO;5214051;Mundo Novo;5066;2146,651;Centro Local
41;PR;4126702;Tamboara;5080;193,347;Centro Local
43;RS;4305871;Coronel Barros;2518;163,745;Centro Local
41;PR;4108452;Foz do Jordão;4745;235,382;Centro Local
43;RS;4301552;Áurea;3573;156,729;Centro Local
43;RS;4312138;Mato Castelhano;2538;238,268;Centro Local
26;PE;2608602;Lagoa do Ouro;13065;198,762;Centro Local
41;PR;4109500;Guaraqueçaba;7679;2017,030;Centro Local
31;MG;3119807;Córrego Danta;3241;657,425;Centro Local
43;RS;4305850;Coqueiros do Sul;2327;277,637;Centro Local
23;CE;2303600;Catarina;20562;486,864;Centro Local
52;GO;5203807;Britânia;5761;1463,006;Centro Local
21;MA;2110401;São Benedito do Rio Preto;18608;931,485;Centro Local
31;MG;3135704;Jequitibá;5215;445,030;Centro Local
31;MG;3153509;Alto Jequitibá;8333;152,272;Centro Local
43;RS;4317756;Santo Antônio do Planalto;2020;203,440;Centro Local
21;MA;2100832;Apicum-Açu;17063;340,288;Centro Local
14;RR;1400704;Uiramutã;10325;8065,564;Centro Local
26;PE;2615508;Tracunhaém;13724;135,496;Centro Local
27;AL;2703304;Inhapi;18378;372,020;Centro Local
24;RN;2407500;Maxaranguape;12194;132,129;Centro Local
35;SP;3556354;Vargem;10378;142,595;Centro Local
50;MS;5004809;Japorã;8976;419,397;Centro Local
27;AL;2708709;São Miguel dos Milagres;7888;76,731;Centro Local
31;MG;3171600;Virgem da Lapa;13764;868,914;Centro Local
28;SE;2805307;Pirambu;9199;208,715;Centro Local
41;PR;4100905;Amaporã;6181;384,735;Centro Local
42;SC;4219358;Vitor Meireles;5014;371,024;Centro Local
41;PR;4107157;Diamante D'Oeste;5239;309,110;Centro Local
29;BA;2905503;Caldeirão Grande;13260;458,311;Centro Local
42;SC;4213302;Ponte Alta;4714;569,154;Centro Local
29;BA;2906600;Candiba;14268;433,642;Centro Local
31;MG;3105004;Baldim;7851;556,266;Centro Local
27;AL;2707800;Roteiro;6680;128,814;Centro Local
29;BA;2922656;Nordestina;13095;465,407;Centro Local
35;SP;3501103;Alto Alegre;4110;318,574;Centro Local
41;PR;4106100;Conselheiro Mairinck;3843;204,705;Centro Local
41;PR;4122800;Salgado Filho;3679;189,315;Centro Local
42;SC;4203253;Capão Alto;2556;1332,356;Centro Local
35;SP;3517109;Glicério;4801;272,800;Centro Local
52;GO;5210802;Itajá;4605;2091,397;Centro Local
24;RN;2402501;Carnaubais;10651;517,737;Centro Local
31;MG;3116704;Coimbra;7517;106,875;Centro Local
35;SP;3537156;Pedrinhas Paulista;3085;152,309;Centro Local
23;CE;2300408;Aiuaba;17303;2434,423;Centro Local
41;PR;4120101;Porto Amazonas;4821;186,581;Centro Local
17;TO;1703008;Babaçulândia;10662;1788,463;Centro Local
31;MG;3158904;Santana do Manhuaçu;8681;347,362;Centro Local
27;AL;2701605;Canapi;17726;602,778;Centro Local
43;RS;4303202;Cacique Doble;5055;203,797;Centro Local
29;BA;2900355;Adustina;16784;632,139;Centro Local
21;MA;2108058;Paulino Neves;15901;979,739;Centro Local
26;PE;2608404;Jurema;15323;148,254;Centro Local
43;RS;4315008;Porto Lucena;4765;250,795;Centro Local
43;RS;4300307;Alecrim;6077;316,510;Centro Local
31;MG;3163904;São Pedro da União;4709;260,827;Centro Local
35;SP;3541059;Pratânia;5204;175,100;Centro Local
25;PB;2503308;Cachoeira dos Índios;10182;193,068;Centro Local
29;BA;2919405;Licínio de Almeida;12406;856,626;Centro Local
31;MG;3150604;Piracema;6421;280,335;Centro Local
31;MG;3116902;Comendador Gomes;3103;1041,047;Centro Local
52;GO;5207600;Fazenda Nova;5722;1281,420;Centro Local
31;MG;3161205;São Francisco de Paula;6535;316,822;Centro Local
35;SP;3553203;Taiúva;5568;132,459;Centro Local
13;AM;1302009;Itapiranga;9064;4335,075;Centro Local
35;SP;3537701;Piacatu;5922;232,488;Centro Local
27;AL;2707602;Quebrangulo;11342;319,829;Centro Local
28;SE;2802403;Gararu;11606;654,129;Centro Local
31;MG;3134707;Jacinto;12329;1393,609;Centro Local
17;TO;1712504;Marianópolis do Tocantins;5094;2091,374;Centro Local
28;SE;2806800;São Domingos;11065;101,999;Centro Local
31;MG;3118908;Cordisburgo;8883;823,654;Centro Local
29;BA;2930402;Serra Preta;15064;595,298;Centro Local
31;MG;3123528;Durandé;7811;217,461;Centro Local
35;SP;3505104;Barbosa;7335;205,212;Centro Local
41;PR;4120333;Prado Ferreira;3726;153,399;Centro Local
31;MG;3154457;Riachinho;8138;1719,266;Centro Local
31;MG;3121407;Desterro de Entre Rios;7232;377,165;Centro Local
31;MG;3134509;Itutinga;3809;372,018;Centro Local
31;MG;3129301;Iapu;10867;340,579;Centro Local
52;GO;5215652;Palestina de Goiás;3460;1320,687;Centro Local
35;SP;3523008;Itapura;4860;301,653;Centro Local
25;PB;2500502;Alagoinha;14367;96,980;Centro Local
29;BA;2930758;Sítio do Mato;12965;1627,791;Centro Local
27;AL;2702553;Estrela de Alagoas;18153;260,772;Centro Local
41;PR;4121307;Rancho Alegre;3832;167,646;Centro Local
35;SP;3534807;Ouro Verde;8503;266,778;Centro Local
31;MG;3169208;Tombos;8201;285,124;Centro Local
26;PE;2604908;Cumaru;11635;292,232;Centro Local
35;SP;3501806;Américo de Campos;5956;252,876;Centro Local
22;PI;2210508;São Pedro do Piauí;14255;518,288;Centro Local
24;RN;2413201;Senador Georgino Avelino;4395;26,100;Centro Local
31;MG;3165206;São Thomé das Letras;7056;369,747;Centro Local
42;SC;4205159;Doutor Pedrinho;4013;374,205;Centro Local
43;RS;4323101;Vicente Dutra;4745;193,025;Centro Local
43;RS;4320602;Severiano de Almeida;3685;167,598;Centro Local
29;BA;2925600;Presidente Dutra;15121;232,063;Centro Local
31;MG;3152170;Ponto dos Volantes;12061;1212,413;Centro Local
35;SP;3502606;Aparecida d'Oeste;4234;179,004;Centro Local
42;SC;4209151;José Boiteux;4985;405,552;Centro Local
43;RS;4323358;Vila Lângaro;2102;151,695;Centro Local
41;PR;4124004;Santana do Itararé;5031;251,269;Centro Local
41;PR;4112900;Jundiaí do Sul;3315;320,816;Centro Local
41;PR;4126207;Sapopema;6751;677,609;Centro Local
41;PR;4112306;Japira;4995;188,287;Centro Local
26;PE;2612455;Santa Cruz;15236;1245,983;Centro Local
13;AM;1304005;Silves;9110;3723,382;Centro Local
31;MG;3129202;Heliodora;6524;153,950;Centro Local
29;BA;2902252;Arataca;11079;435,962;Centro Local
43;RS;4303400;Caiçara;4788;188,983;Centro Local
31;MG;3142403;Moema;7479;202,705;Centro Local
26;PE;2612901;São Benedito do Sul;15717;160,477;Centro Local
29;BA;2913002;Ibitiara;16272;1834,002;Centro Local
21;MA;2102507;Cajari;19307;662,066;Centro Local
52;GO;5212956;Matrinchã;4366;1150,894;Centro Local
29;BA;2926806;Rio do Antônio;15289;777,903;Centro Local
26;PE;2605806;Frei Miguelinho;15366;212,707;Centro Local
29;BA;2927606;Santa Brígida;14088;900,064;Centro Local
31;MG;3169802;Turvolândia;5008;221,000;Centro Local
41;PR;4119707;Planaltina do Paraná;4254;356,192;Centro Local
43;RS;4315958;Rolador;2352;295,314;Centro Local
21;MA;2104206;Fortuna;15536;694,997;Centro Local
13;AM;1300904;Canutama;15450;33642,597;Centro Local
31;MG;3150307;Piedade do Rio Grande;4528;322,814;Centro Local
17;TO;1720200;São Miguel do Tocantins;11967;398,820;Centro Local
21;MA;2105906;Lago Verde;16199;623,237;Centro Local
31;MG;3124708;Estrela do Indaiá;3508;635,981;Centro Local
41;PR;4101655;Arapuã;3128;217,371;Centro Local
42;SC;4207759;Iraceminha;4015;163,898;Centro Local
43;RS;4306973;Erebango;2995;153,122;Centro Local
35;SP;3525409;Jeriquara;3168;141,971;Centro Local
42;SC;4207577;Iomerê;2927;113,986;Centro Local
42;SC;4201802;Atalanta;3226;93,872;Centro Local
43;RS;4311791;Maratá;2680;82,063;Centro Local
23;CE;2312502;São João do Jaguaribe;7691;280,456;Centro Local
23;CE;2302057;Barroquinha;14989;384,900;Centro Local
35;SP;3533700;Ocauçu;4287;301,036;Centro Local
29;BA;2927101;Rodelas;9213;2207,159;Centro Local
15;PA;1507755;Sapucaia;5849;1298,190;Centro Local
31;MG;3166709;Serra dos Aimorés;8685;213,574;Centro Local
29;BA;2918456;Jucuruçu;9272;1457,856;Centro Local
29;BA;2932408;Uibaí;13884;545,298;Centro Local
35;SP;3548203;Santo Antônio do Pinhal;6794;133,008;Centro Local
24;RN;2410108;Poço Branco;15294;230,401;Centro Local
31;MG;3153004;Pratinha;3573;622,478;Centro Local
21;MA;2105609;Joselândia;16136;703,513;Centro Local
24;RN;2404606;Ielmo Marinho;13628;312,028;Centro Local
43;RS;4304713;Caraá;8187;294,456;Centro Local
41;PR;4102752;Bela Vista da Caroba;3567;148,107;Centro Local
31;MG;3136108;Joanésia;4674;233,292;Centro Local
31;MG;3130606;Inconfidentes;7297;149,611;Centro Local
43;RS;4314175;Pedras Altas;2010;1373,985;Centro Local
43;RS;4312450;Morro Redondo;6546;244,645;Centro Local
25;PB;2507200;Itatuba;10801;244,222;Centro Local
41;PR;4128658;Virmond;4023;243,173;Centro Local
31;MG;3128808;Guidoval;7105;158,375;Centro Local
50;MS;5003900;Figueirão;3044;4882,873;Centro Local
31;MG;3126901;Frei Inocêncio;9555;469,557;Centro Local
21;MA;2110856;São Francisco do Brejão;11652;745,606;Centro Local
29;BA;2924058;Pé de Serra;13601;596,770;Centro Local
22;PI;2205102;Itaueira;11010;2554,181;Centro Local
41;PR;4106852;Cruzmaltina;2980;312,299;Centro Local
26;PE;2605509;Ferreiros;14365;92,516;Centro Local
23;CE;2312601;São Luís do Curu;12938;122,420;Centro Local
35;SP;3532157;Nantes;3103;286,647;Centro Local
21;MA;2101301;Bacuri;18508;881,431;Centro Local
23;CE;2313559;Tururu;16015;202,276;Centro Local
31;MG;3113503;Carbonita;9396;1456,095;Centro Local
13;AM;1300086;Anamã;13269;2446,121;Centro Local
51;MT;5107743;Santa Cruz do Xingu;2495;5651,747;Centro Local
26;PE;2612703;Santa Maria do Cambucá;14048;92,148;Centro Local
43;RS;4313003;Nova Bréscia;3321;102,818;Centro Local
26;PE;2602704;Buenos Aires;13119;93,187;Centro Local
13;AM;1303957;São Sebastião do Uatumã;13685;10647,463;Centro Local
29;BA;2917409;Jacaraci;14834;1332,420;Centro Local
21;MA;2111078;São João do Soter;18438;1438,067;Centro Local
23;CE;2311900;Saboeiro;15808;1383,484;Centro Local
29;BA;2916203;Itapé;9008;453,144;Centro Local
43;RS;4310553;Itacurubi;3470;1120,874;Centro Local
31;MG;3100500;Açucena;9575;815,422;Centro Local
17;TO;1701903;Araguacema;7016;2778,452;Centro Local
26;PE;2608701;Lagoa dos Gatos;16262;224,947;Centro Local
24;RN;2414803;Vera Cruz;12323;83,894;Centro Local
42;SC;4202537;Bom Jesus;2961;63,415;Centro Local
27;AL;2707404;Porto de Pedras;7873;257,105;Centro Local
42;SC;4206801;Ibicaré;3227;155,880;Centro Local
29;BA;2933174;Varzedo;8895;221,399;Centro Local
17;TO;1700350;Aliança do Tocantins;5434;1579,751;Centro Local
43;RS;4310850;Jaboticaba;3848;128,053;Centro Local
26;PE;2608255;Jucati;11361;120,604;Centro Local
43;RS;4319703;São Valentim;3341;154,450;Centro Local
23;CE;2309003;Mucambo;14485;190,602;Centro Local
29;BA;2903706;Boa Nova;12953;849,538;Centro Local
24;RN;2409100;Passa e Fica;13076;42,137;Centro Local
26;PE;2607703;Itapetim;13680;404,850;Centro Local
41;PR;4113106;Kaloré;4154;193,299;Centro Local
29;BA;2918506;Jussara;15307;1355,173;Centro Local
43;RS;4311254;Lagoão;6442;386,406;Centro Local
50;MS;5007307;Rio Negro;4819;1807,668;Centro Local
35;SP;3522000;Itaju;3782;230,355;Centro Local
29;BA;2930808;Souto Soares;16905;1026,634;Centro Local
21;MA;2104602;Governador Eugênio Barros;16772;816,990;Centro Local
23;CE;2301406;Aratuba;11346;114,785;Centro Local
52;GO;5219100;Santa Bárbara de Goiás;6485;139,598;Centro Local
29;BA;2930600;Serrolândia;13347;322,022;Centro Local
29;BA;2920007;Maiquinique;10016;588,297;Centro Local
41;PR;4122909;Salto do Itararé;4973;200,520;Centro Local
32;ES;3200508;Apiacá;7580;193,984;Centro Local
23;CE;2305704;Ipaumirim;12439;275,159;Centro Local
26;PE;2601300;Barra de Guabiraba;14257;120,583;Centro Local
24;RN;2412401;São José do Seridó;4602;174,505;Centro Local
52;GO;5219902;São Francisco de Goiás;6260;415,791;Centro Local
23;CE;2300903;Apuiarés;14814;545,158;Centro Local
43;RS;4320321;Senador Salgado Filho;2788;147,179;Centro Local
41;PR;4110904;Itaguajé;4487;190,374;Centro Local
41;PR;4126652;Sulina;3033;170,759;Centro Local
52;GO;5202353;Arenópolis;2689;1074,595;Centro Local
22;PI;2206407;Monsenhor Gil;10565;567,545;Centro Local
21;MA;2106375;Maranhãozinho;16013;760,947;Centro Local
31;MG;3112109;Caparaó;5424;130,694;Centro Local
31;MG;3158508;Santana de Pirapama;7696;1255,832;Centro Local
43;RS;4300646;Ametista do Sul;7416;93,704;Centro Local
41;PR;4113809;Lupionópolis;4894;121,066;Centro Local
31;MG;3129004;Guiricema;8442;293,578;Centro Local
29;BA;2912509;Ibipitanga;14856;954,373;Centro Local
35;SP;3540408;Populina;4186;315,938;Centro Local
29;BA;2910008;Dário Meira;10906;413,637;Centro Local
42;SC;4212239;Paraíso;3515;180,534;Centro Local
35;SP;3555505;Ubirajara;4754;282,179;Centro Local
24;RN;2414159;Tenente Laurentino Cruz;5883;68,556;Centro Local
43;RS;4319372;São Pedro do Butiá;2946;107,348;Centro Local
17;TO;1707207;Dois Irmãos do Tocantins;7211;3757,036;Centro Local
21;MA;2102358;Buritirana;15393;818,424;Centro Local
42;SC;4201653;Arvoredo;2246;90,503;Centro Local
43;RS;4314134;Paulo Bento;2287;149,718;Centro Local
11;RO;1101450;Parecis;5947;2548,683;Centro Local
52;GO;5203575;Bonópolis;4316;1628,486;Centro Local
31;MG;3157104;Salto da Divisa;7007;938,008;Centro Local
25;PB;2503605;Arranjo Populacional de Caiçara - Logradouro/PB;11586;165,910;Centro Local
42;SC;4215075;Riqueza;4636;192,977;Centro Local
29;BA;2916906;Itiruçu;12624;322,024;Centro Local
43;RS;4315206;Putinga;3951;205,218;Centro Local
29;BA;2921302;Milagres;11009;420,358;Centro Local
43;RS;4310462;Ipiranga do Sul;1899;157,882;Centro Local
52;GO;5220157;São Luiz do Norte;5117;586,058;Centro Local
31;MG;3138104;Lassance;6522;3204,217;Centro Local
29;BA;2901700;Antônio Cardoso;11691;293,530;Centro Local
43;RS;4307203;Erval Grande;4902;285,677;Centro Local
43;RS;4320230;Sede Nova;2924;119,297;Centro Local
29;BA;2903003;Barra do Mendes;13900;1586,629;Centro Local
29;BA;2917334;Iuiu;10969;1522,349;Centro Local
43;RS;4304101;Campos Borges;3345;226,202;Centro Local
31;MG;3116100;Chapada do Norte;15368;830,833;Centro Local
35;SP;3541653;Quadra;3753;205,672;Centro Local
21;MA;2107456;Olinda Nova do Maranhão;14563;199,879;Centro Local
31;MG;3120706;Cruzeiro da Fortaleza;4134;187,715;Centro Local
11;RO;1100262;Rio Crespo;3723;1717,640;Centro Local
52;GO;5218706;Rianápolis;4784;159,255;Centro Local
43;RS;4320354;Sentinela do Sul;5553;281,896;Centro Local
25;PB;2500908;Arara;13438;99,111;Centro Local
41;PR;4101150;Ângulo;2927;106,021;Centro Local
31;MG;3148301;Paula Cândido;9557;268,321;Centro Local
42;SC;4201604;Arroio Trinta;3551;94,418;Centro Local
31;MG;3165404;Sapucaí-Mirim;6869;285,073;Centro Local
31;MG;3122355;Divisa Alegre;6702;117,802;Centro Local
26;PE;2607950;Jaqueira;11668;87,208;Centro Local
35;SP;3531605;Monte Castelo;4166;233,547;Centro Local
24;RN;2412302;São José do Campestre;12833;341,115;Centro Local
43;RS;4306452;Dois Lajeados;3394;133,535;Centro Local
17;TO;1703701;Brejinho de Nazaré;5475;1724,450;Centro Local
21;MA;2111029;São João do Carú;15828;908,077;Centro Local
31;MG;3150158;Piedade de Caratinga;8426;109,345;Centro Local
29;BA;2902005;Aracatu;13229;1489,804;Centro Local
29;BA;2923902;Pau Brasil;9981;626,306;Centro Local
11;RO;1101468;Pimenteiras do Oeste;2191;6014,733;Centro Local
31;MG;3154101;Recreio;10514;234,296;Centro Local
35;SP;3533809;Óleo;2522;198,938;Centro Local
29;BA;2920452;Mansidão;13546;3130,130;Centro Local
42;SC;4209201;Lacerdópolis;2245;68,863;Centro Local
24;RN;2403004;Cruzeta;8014;295,830;Centro Local
31;MG;3122405;Divisa Nova;5996;216,955;Centro Local
29;BA;2904001;Boninal;14288;896,857;Centro Local
31;MG;3119203;Coroaci;10040;576,274;Centro Local
13;AM;1302207;Juruá;14312;19442,548;Centro Local
23;CE;2310605;Penaforte;9010;149,715;Centro Local
29;BA;2911857;Heliópolis;13076;338,797;Centro Local
31;MG;3166204;Senhora dos Remédios;10451;237,815;Centro Local
21;MA;2109700;Sambaíba;5663;2478,702;Centro Local
31;MG;3121100;Delfim Moreira;8035;408,473;Centro Local
35;SP;3510104;Cândido Rodrigues;2787;70,892;Centro Local
52;GO;5221502;Turvânia;4633;480,775;Centro Local
21;MA;2111532;São Pedro da Água Branca;12645;720,452;Centro Local
29;BA;2933059;Várzea da Roça;14087;468,407;Centro Local
23;CE;2308203;Meruoca;15030;149,845;Centro Local
31;MG;3108107;Bonfim;6876;301,865;Centro Local
22;PI;2207504;Palmeirais;14488;1499,180;Centro Local
42;SC;4205100;Dona Emma;4105;178,157;Centro Local
31;MG;3102704;Cachoeira de Pajeú;9382;695,672;Centro Local
25;PB;2506103;Fagundes;11355;189,026;Centro Local
17;TO;1703800;Buriti do Tocantins;11197;251,921;Centro Local
52;GO;5215405;Ouro Verde de Goiás;3797;208,769;Centro Local
41;PR;4101051;Anahy;2816;102,647;Centro Local
42;SC;4200556;Águas Frias;2378;76,744;Centro Local
35;SP;3527900;Lutécia;2663;475,226;Centro Local
31;MG;3171030;Verdelândia;9265;1570,582;Centro Local
41;PR;4120150;Porto Barreiro;3292;361,021;Centro Local
51;MT;5108808;Nova Guarita;4578;1114,126;Centro Local
29;BA;2905107;Caém;9372;540,908;Centro Local
42;SC;4211850;Ouro Verde;2227;189,539;Centro Local
31;MG;3132305;Itaipé;12681;480,829;Centro Local
22;PI;2205409;Joaquim Pires;14332;739,979;Centro Local
29;BA;2915007;Itaeté;15999;1331,822;Centro Local
31;MG;3102050;Alto Caparaó;5799;103,690;Centro Local
51;MT;5101605;Barão de Melgaço;8563;11427,740;Centro Local
17;TO;1718907;Santa Rosa do Tocantins;4811;1796,257;Centro Local
17;TO;1720804;Sítio Novo do Tocantins;9078;324,096;Centro Local
31;MG;3106507;Berilo;11995;587,106;Centro Local
31;MG;3151909;Pocrane;8508;691,066;Centro Local
31;MG;3152303;Porto Firme;11208;284,777;Centro Local
41;PR;4115903;Mirador;2231;221,708;Centro Local
22;PI;2203107;Cristino Castro;10401;1846,339;Centro Local
29;BA;2921807;Mortugaba;12031;528,214;Centro Local
21;MA;2102077;Bom Lugar;16148;445,476;Centro Local
23;CE;2304657;Graça;15423;281,872;Centro Local
21;MA;2105476;Jenipapo dos Vieiras;16432;1962,899;Centro Local
22;PI;2200301;Alto Longá;14268;1737,836;Centro Local
35;SP;3532702;Nipoã;5126;137,609;Centro Local
15;PA;1505551;Pau D'Arco;5557;1671,419;Centro Local
42;SC;4211652;Novo Horizonte;2481;152,494;Centro Local
27;AL;2707206;Poço das Trincheiras;14354;284,257;Centro Local
35;SP;3500204;Adolfo;3571;211,055;Centro Local
29;BA;2918753;Lagoa Real;15555;912,222;Centro Local
35;SP;3543600;Rifaina;3618;162,508;Centro Local
21;MA;2105203;Igarapé Grande;11252;346,098;Centro Local
31;MG;3163102;São José da Varginha;4927;205,501;Centro Local
41;PR;4111704;Jaboti;5244;139,277;Centro Local
31;MG;3170008;Ubaí;12466;820,524;Centro Local
43;RS;4311270;Lagoa dos Três Cantos;1611;138,602;Centro Local
25;PB;2511509;Pilar;11855;101,999;Centro Local
24;RN;2412906;São Tomé;11057;862,585;Centro Local
43;RS;4322327;Turuçu;3455;253,635;Centro Local
29;BA;2904209;Botuporã;10300;627,612;Centro Local
43;RS;4312427;Mormaço;3056;146,191;Centro Local
29;BA;2904407;Brejolândia;10493;2247,208;Centro Local
32;ES;3200359;Alto Rio Novo;7798;227,617;Centro Local
35;SP;3554201;Tejupá;4574;296,189;Centro Local
31;MG;3154150;Reduto;7105;151,859;Centro Local
31;MG;3160959;São Domingos das Dores;5630;60,865;Centro Local
43;RS;4312674;Nicolau Vergueiro;1689;154,995;Centro Local
43;RS;4314035;Pareci Novo;3812;57,639;Centro Local
41;PR;4102703;Barra do Jacaré;2781;115,724;Centro Local
17;TO;1710508;Itacajá;7414;3051,360;Centro Local
43;RS;4323754;Vitória das Missões;3177;259,609;Centro Local
28;SE;2805109;Pedrinhas;9538;33,144;Centro Local
52;GO;5205059;Castelândia;3464;297,977;Centro Local
23;CE;2309102;Mulungu;12892;134,568;Centro Local
41;PR;4128807;Xambrê;5728;359,712;Centro Local
42;SC;4204178;Cerro Negro;3181;417,556;Centro Local
41;PR;4116307;Munhoz de Melo;3958;137,018;Centro Local
29;BA;2902203;Aramari;11332;368,948;Centro Local
11;RO;1101484;São Felipe D'Oeste;5280;541,647;Centro Local
24;RN;2400307;Afonso Bezerra;11041;576,180;Centro Local
21;MA;2106805;Mirinzal;14913;687,748;Centro Local
31;MG;3166303;Sericita;7319;166,012;Centro Local
25;PB;2502409;Bonito de Santa Fé;11797;228,327;Centro Local
29;BA;2926657;Ribeirão do Largo;6304;1363,700;Centro Local
41;PR;4121257;Ramilândia;4426;237,196;Centro Local
31;MG;3112901;Caputira;9287;187,704;Centro Local
41;PR;4122172;Rio Branco do Ivaí;4083;382,329;Centro Local
41;PR;4103024;Boa Esperança do Iguaçu;2538;151,797;Centro Local
13;AM;1301951;Itamarati;7888;25260,429;Centro Local
51;MT;5103361;Conquista D'Oeste;3973;2684,256;Centro Local
35;SP;3521606;Irapuru;8261;214,461;Centro Local
31;MG;3124401;Espírito Santo do Dourado;4673;263,879;Centro Local
43;RS;4314068;Passa Sete;5656;304,832;Centro Local
52;GO;5203962;Buritinópolis;3302;247,047;Centro Local
35;SP;3534500;Oscar Bressane;2602;222,130;Centro Local
41;PR;4122651;Rosário do Ivaí;4886;371,250;Centro Local
23;CE;2310100;Palmácia;13214;117,813;Centro Local
31;MG;3128204;Guaraciaba;10333;348,596;Centro Local
52;GO;5211602;Ivolândia;2406;1257,663;Centro Local
43;RS;4321352;Tavares;5479;610,106;Centro Local
24;RN;2410256;Porto do Mangue;6765;368,767;Centro Local
41;PR;4128625;Alto Paraíso;2799;967,772;Centro Local
12;AC;1200054;Assis Brasil;7300;4974,175;Centro Local
17;TO;1703057;Bandeirantes do Tocantins;3512;1541,846;Centro Local
15;PA;1506112;Quatipuru;13512;289,622;Centro Local
43;RS;4312054;Marques de Souza;4024;125,425;Centro Local
24;RN;2407708;Montanhas;11295;82,214;Centro Local
43;RS;4300570;Alto Feliz;3020;78,852;Centro Local
31;MG;3131406;Ipiaçu;4217;466,020;Centro Local
31;MG;3160306;Santo Antônio do Jacinto;11677;503,706;Centro Local
31;MG;3103702;Araponga;8425;303,793;Centro Local
41;PR;4103958;Campina do Simão;3917;448,424;Centro Local
29;BA;2929800;Saúde;12883;509,098;Centro Local
31;MG;3148905;Pedra do Indaiá;3969;347,920;Centro Local
27;AL;2708956;Senador Rui Palmeira;13818;341,992;Centro Local
31;MG;3136504;Jordânia;10780;546,705;Centro Local
29;BA;2915353;Itaguaçu da Bahia;14311;4310,238;Centro Local
11;RO;1101559;Teixeirópolis;4384;459,978;Centro Local
27;AL;2702009;Coité do Nóia;10744;88,759;Centro Local
26;PE;2612554;Santa Filomena;14390;1005,341;Centro Local
43;RS;4311981;Mariana Pimentel;3881;338,450;Centro Local
42;SC;4212650;Pescaria Brava;10022;106,853;Centro Local
23;CE;2303659;Catunda;10437;790,705;Centro Local
43;RS;4313490;Novo Barreiro;4154;123,344;Centro Local
31;MG;3144409;Natércia;4731;188,719;Centro Local
29;BA;2903235;Barro Alto;14802;414,510;Centro Local
31;MG;3115706;Central de Minas;7017;204,328;Centro Local
23;CE;2305266;Ibaretama;13317;877,256;Centro Local
35;SP;3535903;Paranapuã;4061;140,354;Centro Local
31;MG;3120409;Cristiano Otoni;5145;132,872;Centro Local
42;SC;4217758;Sul Brasil;2500;112,959;Centro Local
35;SP;3532058;Motuca;4720;228,700;Centro Local
52;GO;5216007;Panamá;2627;433,817;Centro Local
29;BA;2902658;Banzaê;13217;409,507;Centro Local
24;RN;2403806;Florânia;9121;504,797;Centro Local
41;PR;4125456;São José das Palmeiras;3682;182,419;Centro Local
31;MG;3159357;Santa Rita de Minas;7155;68,153;Centro Local
43;RS;4318440;São Jorge;2757;117,380;Centro Local
52;GO;5200852;Americano do Brasil;6057;133,563;Centro Local
35;SP;3505351;Barra do Chapéu;5688;405,681;Centro Local
43;RS;4312955;Nova Boa Vista;1798;93,733;Centro Local
52;GO;5204854;Campo Limpo de Goiás;7636;159,557;Centro Local
52;GO;5213509;Monte Alegre de Goiás;8527;3119,808;Centro Local
43;RS;4313391;Novo Cabrais;4169;192,998;Centro Local
31;MG;3156601;Rubim;10226;965,174;Centro Local
31;MG;3155306;Rio Manso;5783;231,540;Centro Local
23;CE;2303907;Chaval;13047;237,418;Centro Local
29;BA;2922052;Mulungu do Morro;11114;646,621;Centro Local
41;PR;4113254;Laranjal;5921;559,439;Centro Local
29;BA;2906857;Capela do Alto Alegre;11660;629,586;Centro Local
31;MG;3119500;Coronel Murta;9228;815,413;Centro Local
43;RS;4318499;São José do Inhacorá;2091;78,039;Centro Local
23;CE;2305332;Ibicuitinga;12419;424,915;Centro Local
29;BA;2933257;Vereda;6258;782,141;Centro Local
26;PE;2604155;Casinhas;14313;115,868;Centro Local
31;MG;3149952;Periquito;6847;228,907;Centro Local
31;MG;3141900;Minduri;3896;219,774;Centro Local
17;TO;1707405;Esperantina;10851;504,023;Centro Local
42;SC;4212601;Peritiba;2814;95,639;Centro Local
29;BA;2912004;Ibiassucê;9427;483,274;Centro Local
43;RS;4309753;Ibarama;4412;195,426;Centro Local
29;BA;2925402;Potiraguá;7549;1111,567;Centro Local
35;SP;3508306;Cabrália Paulista;4286;239,974;Centro Local
29;BA;2915700;Itamari;8069;143,479;Centro Local
28;SE;2804300;Muribeca;7610;74,315;Centro Local
43;RS;4302659;Brochier;5043;105,353;Centro Local
42;SC;4205605;Galvão;2956;139,341;Centro Local
43;RS;4322525;Vale Verde;3479;329,727;Centro Local
42;SC;4215208;Romelândia;4890;222,897;Centro Local
35;SP;3505401;Barra do Turvo;7687;1007,684;Centro Local
41;PR;4103479;Cafezal do Sul;4080;335,392;Centro Local
31;MG;3145877;Orizânia;7954;121,800;Centro Local
25;PB;2515104;São Sebastião de Lagoa de Roça;11753;49,964;Centro Local
25;PB;2511806;Pirpirituba;10572;79,844;Centro Local
26;PE;2614303;Moreilândia;11270;404,287;Centro Local
35;SP;3553104;Taiaçu;6268;107,059;Centro Local
31;MG;3149150;Pedras de Maria da Cruz;11453;1525,493;Centro Local
43;RS;4305371;Charrua;3306;198,556;Centro Local
31;MG;3102852;Angelândia;8481;185,211;Centro Local
29;BA;2933109;Várzea do Poço;9130;206,478;Centro Local
41;PR;4115457;Marquinho;4472;509,632;Centro Local
31;MG;3172103;Volta Grande;5243;205,552;Centro Local
15;PA;1500131;Abel Figueiredo;7382;614,131;Centro Local
26;PE;2604304;Cedro;11722;148,746;Centro Local
29;BA;2916609;Itapitanga;10328;420,664;Centro Local
24;RN;2410405;Pureza;9516;504,295;Centro Local
15;PA;1501253;Bannach;3310;2956,649;Centro Local
51;MT;5107206;Rio Branco;5159;561,641;Centro Local
21;MA;2106631;Matões do Norte;16451;794,651;Centro Local
26;PE;2606903;Iguaracy;12209;838,132;Centro Local
43;RS;4302600;Braga;3397;128,992;Centro Local
23;CE;2307205;Jati;7902;353,298;Centro Local
43;RS;4310652;Itati;2441;206,910;Centro Local
41;PR;4101853;Ariranha do Ivaí;2151;239,562;Centro Local
26;PE;2612471;Santa Cruz da Baixa Verde;12531;114,932;Centro Local
29;BA;2913804;Ipecaetá;14625;372,565;Centro Local
41;PR;4113429;Lidianópolis;3391;154,361;Centro Local
27;AL;2701209;Cacimbinhas;10730;273,767;Centro Local
43;RS;4315552;Rio dos Índios;2849;235,854;Centro Local
26;PE;2611200;Poção;11299;204,329;Centro Local
52;GO;5213905;Mossâmedes;4377;684,452;Centro Local
31;MG;3157252;Santa Bárbara do Leste;8113;107,402;Centro Local
23;CE;2310407;Paramoti;11664;482,592;Centro Local
26;PE;2609204;Maraial;11473;199,865;Centro Local
29;BA;2911006;Floresta Azul;10686;321,013;Centro Local
17;TO;1706001;Couto Magalhães;5536;1585,786;Centro Local
29;BA;2929370;São José do Jacuípe;10417;362,365;Centro Local
31;MG;3101409;Albertina;3003;58,010;Centro Local
29;BA;2926905;Rio do Pires;11645;656,223;Centro Local
31;MG;3162609;São João do Oriente;7553;120,122;Centro Local
25;PB;2515971;Sobrado;7751;61,743;Centro Local
43;RS;4307864;Fagundes Varela;2721;134,295;Centro Local
29;BA;2914307;Iramaia;8893;1708,115;Centro Local
31;MG;3143807;Munhoz;6065;191,564;Centro Local
23;CE;2308377;Miraíma;13669;699,964;Centro Local
22;PI;2205003;Itainópolis;11507;827,621;Centro Local
17;TO;1715705;Palmeirante;5919;2640,816;Centro Local
35;SP;3512605;Coronel Macedo;4728;303,830;Centro Local
43;RS;4306320;Derrubadas;2852;360,851;Centro Local
25;PB;2505709;Dona Inês;10429;166,128;Centro Local
25;PB;2501401;Baía da Traição;8933;102,640;Centro Local
29;BA;2924678;Piraí do Norte;10007;193,427;Centro Local
24;RN;2401305;Augusto Severo;9638;896,954;Centro Local
24;RN;2414100;Tenente Ananias;10715;223,671;Centro Local
21;MA;2100873;Araguanã;15297;805,193;Centro Local
42;SC;4203154;Calmon;3357;634,567;Centro Local
31;MG;3134103;Itueta;6039;452,676;Centro Local
29;BA;2905156;Caetanos;15524;877,650;Centro Local
42;SC;4213351;Ponte Alta do Norte;3408;396,882;Centro Local
42;SC;4209805;Leoberto Leal;3083;292,846;Centro Local
29;BA;2924652;Pintadas;10482;647,144;Centro Local
21;MA;2105351;Itaipava do Grajaú;15897;1238,914;Centro Local
29;BA;2930006;Sebastião Laranjeiras;11351;1984,511;Centro Local
25;PB;2509909;Natuba;10458;203,387;Centro Local
29;BA;2920809;Marcionílio Souza;10434;1099,384;Centro Local
35;SP;3539707;Platina;3521;327,480;Centro Local
31;MG;3101805;Alpercata;7411;166,972;Centro Local
42;SC;4217105;São Martinho;3189;223,889;Centro Local
52;GO;5212709;Mambaí;8680;847,129;Centro Local
15;PA;1501758;Brejo Grande do Araguaia;7392;1288,477;Centro Local
21;MA;2110278;Santo Amaro do Maranhão;15654;1584,832;Centro Local
35;SP;3541109;Presidente Alves;4108;286,642;Centro Local
42;SC;4202875;Brunópolis;2473;336,294;Centro Local
24;RN;2402402;Carnaúba dos Dantas;8119;246,308;Centro Local
26;PE;2612802;Santa Terezinha;11764;200,320;Centro Local
28;SE;2800704;Brejo Grande;8264;143,887;Centro Local
52;GO;5219357;Santa Isabel;3803;807,204;Centro Local
17;TO;1717909;Ponte Alta do Tocantins;7961;6491,125;Centro Local
43;RS;4320859;Tabaí;4667;94,754;Centro Local
23;CE;2311207;Potengi;10986;338,727;Centro Local
41;PR;4115739;Mato Rico;3340;394,533;Centro Local
35;SP;3557154;Zacarias;2684;319,056;Centro Local
22;PI;2207603;Parnaguá;10762;3429,282;Centro Local
31;MG;3116001;Chalé;5709;212,674;Centro Local
29;BA;2922755;Nova Ibiá;6631;203,198;Centro Local
25;PB;2509057;Marcação;8460;123,832;Centro Local
41;PR;4110656;Iracema do Oeste;2325;81,538;Centro Local
31;MG;3138500;Liberdade;5109;401,337;Centro Local
25;PB;2511103;Pedra Lavrada;7766;337,220;Centro Local
17;TO;1703206;Bernardo Sayão;4469;926,888;Centro Local
43;RS;4321634;Três Arroios;2693;148,601;Centro Local
24;RN;2413409;Serra Negra do Norte;8065;562,396;Centro Local
22;PI;2208502;Porto;12526;253,210;Centro Local
21;MA;2109403;Primeira Cruz;15197;1334,726;Centro Local
41;PR;4117206;Nova Olímpia;5785;136,347;Centro Local
21;MA;2101772;Bela Vista do Maranhão;11138;147,954;Centro Local
22;PI;2202083;Cajueiro da Praia;7608;271,165;Centro Local
31;MG;3130051;Icaraí de Minas;11879;625,664;Centro Local
25;PB;2500106;Água Branca;10161;236,608;Centro Local
35;SP;3540101;Pongaí;3432;183,399;Centro Local
43;RS;4309159;Gramado Xavier;4297;217,525;Centro Local
26;PE;2603306;Calçado;11089;121,945;Centro Local
51;MT;5106208;Nova Brasilândia;3928;3278,861;Centro Local
31;MG;3135605;Jequitaí;7597;1268,443;Centro Local
31;MG;3144656;Ninheira;10263;1108,255;Centro Local
22;PI;2206100;Matias Olímpio;10913;226,375;Centro Local
31;MG;3138708;Luminárias;5454;500,143;Centro Local
31;MG;3145356;Novo Oriente de Minas;10731;755,151;Centro Local
22;PI;2202406;Capitão de Campos;11388;569,889;Centro Local
29;BA;2907004;Cardeal da Silva;9240;293,456;Centro Local
12;AC;1200328;Jordão;8159;5357,282;Centro Local
29;BA;2925709;Presidente Jânio Quadros;12505;1209,166;Centro Local
41;PR;4123956;Santa Mônica;3944;259,957;Centro Local
31;MG;3108255;Bonito de Minas;11088;3936,455;Centro Local
35;SP;3540259;Pontalinda;4580;209,525;Centro Local
24;RN;2407401;Martins;8692;169,464;Centro Local
29;BA;2930766;Sítio do Quinto;10316;700,166;Centro Local
41;PR;4113759;Lunardelli;4845;199,213;Centro Local
26;PE;2603926;Carnaubeira da Penha;12836;1004,667;Centro Local
31;MG;3114600;Carrancas;4044;727,894;Centro Local
52;GO;5201454;Aparecida do Rio Doce;2474;602,133;Centro Local
43;RS;4306130;Cruzaltense;1870;166,883;Centro Local
24;RN;2401701;Bom Jesus;10152;122,035;Centro Local
23;CE;2305654;Ipaporanga;11587;702,126;Centro Local
24;RN;2411056;Tibau;4071;169,365;Centro Local
43;RS;4316733;Santa Cecília do Sul;1644;200,056;Centro Local
22;PI;2206720;Nazária;8536;364,525;Centro Local
35;SP;3536802;Pedra Bela;6075;158,587;Centro Local
17;TO;1701101;Aparecida do Rio Negro;4741;1160,368;Centro Local
31;MG;3122900;Dona Eusébia;6523;70,231;Centro Local
43;RS;4318432;São João do Polêsine;2561;78,320;Centro Local
23;CE;2303931;Choró;13476;815,770;Centro Local
31;MG;3138906;Machacalis;7110;332,378;Centro Local
21;MA;2100154;Água Doce do Maranhão;12488;443,267;Centro Local
41;PR;4117214;Nova Santa Bárbara;4220;71,764;Centro Local
52;GO;5215256;Novo Planalto;4445;1242,964;Centro Local
23;CE;2300101;Abaiara;11663;180,080;Centro Local
17;TO;1716653;Pequizeiro;5443;1209,798;Centro Local
43;RS;4314498;Pinheirinho do Vale;4842;105,535;Centro Local
25;PB;2516805;Triunfo;9466;219,866;Centro Local
43;RS;4309258;Guabiju;1516;146,528;Centro Local
51;MT;5101001;Araguaiana;3119;6422,966;Centro Local
22;PI;2208106;Pimenteiras;12115;4562,900;Centro Local
29;BA;2919058;Lajedo do Tabocal;8546;382,937;Centro Local
31;MG;3163805;São Miguel do Anta;6933;152,111;Centro Local
31;MG;3138674;Luisburgo;6275;145,418;Centro Local
35;SP;3517307;Guaimbê;5743;217,811;Centro Local
43;RS;4305116;Centenário;2905;134,230;Centro Local
29;BA;2933406;Wagner;9347;522,370;Centro Local
25;PB;2506707;Imaculada;11790;316,984;Centro Local
31;MG;3129608;Ibiaí;8351;874,760;Centro Local
26;PE;2610103;Palmeirina;7789;168,796;Centro Local
51;MT;5107198;Ribeirãozinho;2388;625,806;Centro Local
23;CE;2308807;Moraújo;8689;415,633;Centro Local
41;PR;4103156;Bom Jesus do Sul;3577;173,817;Centro Local
35;SP;3520707;Indiaporã;3908;279,606;Centro Local
25;PB;2500775;Aparecida;8337;295,705;Centro Local
31;MG;3148756;Pedra Bonita;7065;173,928;Centro Local
25;PB;2516409;Tacima;10887;246,005;Centro Local
29;BA;2907400;Catolândia;3555;703,367;Centro Local
15;PA;1502608;Colares;12040;384,069;Centro Local
31;MG;3107703;Bom Jesus do Amparo;6031;195,611;Centro Local
43;RS;4317954;Santo Expedito do Sul;2343;125,586;Centro Local
31;MG;3165552;Setubinha;12134;534,655;Centro Local
31;MG;3123809;Engenheiro Navarro;7244;608,306;Centro Local
29;BA;2928505;Santa Terezinha;10345;719,257;Centro Local
22;PI;2202505;Caracol;10866;1610,957;Centro Local
31;MG;3127305;Galiléia;6844;720,355;Centro Local
26;PE;2601508;Belém de Maria;12023;75,142;Centro Local
23;CE;2311009;Poranga;12334;1309,259;Centro Local
35;SP;3525854;Jumirim;3315;56,685;Centro Local
31;MG;3138005;Laranjal;6786;204,882;Centro Local
31;MG;3158805;Santana do Jacaré;4807;106,169;Centro Local
26;PE;2601805;Betânia;12671;1244,074;Centro Local
41;PR;4100459;Altamira do Paraná;2209;386,945;Centro Local
52;GO;5205208;Caturaí;5038;205,078;Centro Local
17;TO;1703107;Barrolândia;5614;713,300;Centro Local
35;SP;3515194;Espírito Santo do Turvo;4779;193,666;Centro Local
31;MG;3165701;Senador Firmino;7764;166,495;Centro Local
24;RN;2410306;Serra Caiada;10266;217,540;Centro Local
28;SE;2802700;Ilha das Flores;8519;54,604;Centro Local
21;MA;2104503;Governador Archer;10793;445,856;Centro Local
21;MA;2109551;Ribamar Fiquene;7755;733,830;Centro Local
29;BA;2907707;Chorrochó;11154;3005,319;Centro Local
21;MA;2104909;Guimarães;12063;479,569;Centro Local
51;MT;5107263;Santo Afonso;3136;1174,212;Centro Local
25;PB;2509008;Manaíra;11092;352,570;Centro Local
29;BA;2919603;Macajuba;11364;701,170;Centro Local
41;PR;4111308;Itaúna do Sul;2951;128,870;Centro Local
21;MA;2108405;Peri Mirim;14291;398,721;Centro Local
43;RS;4314456;Pinhal;2577;68,222;Centro Local
43;RS;4312377;Monte Alegre dos Campos;3220;549,639;Centro Local
22;PI;2201101;Avelino Lopes;11252;1218,073;Centro Local
25;PB;2508000;Juru;9886;403,279;Centro Local
51;MT;5106455;Planalto da Serra;2676;2442,452;Centro Local
24;RN;2402105;Campo Redondo;11142;213,727;Centro Local
31;MG;3119005;Cordislândia;3534;179,543;Centro Local
51;MT;5103957;Glória D'Oeste;3045;833,612;Centro Local
29;BA;2916708;Itaquara;8288;344,093;Centro Local
51;MT;5100102;Acorizal;5424;1014,029;Centro Local
31;MG;3148202;Patrocínio do Muriaé;5652;108,246;Centro Local
42;SC;4204194;Chapadão do Lageado;2969;124,412;Centro Local
42;SC;4202438;Bocaina do Sul;3460;511,101;Centro Local
21;MA;2103158;Centro do Guilherme;13243;1167,848;Centro Local
27;AL;2702504;Dois Riachos;11054;139,851;Centro Local
29;BA;2923035;Novo Horizonte;12241;627,500;Centro Local
25;PB;2507804;Junco do Seridó;7104;170,420;Centro Local
23;CE;2307908;Martinópole;11143;298,962;Centro Local
27;AL;2701902;Chã Preta;7319;169,464;Centro Local
41;PR;4123105;Santa Amélia;3385;78,045;Centro Local
29;BA;2922730;Nova Fátima;7802;346,785;Centro Local
31;MG;3148509;Pavão;8481;601,190;Centro Local
31;MG;3160801;São Bento Abade;5220;80,403;Centro Local
31;MG;3166006;Senhora de Oliveira;5786;170,749;Centro Local
31;MG;3160108;Santo Antônio do Grama;3937;130,213;Centro Local
23;CE;2304905;Groaíras;11076;155,947;Centro Local
27;AL;2706109;Ouro Branco;11456;196,561;Centro Local
17;TO;1720499;São Valério;4017;2519,585;Centro Local
35;SP;3545100;Salmourão;5262;172,934;Centro Local
16;AP;1600212;Cutias;5864;2179,114;Centro Local
15;PA;1507961;Terra Alta;11591;204,970;Centro Local
31;MG;3164506;São Sebastião do Maranhão;10129;517,830;Centro Local
25;PB;2517001;Umbuzeiro;9902;186,554;Centro Local
31;MG;3162450;São João das Missões;12899;678,274;Centro Local
35;SP;3513306;Cruzália;2100;149,330;Centro Local
51;MT;5107578;Rondolândia;3966;12670,908;Centro Local
43;RS;4317558;Santo Antônio do Palma;2134;126,094;Centro Local
35;SP;3527702;Luiziânia;5723;166,576;Centro Local
21;MA;2104305;Godofredo Viana;11672;720,129;Centro Local
31;MG;3121803;Dionísio;7852;339,375;Centro Local
26;PE;2615904;Tuparetama;8192;178,570;Centro Local
43;RS;4322152;Tunas;4560;217,674;Centro Local
31;MG;3105707;Barra Longa;5250;383,628;Centro Local
22;PI;2203404;Dom Expedito Lopes;6884;218,710;Centro Local
21;MA;2105948;Lago dos Rodrigues;8889;220,776;Centro Local
11;RO;1100908;Castanheiras;3119;892,842;Centro Local
25;PB;2509800;Mulungu;9878;195,314;Centro Local
35;SP;3505005;Barão de Antonina;3441;153,142;Centro Local
43;RS;4320578;Sete de Setembro;1990;129,276;Centro Local
29;BA;2904506;Brotas de Macaúbas;10341;2370,486;Centro Local
31;MG;3104809;Augusto de Lima;4888;1254,832;Centro Local
21;MA;2105963;Lagoa Grande do Maranhão;11320;744,201;Centro Local
22;PI;2204808;Ipiranga do Piauí;9782;529,417;Centro Local
22;PI;2200707;Anísio de Abreu;9818;337,877;Centro Local
43;RS;4313086;Nova Pádua;2548;102,729;Centro Local
43;RS;4311122;Jaquirana;3773;908,838;Centro Local
24;RN;2404101;Galinhos;2726;340,769;Centro Local
52;GO;5210604;Itaguaru;5269;239,677;Centro Local
35;SP;3528304;Magda;3136;312,282;Centro Local
41;PR;4119657;Pitangueiras;3185;123,229;Centro Local
31;MG;3111903;Cana Verde;5612;212,721;Centro Local
43;RS;4305587;Colinas;2442;58,373;Centro Local
29;BA;2901957;Apuarema;7360;150,830;Centro Local
43;RS;4305132;Cerro Branco;4676;158,025;Centro Local
41;PR;4115507;Marumbi;4681;208,470;Centro Local
52;GO;5206305;Cristianópolis;2968;225,359;Centro Local
31;MG;3136603;Nova União;5718;172,131;Centro Local
17;TO;1718840;Sandolândia;3378;3528,631;Centro Local
27;AL;2704609;Maravilha;9326;332,374;Centro Local
31;MG;3150406;Piedade dos Gerais;4955;259,638;Centro Local
29;BA;2902302;Aratuípe;8813;174,012;Centro Local
24;RN;2403707;Felipe Guerra;5972;268,591;Centro Local
25;PB;2512804;Riacho dos Cavalos;8587;264,025;Centro Local
43;RS;4307450;Esperança do Sul;2969;148,909;Centro Local
25;PB;2514909;São Mamede;7745;530,728;Centro Local
29;BA;2921054;Matina;12116;773,278;Centro Local
21;MA;2104073;Feira Nova do Maranhão;8481;1473,414;Centro Local
42;SC;4215356;Saltinho;3808;156,590;Centro Local
21;MA;2105989;Lajeado Novo;7496;1064,455;Centro Local
22;PI;2204659;Ilha Grande;9394;134,015;Centro Local
21;MA;2105807;Lago do Junco;10808;328,525;Centro Local
35;SP;3530904;Mombuca;3478;133,698;Centro Local
17;TO;1702158;Araguanã;5663;836,030;Centro Local
41;PR;4128633;Doutor Ulysses;5609;777,482;Centro Local
17;TO;1713809;Palmeiras do Tocantins;6570;747,898;Centro Local
29;BA;2923506;Palmeiras;8961;737,454;Centro Local
21;MA;2105922;Lagoa do Mato;11235;1512,985;Centro Local
25;PB;2508208;Lagoa de Dentro;7643;84,508;Centro Local
43;RS;4306700;Dona Francisca;3086;114,149;Centro Local
31;MG;3126752;Franciscópolis;5446;717,087;Centro Local
29;BA;2924702;Piripá;10952;511,756;Centro Local
24;RN;2403509;Espírito Santo;10527;135,838;Centro Local
29;BA;2906899;Caraíbas;9107;805,629;Centro Local
24;RN;2412807;São Rafael;8212;469,101;Centro Local
31;MG;3135902;Jesuânia;4795;153,852;Centro Local
35;SP;3532306;Natividade da Serra;6681;833,372;Centro Local
31;MG;3109808;Cachoeira Dourada;2677;200,928;Centro Local
29;BA;2904803;Caatiba;7043;512,436;Centro Local
32;ES;3201803;Divino de São Lourenço;4338;174,039;Centro Local
13;AM;1300060;Amaturá;11332;4754,109;Centro Local
43;RS;4321493;Toropi;2827;203,002;Centro Local
42;SC;4214151;Princesa;2911;85,598;Centro Local
42;SC;4218954;Urupema;2472;350,472;Centro Local
43;RS;4300554;Alto Alegre;1663;115,335;Centro Local
27;AL;2701506;Campo Grande;9549;169,988;Centro Local
25;PB;2505808;Arranjo Populacional de Duas Estradas - Serra da Raiz/PB;6751;55,344;Centro Local
42;SC;4215554;Santa Helena;2247;81,004;Centro Local
41;PR;4125902;São Pedro do Paraná;2338;250,654;Centro Local
17;TO;1720978;Talismã;2773;2156,894;Centro Local
31;MG;3105301;Bandeira do Sul;5713;47,266;Centro Local
27;AL;2700904;Belo Monte;6696;335,047;Centro Local
17;TO;1708304;Goianorte;5116;1800,983;Centro Local
27;AL;2706000;Olivença;11591;175,708;Centro Local
23;CE;2304269;Deputado Irapuan Pinheiro;9585;470,425;Centro Local
41;PR;4124301;Santo Antônio do Paraíso;2144;165,904;Centro Local
21;MA;2111722;Satubinha;13730;441,811;Centro Local
29;BA;2928950;São Domingos;9042;289,963;Centro Local
29;BA;2915403;Itaju do Colônia;6770;1225,287;Centro Local
31;MG;3122454;Divisópolis;10820;572,926;Centro Local
23;CE;2301257;Ararendá;10901;344,131;Centro Local
31;MG;3141207;Matutina;3758;260,957;Centro Local
43;RS;4302253;Boa Vista do Sul;2788;92,926;Centro Local
15;PA;1504109;Magalhães Barata;8523;323,984;Centro Local
27;AL;2703502;Jacuípe;7036;208,738;Centro Local
24;RN;2404853;Itajá;7501;203,622;Centro Local
16;AP;1600253;Itaubal;5387;1622,867;Centro Local
15;PA;1505494;Palestina do Pará;7596;984,362;Centro Local
31;MG;3169109;Toledo;6217;136,776;Centro Local
31;MG;3100807;Aguanil;4448;232,091;Centro Local
42;SC;4200051;Abdon Batista;2577;237,164;Centro Local
43;RS;4322855;Vespasiano Corrêa;1835;113,816;Centro Local
35;SP;3518909;Guzolândia;5226;252,477;Centro Local
16;AP;1600055;Serra do Navio;5306;7713,046;Centro Local
43;RS;4319752;São Vendelino;2219;32,090;Centro Local
43;RS;4308052;Faxinalzinho;2346;143,321;Centro Local
21;MA;2111904;Sucupira do Norte;10639;1074,435;Centro Local
21;MA;2103901;Duque Bacelar;11296;317,921;Centro Local
29;BA;2911501;Gongogi;7276;202,193;Centro Local
43;RS;4323705;Vista Gaúcha;2847;90,021;Centro Local
52;GO;5206503;Cromínia;3500;364,105;Centro Local
29;BA;2900108;Abaíra;8767;538,677;Centro Local
24;RN;2403400;Equador;6036;264,985;Centro Local
43;RS;4314753;Poço das Antas;2094;67,571;Centro Local
27;AL;2708204;São Brás;6953;139,945;Centro Local
22;PI;2201606;Beneditinos;10462;934,843;Centro Local
24;RN;2405108;Jandaíra;6863;442,754;Centro Local
43;RS;4319364;São Pedro das Missões;2000;79,965;Centro Local
23;CE;2310001;Palhano;9348;440,381;Centro Local
27;AL;2705804;Olho d'Água do Casado;9303;321,430;Centro Local
17;TO;1701309;Aragominas;5786;1173,035;Centro Local
17;TO;1718303;Praia Norte;8365;289,054;Centro Local
25;PB;2503803;Caldas Brandão;5982;55,854;Centro Local
29;BA;2901809;Antônio Gonçalves;11715;345,283;Centro Local
28;SE;2803708;Macambira;6877;137,529;Centro Local
31;MG;3163508;São José do Jacuri;6477;345,146;Centro Local
31;MG;3146701;Palma;6621;316,476;Centro Local
22;PI;2204204;Francisco Santos;9262;491,865;Centro Local
31;MG;3162575;São João do Manteninha;5798;137,928;Centro Local
35;SP;3551207;Sarutaiá;3646;141,608;Centro Local
31;MG;3126505;Francisco Badaró;10343;461,481;Centro Local
15;PA;1506401;Santa Cruz do Arari;9939;1076,652;Centro Local
24;RN;2407005;Luís Gomes;10086;166,638;Centro Local
35;SP;3552007;Silveiras;6264;414,782;Centro Local
25;PB;2515401;São Vicente do Seridó;10728;264,675;Centro Local
41;PR;4103404;Cafeara;2914;185,800;Centro Local
43;RS;4321626;Travesseiro;2339;80,533;Centro Local
31;MG;3146255;Padre Carvalho;6332;446,275;Centro Local
22;PI;2208650;Queimada Nova;8966;1284,674;Centro Local
24;RN;2407609;Messias Targino;4568;135,097;Centro Local
28;SE;2806404;Santana do São Francisco;7714;45,105;Centro Local
31;MG;3116506;Claro dos Poções;7590;720,424;Centro Local
22;PI;2200608;Arranjo Populacional de Angical do Piauí/PI;8947;256,728;Centro Local
42;SC;4202081;Bandeirante;2708;147,993;Centro Local
51;MT;5107750;Salto do Céu;3437;1754,501;Centro Local
26;PE;2615201;Terra Nova;9983;318,709;Centro Local
43;RS;4310702;Itatiba do Sul;3420;212,669;Centro Local
21;MA;2111748;Senador Alexandre Costa;11067;426,437;Centro Local
41;PR;4110052;Iguatu;2258;106,937;Centro Local
21;MA;2100402;Altamira do Maranhão;8066;524,373;Centro Local
21;MA;2102150;Brejo de Areia;9367;986,036;Centro Local
26;PE;2616100;Verdejante;9514;476,039;Centro Local
24;RN;2405306;Januário Cicco;10087;170,737;Centro Local
27;AL;2706604;Paulo Jacinto;7568;118,457;Centro Local
43;RS;4312443;Morrinhos do Sul;2979;165,512;Centro Local
41;PR;4106555;Corumbataí do Sul;3313;164,341;Centro Local
29;BA;2903102;Barra do Rocha;5821;214,411;Centro Local
21;MA;2104651;Governador Newton Bello;10211;1144,074;Centro Local
43;RS;4304697;Capitão;2750;73,967;Centro Local
29;BA;2901502;Anguera;11142;187,840;Centro Local
17;TO;1705557;Combinado;4843;209,572;Centro Local
21;MA;2111789;Serrano do Maranhão;10206;1165,318;Centro Local
27;AL;2706422;Pariconha;10527;254,719;Centro Local
41;PR;4120200;Porto Rico;2561;217,676;Centro Local
16;AP;1600550;Pracuúba;4993;4948,511;Centro Local
25;PB;2509503;Montadas;5598;31,691;Centro Local
52;GO;5213772;Montividiu do Norte;4449;1332,996;Centro Local
17;TO;1705102;Chapada da Natividade;3334;1646,472;Centro Local
31;MG;3156106;Ritápolis;4648;404,805;Centro Local
29;BA;2906105;Canápolis;9719;460,388;Centro Local
35;SP;3547106;Santa Mercedes;2935;166,753;Centro Local
25;PB;2514404;São José de Espinharas;4665;725,656;Centro Local
23;CE;2306207;Itaiçaba;7787;212,109;Centro Local
12;AC;1200435;Santa Rosa do Purus;6362;6145,612;Centro Local
28;SE;2804706;Nossa Senhora de Lourdes;6470;81,197;Centro Local
21;MA;2107209;Nina Rodrigues;14264;542,373;Centro Local
31;MG;3171071;Veredinha;5712;631,692;Centro Local
51;MT;5106174;Nova Nazaré;3765;4037,501;Centro Local
28;SE;2805208;Pinhão;6523;156,330;Centro Local
31;MG;3167004;Arranjo Populacional de Serranos - Seritinga/MG;3818;327,942;Centro Local
35;SP;3548401;Santópolis do Aguapeí;4736;128,026;Centro Local
35;SP;3507456;Borebi;2621;347,989;Centro Local
29;BA;2915908;Itanagra;6445;534,060;Centro Local
21;MA;2107001;Montes Altos;9209;1488,336;Centro Local
41;PR;4117297;Novo Itacolomi;2848;161,411;Centro Local
43;RS;4322376;Unistalda;2354;602,387;Centro Local
17;TO;1716307;Pau D'Arco;4831;1377,406;Centro Local
31;MG;3120870;Curral de Dentro;7656;570,950;Centro Local
17;TO;1707553;Fátima;3841;382,907;Centro Local
52;GO;5208103;Formoso;4325;844,289;Centro Local
28;SE;2802601;Gracho Cardoso;5811;242,679;Centro Local
51;MT;5104500;Indiavaí;2725;592,639;Centro Local
29;BA;2921609;Morpará;8542;2093,872;Centro Local
21;MA;2110237;Santana do Maranhão;13223;932,022;Centro Local
31;MG;3161403;São Francisco do Glória;4889;164,613;Centro Local
24;RN;2410900;Riachuelo;8034;262,887;Centro Local
51;MT;5108352;Vale de São Domingos;3128;1887,669;Centro Local
42;SC;4205555;Frei Rogério;2077;159,435;Centro Local
25;PB;2502706;Borborema;5395;25,979;Centro Local
15;PA;1505601;Peixe-Boi;8073;450,222;Centro Local
25;PB;2511608;Pilões;6680;64,446;Centro Local
42;SC;4210555;Marema;1846;103,989;Centro Local
25;PB;2505402;Desterro;8279;179,387;Centro Local
51;MT;5106273;Novo Horizonte do Norte;3985;898,499;Centro Local
29;BA;2903300;Barro Preto;5743;201,585;Centro Local
51;MT;5103809;Figueirópolis D'Oeste;3537;888,106;Centro Local
43;RS;4318051;São Domingos do Sul;3065;78,670;Centro Local
52;GO;5206602;Cumari;2871;570,543;Centro Local
25;PB;2501575;Barra de Santana;8249;374,374;Centro Local
43;RS;4322343;Ubiretama;2049;125,956;Centro Local
31;MG;3159001;Santana do Riacho;4274;677,207;Centro Local
42;SC;4201109;Anitápolis;3236;540,636;Centro Local
22;PI;2206696;Murici dos Portelas;9105;480,567;Centro Local
31;MG;3115003;Cascalho Rico;3057;367,308;Centro Local
29;BA;2921450;Mirante;8844;1172,861;Centro Local
23;CE;2300507;Alcântaras;11529;138,605;Centro Local
22;PI;2203230;Currais;4939;3156,657;Centro Local
17;TO;1718758;Rio Sono;6468;6354,367;Centro Local
31;MG;3150109;Piau;2763;192,196;Centro Local
35;SP;3516507;Gabriel Monteiro;2776;138,681;Centro Local
31;MG;3121308;Descoberto;4996;213,168;Centro Local
35;SP;3543501;Riversul;5607;385,878;Centro Local
29;BA;2925931;Quixabeira;8990;366,387;Centro Local
43;RS;4319737;São Valério do Sul;2724;107,402;Centro Local
52;GO;5210562;Itaguari;4668;146,638;Centro Local
25;PB;2502003;Belém do Brejo do Cruz;7335;601,167;Centro Local
24;RN;2407302;Marcelino Vieira;8358;345,711;Centro Local
31;MG;3110103;Caiana;5450;106,465;Centro Local
13;AM;1302108;Japurá;3265;55827,207;Centro Local
29;BA;2924900;Planaltino;9272;955,356;Centro Local
52;GO;5214101;Mutunópolis;3793;955,875;Centro Local
17;TO;1712702;Mateiros;2638;9681,658;Centro Local
31;MG;3150570;Pintópolis;7490;1228,736;Centro Local
31;MG;3129400;Ibertioga;5033;346,240;Centro Local
42;SC;4219150;Vargem;2522;350,606;Centro Local
41;PR;4122107;Rio Bom;3225;177,836;Centro Local
29;BA;2918902;Lajedão;3934;624,353;Centro Local
41;PR;4118303;Paranapoema;3164;175,875;Centro Local
26;PE;2616183;Vertente do Lério;7666;73,631;Centro Local
29;BA;2910305;Elísio Medrado;8119;179,329;Centro Local
43;RS;4306759;Doutor Ricardo;1994;108,728;Centro Local
52;GO;5215207;Novo Brasil;2985;649,954;Centro Local
22;PI;2208700;Redenção do Gurguéia;8758;2468,007;Centro Local
31;MG;3138658;Lontra;9008;258,874;Centro Local
31;MG;3165578;Senador Amaral;5352;151,097;Centro Local
41;PR;4128302;Uniflor;2595;94,819;Centro Local
43;RS;4310413;Inhacorá;2235;113,749;Centro Local
25;PB;2507408;Jericó;7732;179,311;Centro Local
52;GO;5208301;Divinópolis de Goiás;4830;830,971;Centro Local
31;MG;3125606;Felisburgo;7409;596,215;Centro Local
31;MG;3120607;Crucilândia;5014;167,164;Centro Local
42;SC;4215752;São Bernardino;2386;150,060;Centro Local
11;RO;1101476;Primavera de Rondônia;2939;605,692;Centro Local
35;SP;3532108;Murutinga do Sul;4466;250,873;Centro Local
24;RN;2413003;São Vicente;6397;197,817;Centro Local
31;MG;3140555;Mata Verde;8526;227,539;Centro Local
31;MG;3144672;Nova Belém;3255;146,775;Centro Local
24;RN;2406601;Lagoa Salgada;8192;79,128;Centro Local
26;PE;2612109;Salgadinho;10768;87,217;Centro Local
43;RS;4316428;Sagrada Família;2613;77,889;Centro Local
31;MG;3130655;Indaiabira;7363;1004,149;Centro Local
52;GO;5221908;Varjão;3816;519,194;Centro Local
41;PR;4120309;Porto Vitória;4068;213,013;Centro Local
43;RS;4314555;Pirapó;2357;293,723;Centro Local
31;MG;3132008;Itacambira;5353;1788,445;Centro Local
42;SC;4211892;Painel;2363;738,560;Centro Local
17;TO;1712009;Lajeado;3101;322,485;Centro Local
28;SE;2802205;Feira Nova;5567;183,273;Centro Local
25;PB;2515005;São Miguel de Taipu;7124;92,526;Centro Local
42;SC;4204152;Celso Ramos;2738;208,698;Centro Local
43;RS;4318614;São José do Sul;2378;55,209;Centro Local
22;PI;2202059;Cabeceiras do Piauí;10540;608,804;Centro Local
31;MG;3164100;São Pedro do Suaçuí;5291;308,106;Centro Local
31;MG;3127388;Goianá;3940;152,039;Centro Local
25;PB;2506251;Gado Bravo;8448;192,406;Centro Local
21;MA;2109304;Presidente Vargas;11124;330,765;Centro Local
24;RN;2401651;Bodó;2250;253,519;Centro Local
31;MG;3135357;Japonvar;8556;375,232;Centro Local
43;RS;4315057;Porto Mauá;2397;105,811;Centro Local
43;RS;4321832;Três Forquilhas;2725;217,259;Centro Local
31;MG;3130556;Imbé de Minas;6865;196,735;Centro Local
35;SP;3526308;Lagoinha;4903;255,472;Centro Local
31;MG;3165503;Sardoá;6236;141,904;Centro Local
29;BA;2914208;Irajuba;7243;459,047;Centro Local
25;PB;2503902;Camalaú;5994;543,688;Centro Local
25;PB;2507606;Juarez Távora;7896;70,841;Centro Local
31;MG;3141504;Mendes Pimentel;6446;305,507;Centro Local
31;MG;3127404;Gonçalves;4345;187,353;Centro Local
42;SC;4218855;União do Oeste;2517;92,857;Centro Local
43;RS;4318457;São José das Missões;2562;98,125;Centro Local
43;RS;4311643;Linha Nova;1708;63,502;Centro Local
21;MA;2103109;Cedral;10657;281,252;Centro Local
31;MG;3146404;Paineiras;4510;637,309;Centro Local
31;MG;3111705;Canaã;4579;174,900;Centro Local
31;MG;3149606;Pequi;4379;203,991;Centro Local
29;BA;2900504;Érico Cardoso;10662;735,249;Centro Local
35;SP;3544400;Rubiácea;3093;236,484;Centro Local
25;PB;2505006;Cubati;7763;163,227;Centro Local
29;BA;2918605;Jussiape;6406;589,763;Centro Local
41;PR;4108106;Flórida;2679;83,046;Centro Local
52;GO;5221007;Taquaral de Goiás;3537;204,218;Centro Local
22;PI;2201408;Barro Duro;7038;159,429;Centro Local
43;RS;4312351;Montauri;1466;82,079;Centro Local
17;TO;1710706;Itaguatins;5896;739,858;Centro Local
26;PE;2606705;Ibirajuba;7756;189,596;Centro Local
27;AL;2701357;Campestre;6918;65,910;Centro Local
31;MG;3117009;Comercinho;7090;654,961;Centro Local
29;BA;2928307;Santanópolis;8920;222,686;Centro Local
31;MG;3170479;Uruana de Minas;3267;598,221;Centro Local
52;GO;5219605;Santa Tereza de Goiás;3431;794,556;Centro Local
22;PI;2206803;Nossa Senhora dos Remédios;8661;357,896;Centro Local
52;GO;5212600;Mairipotaba;2373;467,428;Centro Local
29;BA;2907558;Caturama;9340;716,261;Centro Local
21;MA;2101970;Boa Vista do Gurupi;9158;404,239;Centro Local
24;RN;2405009;Jaçanã;9026;54,561;Centro Local
43;RS;4306072;Cristal do Sul;2851;97,077;Centro Local
26;PE;2606309;Granito;7435;521,690;Centro Local
52;GO;5202601;Aurilândia;3184;565,340;Centro Local
42;SC;4210050;Macieira;1784;259,787;Centro Local
29;BA;2920304;Malhada de Pedras;8430;549,535;Centro Local
22;PI;2210656;Sigefredo Pacheco;10024;1031,489;Centro Local
51;MT;5106851;Porto Estrela;3050;2057,327;Centro Local
21;MA;2105450;Jatobá;9993;591,384;Centro Local
35;SP;3538303;Piquerobi;3685;482,769;Centro Local
43;RS;4302378;Bom Progresso;1987;88,741;Centro Local
31;MG;3142304;Moeda;4904;155,112;Centro Local
31;MG;3169059;Tocos do Moji;4093;114,705;Centro Local
43;RS;4322558;Vanini;2104;64,990;Centro Local
31;MG;3114709;Carvalhópolis;3560;81,101;Centro Local
22;PI;2205607;Landri Sales;5307;1088,583;Centro Local
35;SP;3530003;Mira Estrela;3066;216,825;Centro Local
31;MG;3170578;Vargem Alegre;6491;116,664;Centro Local
42;SC;4215901;São Bonifácio;2862;458,486;Centro Local
29;BA;2900900;Almadina;5566;245,236;Centro Local
31;MG;3159407;Santa Rita de Ibitipoca;3449;324,234;Centro Local
25;PB;2504504;Condado;6649;262,312;Centro Local
43;RS;4322350;União da Serra;1192;130,989;Centro Local
17;TO;1703073;Barra do Ouro;4549;1106,345;Centro Local
29;BA;2911659;Guajeru;7239;872,867;Centro Local
31;MG;3126802;Frei Gaspar;5891;626,672;Centro Local
25;PB;2504033;Capim;6424;78,786;Centro Local
23;CE;2305100;Guaramiranga;3595;59,436;Centro Local
35;SP;3515905;Floreal;2934;204,236;Centro Local
52;GO;5209804;Hidrolina;3622;580,391;Centro Local
24;RN;2405207;Janduís;5289;304,901;Centro Local
25;PB;2514206;São José da Lagoa Tapada;7680;341,806;Centro Local
42;SC;4213153;Planalto Alegre;2850;63,100;Centro Local
31;MG;3159308;Santa Rita de Jacutinga;4905;420,940;Centro Local
29;BA;2927804;Santa Cruz da Vitória;6354;284,083;Centro Local
25;PB;2504157;Casserengue;7431;201,381;Centro Local
41;PR;4114351;Manfrinópolis;2639;216,415;Centro Local
25;PB;2515906;Serraria;6131;65,299;Centro Local
52;GO;5200902;Amorinópolis;3185;408,525;Centro Local
31;MG;3123403;Doresópolis;1521;152,912;Centro Local
31;MG;3133907;Itaverava;5470;284,220;Centro Local
31;MG;3171154;Vermelho Novo;4832;115,242;Centro Local
22;PI;2205557;Lagoa Alegre;8504;394,661;Centro Local
41;PR;4109104;Guaporema;2246;201,150;Centro Local
25;PB;2510006;Nazarezinho;7312;192,165;Centro Local
41;PR;4110300;Inajá;3103;194,704;Centro Local
24;RN;2406304;Lagoa de Pedras;7503;117,971;Centro Local
43;RS;4312179;Mato Queimado;1665;115,098;Centro Local
35;SP;3555307;Turmalina;1759;147,797;Centro Local
24;RN;2410207;Portalegre;7827;110,054;Centro Local
24;RN;2412708;São Pedro;6014;195,237;Centro Local
17;TO;1718451;Pugmil;2659;401,834;Centro Local
29;BA;2906402;Candeal;8338;447,578;Centro Local
52;GO;5210158;Ipiranga de Goiás;2893;241,289;Centro Local
43;RS;4323606;Vista Alegre do Prata;1565;119,327;Centro Local
29;BA;2919009;Lajedinho;3808;846,728;Centro Local
43;RS;4308250;Floriano Peixoto;1796;168,542;Centro Local
31;MG;3120151;Crisólita;6646;966,202;Centro Local
31;MG;3103603;Arantina;2804;89,420;Centro Local
22;PI;2210938;Sussuapara;6692;205,741;Centro Local
17;TO;1711506;Jaú do Tocantins;3819;2173,047;Centro Local
25;PB;2508505;Livramento;7371;270,753;Centro Local
43;RS;4309571;Herveiras;3018;118,252;Centro Local
35;SP;3527504;Lucianópolis;2385;189,536;Centro Local
23;CE;2313252;Tarrafas;8926;454,391;Centro Local
42;SC;4214102;Presidente Nereu;2290;225,743;Centro Local
31;MG;3164472;São Sebastião do Anta;6479;80,618;Centro Local
42;SC;4209177;Jupiá;2110;91,645;Centro Local
43;RS;4306924;Engenho Velho;1088;71,191;Centro Local
26;PE;2607406;Itacuruba;4869;430,038;Centro Local
25;PB;2515807;Serra Redonda;7041;55,905;Centro Local
26;PE;2602506;Brejinho;7486;106,276;Centro Local
22;PI;2203453;Dom Inocêncio;9546;3870,167;Centro Local
17;TO;1710904;Itapiratins;3758;1243,961;Centro Local
31;MG;3156502;Rubelita;6198;1110,295;Centro Local
31;MG;3122207;Divinolândia de Minas;7527;133,120;Centro Local
29;BA;2909000;Cordeiros;8585;523,640;Centro Local
43;RS;4313441;Novo Tiradentes;2223;75,428;Centro Local
27;AL;2701803;Carneiros;9000;101,853;Centro Local
29;BA;2923308;Ouriçangas;8557;156,982;Centro Local
27;AL;2705408;Monteirópolis;7153;86,604;Centro Local
25;PB;2509156;Marizópolis;6565;63,610;Centro Local
31;MG;3122504;Dom Cavati;5097;59,520;Centro Local
25;PB;2505238;Cuité de Mamanguape;6349;108,448;Centro Local
31;MG;3130804;Ingaí;2757;305,591;Centro Local
29;BA;2903953;Bom Jesus da Serra;9942;467,813;Centro Local
22;PI;2200459;Alvorada do Gurguéia;5392;2131,921;Centro Local
21;MA;2104081;Fernando Falcão;10258;5086,589;Centro Local
25;PB;2505204;Cuitegi;6823;39,302;Centro Local
31;MG;3106101;Belmiro Braga;3433;393,086;Centro Local
43;RS;4314787;Ponte Preta;1572;99,504;Centro Local
22;PI;2207207;Padre Marcos;6862;278,637;Centro Local
35;SP;3527801;Lupércio;4571;155,171;Centro Local
31;MG;3163409;São José do Goiabal;5454;189,578;Centro Local
41;PR;4107124;Diamante do Sul;3454;347,233;Centro Local
43;RS;4319711;São Valentim do Sul;2239;91,898;Centro Local
28;SE;2801603;Cedro de São João;5880;83,711;Centro Local
43;RS;4311239;Lagoa Bonita do Sul;2884;109,281;Centro Local
52;GO;5201603;Araçu;3560;149,371;Centro Local
43;RS;4305157;Cerro Grande;2327;73,438;Centro Local
26;PE;2615102;Terezinha;7139;151,450;Centro Local
43;RS;4314548;Pinto Bandeira;2968;104,856;Centro Local
43;RS;4315172;Protásio Alves;1957;173,027;Centro Local
42;SC;4205431;Formosa do Sul;2525;100,067;Centro Local
31;MG;3135076;Jampruca;5378;517,095;Centro Local
43;RS;4313466;Novo Xingu;1727;79,851;Centro Local
31;MG;3129905;Ibitiúra de Minas;3483;68,316;Centro Local
23;CE;2300804;Antonina do Norte;7328;260,104;Centro Local
21;MA;2102408;Cajapió;11136;545,244;Centro Local
24;RN;2409704;Pedro Avelino;6780;952,754;Centro Local
28;SE;2803104;Itabi;4921;183,422;Centro Local
22;PI;2202752;Colônia do Gurguéia;6451;430,621;Centro Local
43;RS;4320651;Silveira Martins;2394;119,285;Centro Local
24;RN;2412104;São João do Sabugi;6179;277,011;Centro Local
25;PB;2504355;Caturité;4807;118,080;Centro Local
23;CE;2304277;Ererê;7211;382,707;Centro Local
42;SC;4205175;Entre Rios;3189;104,549;Centro Local
29;BA;2923050;Novo Triunfo;15380;251,319;Centro Local
25;PB;2501203;Areial;6935;35,641;Centro Local
29;BA;2918555;Jussari;5902;329,190;Centro Local
52;GO;5200829;Amaralina;3778;1343,237;Centro Local
24;RN;2409332;Santa Maria;5480;219,570;Centro Local
35;SP;3525805;Júlio Mesquita;4752;128,183;Centro Local
31;MG;3159704;Santa Rosa da Serra;3343;284,334;Centro Local
28;SE;2803807;Malhada dos Bois;3665;63,199;Centro Local
31;MG;3121001;Datas;5399;310,099;Centro Local
31;MG;3156452;Rosário da Limeira;4566;111,156;Centro Local
31;MG;3143450;Montezuma;8180;1130,419;Centro Local
31;MG;3164431;São Sebastião da Vargem Alegre;2991;73,629;Centro Local
31;MG;3122470;Dom Bosco;3699;817,383;Centro Local
31;MG;3107208;Bocaina de Minas;5091;503,770;Centro Local
31;MG;3136553;José Raydan;4938;180,822;Centro Local
21;MA;2111573;São Pedro dos Crentes;4651;979,631;Centro Local
31;MG;3160454;Santo Antônio do Retiro;7256;796,290;Centro Local
31;MG;3169505;Tumiritinga;6698;500,073;Centro Local
25;PB;2513604;Santana dos Garrotes;7077;353,815;Centro Local
23;CE;2301505;Arneiroz;7836;1066,362;Centro Local
25;PB;2502607;Igaracy;6186;192,260;Centro Local
17;TO;1705607;Conceição do Tocantins;4124;2500,740;Centro Local
24;RN;2403202;Doutor Severiano;7080;113,737;Centro Local
17;TO;1718402;Presidente Kennedy;3692;770,423;Centro Local
22;PI;2202133;Campo Grande do Piauí;5919;311,829;Centro Local
52;GO;5218391;Professor Jamil;3243;349,419;Centro Local
21;MA;2106359;Marajá do Sena;7810;1402,593;Centro Local
31;MG;3157302;Santa Bárbara do Tugúrio;4454;194,564;Centro Local
35;SP;3529658;Mesópolis;1910;148,636;Centro Local
43;RS;4301925;Barra do Rio Azul;1726;146,995;Centro Local
31;MG;3114808;Carvalhos;4495;282,254;Centro Local
25;PB;2513208;Santa Cruz;6585;210,166;Centro Local
41;PR;4125555;São Manoel do Paraná;2158;95,381;Centro Local
22;PI;2207405;Palmeira do Piauí;5051;2023,513;Centro Local
31;MG;3167905;Tabuleiro;3792;211,084;Centro Local
43;RS;4310579;Itapuca;2125;184,673;Centro Local
52;GO;5207105;Diorama;2488;687,348;Centro Local
31;MG;3138682;Luislândia;6680;411,714;Centro Local
22;PI;2202778;Colônia do Piauí;7651;947,879;Centro Local
31;MG;3123858;Entre Folhas;5362;85,390;Centro Local
42;SC;4215059;Rio Rufino;2482;282,571;Centro Local
17;TO;1715002;Nova Rosalândia;4215;516,308;Centro Local
52;GO;5204656;Campinaçu;3649;1974,375;Centro Local
31;MG;3127206;Funilândia;4304;199,797;Centro Local
23;CE;2311231;Potiretama;6400;410,338;Centro Local
31;MG;3136959;Juvenília;5733;1064,692;Centro Local
29;BA;2900603;Aiquara;4478;167,877;Centro Local
43;RS;4310751;Ivorá;1940;122,930;Centro Local
42;SC;4210852;Mirim Doce;2336;337,318;Centro Local
21;MA;2101939;Bernardo do Mearim;6011;247,221;Centro Local
42;SC;4202156;Belmonte;2703;93,852;Centro Local
35;SP;3501400;Álvaro de Carvalho;5179;153,662;Centro Local
22;PI;2206506;Monsenhor Hipólito;7729;401,433;Centro Local
22;PI;2204907;Isaías Coelho;8551;787,681;Centro Local
31;MG;3123502;Douradoquara;1905;312,878;Centro Local
31;MG;3167707;Sobrália;5594;206,787;Centro Local
43;RS;4311429;Lajeado do Bugre;2561;67,933;Centro Local
25;PB;2505600;Diamante;6575;269,111;Centro Local
17;TO;1718899;Santa Rita do Tocantins;2344;3274,948;Centro Local
43;RS;4306551;Dom Pedro de Alcântara;2541;78,219;Centro Local
35;SP;3507159;Bom Sucesso de Itararé;3923;133,578;Centro Local
25;PB;2503555;Cacimbas;7145;126,543;Centro Local
43;RS;4312625;Muliterno;1888;111,132;Centro Local
17;TO;1717206;Piraquê;3023;1367,610;Centro Local
21;MA;2104628;Governador Luiz Rocha;7772;373,164;Centro Local
23;CE;2310951;Pires Ferreira;10853;243,099;Centro Local
31;MG;3145802;Onça de Pitangui;3144;246,976;Centro Local
43;RS;4315453;Relvado;2101;123,437;Centro Local
29;BA;2919108;Lamarão;8430;189,257;Centro Local
25;PB;2513158;Santa Cecília;6574;223,709;Centro Local
42;SC;4204459;Coronel Martins;2544;107,369;Centro Local
26;PE;2611533;Quixaba;6822;210,705;Centro Local
22;PI;2203008;Cristalândia do Piauí;8264;1202,895;Centro Local
42;SC;4200754;Alto Bela Vista;1948;103,962;Centro Local
35;SP;3554607;Timburi;2663;196,790;Centro Local
31;MG;3117836;Cônego Marinho;7595;1610,470;Centro Local
43;RS;4318465;São José do Herval;2000;103,094;Centro Local
52;GO;5204607;Campestre de Goiás;3610;273,815;Centro Local
31;MG;3125309;Faria Lemos;3262;165,224;Centro Local
21;MA;2100550;Amapá do Maranhão;6918;502,402;Centro Local
43;RS;4312005;Mariano Moro;2054;98,727;Centro Local
29;BA;2922201;Muniz Ferreira;7399;104,540;Centro Local
29;BA;2929354;São José da Vitória;5710;127,925;Centro Local
17;TO;1717008;Pindorama do Tocantins;4464;1559,086;Centro Local
35;SP;3515657;Fernão;1704;100,504;Centro Local
35;SP;3549607;São José do Barreiro;4151;570,685;Centro Local
35;SP;3549300;São João do Pau d'Alho;2111;117,665;Centro Local
25;PB;2504702;Congo;4785;333,471;Centro Local
52;GO;5214804;Nova Aurora;2199;302,655;Centro Local
24;RN;2406205;Lagoa d'Anta;6728;105,652;Centro Local
15;PA;1506906;Santarém Novo;6664;229,510;Centro Local
29;BA;2931103;Tanquinho;7909;243,839;Centro Local
29;BA;2910776;Feira da Mata;5668;1176,111;Centro Local
17;TO;1720101;São Bento do Tocantins;5256;1105,900;Centro Local
31;MG;3117207;Conceição das Pedras;2811;102,206;Centro Local
31;MG;3168309;Taquaraçu de Minas;4055;329,287;Centro Local
42;SC;4213906;Presidente Castello Branco;1590;65,577;Centro Local
22;PI;2201960;Brasileira;8310;880,342;Centro Local
31;MG;3122108;Divino das Laranjeiras;4984;342,249;Centro Local
27;AL;2703403;Jacaré dos Homens;5288;148,992;Centro Local
31;MG;3140209;Maripá de Minas;2959;77,338;Centro Local
25;PB;2502904;Brejo dos Santos;6433;93,846;Centro Local
41;PR;4119251;Pinhal de São Bento;2725;97,463;Centro Local
31;MG;3171907;Virgolândia;5420;281,022;Centro Local
21;MA;2107258;Nova Colinas;5340;743,087;Centro Local
31;MG;3144375;Natalândia;3314;468,660;Centro Local
42;SC;4206751;Ibiam;1959;146,974;Centro Local
22;PI;2202091;Caldeirão Grande do Piauí;5770;467,083;Centro Local
31;MG;3153707;Quartel Geral;3542;556,436;Centro Local
35;SP;3555901;Uru;1177;146,901;Centro Local
25;PB;2508802;Malta;5766;173,377;Centro Local
31;MG;3110400;Camacho;2934;223,001;Centro Local
24;RN;2411809;São Fernando;3573;404,428;Centro Local
17;TO;1700251;Abreulândia;2564;1895,212;Centro Local
21;MA;2109239;Presidente Médici;6959;437,687;Centro Local
29;BA;2922854;Nova Redenção;9115;565,356;Centro Local
25;PB;2513307;Santa Helena;5907;210,322;Centro Local
31;MG;3146750;Palmópolis;5671;433,154;Centro Local
31;MG;3102407;Alvorada de Minas;3606;374,008;Centro Local
25;PB;2509396;Maturéia;6506;83,687;Centro Local
42;SC;4215604;Santa Rosa de Lima;2137;202,845;Centro Local
27;AL;2709004;Tanque d'Arca;6187;124,761;Centro Local
35;SP;3501509;Alvinlândia;3206;84,879;Centro Local
31;MG;3153103;Presidente Bernardes;5398;236,798;Centro Local
31;MG;3112059;Cantagalo;4498;141,855;Centro Local
22;PI;2201705;Bertolínia;5495;1225,335;Centro Local
23;CE;2313708;Umari;7729;263,930;Centro Local
52;GO;5220058;São João da Paraúna;1417;287,825;Centro Local
42;SC;4215687;Santa Terezinha do Progresso;2484;119,260;Centro Local
35;SP;3549003;São Francisco;2826;75,579;Centro Local
31;MG;3102506;Amparo do Serra;4751;136,186;Centro Local
31;MG;3168200;Tapiraí;1879;407,920;Centro Local
24;RN;2404903;Itaú;5858;133,031;Centro Local
31;MG;3112208;Capela Nova;4673;111,073;Centro Local
25;PB;2503100;Cabaceiras;5503;452,925;Centro Local
31;MG;3139250;Mamonas;6532;284,365;Centro Local
31;MG;3116308;Cipotânea;6774;153,479;Centro Local
31;MG;3115201;Conceição da Barra de Minas;3962;273,014;Centro Local
31;MG;3148400;Paulistas;4849;220,564;Centro Local
22;PI;2205854;Madeiro;8276;177,153;Centro Local
31;MG;3138351;Leme do Prado;4915;280,036;Centro Local
22;PI;2209104;Santa Cruz do Piauí;6232;583,097;Centro Local
31;MG;3135456;Jenipapo de Minas;7645;284,453;Centro Local
42;SC;4210209;Major Gercino;3430;306,058;Centro Local
31;MG;3146206;Ouro Verde de Minas;5954;175,482;Centro Local
29;BA;2919959;Maetinga;3577;614,834;Centro Local
25;PB;2506608;Ibiara;5956;244,484;Centro Local
31;MG;3126604;Francisco Dumont;5187;1576,128;Centro Local
27;AL;2705903;Olho d'Água Grande;5117;117,006;Centro Local
52;GO;5202809;Avelinópolis;2425;174,235;Centro Local
17;TO;1717800;Ponte Alta do Bom Jesus;4601;1806,141;Centro Local
22;PI;2209401;Santo Antônio de Lisboa;6388;385,135;Centro Local
25;PB;2513802;Santa Teresinha;4585;357,950;Centro Local
31;MG;3127503;Gonzaga;6145;209,348;Centro Local
22;PI;2206704;Nazaré do Piauí;7356;1315,840;Centro Local
22;PI;2200806;Antônio Almeida;3158;645,748;Centro Local
31;MG;3108503;Botumirim;6350;1568,884;Centro Local
52;GO;5214903;Nova Roma;3293;2135,960;Centro Local
22;PI;2200251;Alagoinha do Piauí;7636;535,807;Centro Local
52;GO;5212006;Jaupaci;2898;527,103;Centro Local
52;GO;5209457;Guarinos;1852;595,866;Centro Local
52;GO;5210307;Israelândia;2815;577,482;Centro Local
31;MG;3105509;Barão de Monte Alto;5443;198,313;Centro Local
42;SC;4208955;Jardinópolis;1595;67,495;Centro Local
28;SE;2806503;Santa Rosa de Lima;3904;67,672;Centro Local
22;PI;2202026;Buriti dos Montes;8223;2437,326;Centro Local
43;RS;4322186;Tupanci do Sul;1486;135,243;Centro Local
42;SC;4210704;Matos Costa;2560;435,338;Centro Local
52;GO;5209606;Heitoraí;3714;229,638;Centro Local
22;PI;2210201;São José do Piauí;6710;373,347;Centro Local
31;MG;3157401;Santa Cruz do Escalvado;4793;258,726;Centro Local
41;PR;4124202;Santo Antônio do Caiuá;2656;219,068;Centro Local
31;MG;3153202;Presidente Juscelino;3676;695,882;Centro Local
17;TO;1714302;Nazaré;3959;395,907;Centro Local
31;MG;3103207;Araçaí;2341;187,538;Centro Local
25;PB;2510402;Olho d'Água;6592;596,129;Centro Local
23;CE;2300606;Altaneira;7521;73,295;Centro Local
52;GO;5221452;Trombas;3501;799,125;Centro Local
31;MG;3105202;Bandeira;4825;483,789;Centro Local
31;MG;3132602;Itamarati de Minas;4333;94,568;Centro Local
22;PI;2209708;São Francisco do Piauí;6425;1340,665;Centro Local
21;MA;2106672;Milagres do Maranhão;8445;634,384;Centro Local
35;SP;3555703;União Paulista;1823;79,056;Centro Local
52;GO;5205703;Córrego do Ouro;2364;462,304;Centro Local
31;MG;3145372;Novorizonte;5273;271,610;Centro Local
31;MG;3170602;Vargem Bonita;2158;409,888;Centro Local
31;MG;3106655;Berizal;4705;488,756;Centro Local
25;PB;2501708;Barra de São Miguel;5939;595,213;Centro Local
41;PR;4107520;Esperança Nova;1732;138,560;Centro Local
31;MG;3112653;Capitão Andrade;5420;279,088;Centro Local
43;RS;4309126;Gramado dos Loureiros;2106;131,396;Centro Local
29;BA;2910909;Firmino Alves;5604;172,353;Centro Local
28;SE;2801108;Canhoba;4011;169,679;Centro Local
27;AL;2703908;Jundiá;4175;88,794;Centro Local
25;PB;2514453;São José dos Ramos;5915;98,188;Centro Local
25;PB;2500205;Aguiar;5571;344,708;Centro Local
52;GO;5209408;Guarani de Goiás;3940;1229,148;Centro Local
22;PI;2209971;São João do Arraial;7937;213,355;Centro Local
23;CE;2304608;General Sampaio;6956;205,810;Centro Local
52;GO;5207501;Estrela do Norte;3286;301,642;Centro Local
31;MG;3141702;Mesquita;5666;274,938;Centro Local
17;TO;1718881;Santa Maria do Tocantins;3381;1410,457;Centro Local
31;MG;3158409;Santana de Cataguases;3853;161,486;Centro Local
17;TO;1718550;Riachinho;4604;517,478;Centro Local
31;MG;3140605;Materlândia;4482;280,530;Centro Local
31;MG;3120102;Couto de Magalhães de Minas;4396;485,654;Centro Local
17;TO;1701051;Angico;3417;451,733;Centro Local
52;GO;5221577;Uirapuru;2868;1153,475;Centro Local
24;RN;2408508;Ouro Branco;4812;253,210;Centro Local
22;PI;2210631;Sebastião Leal;4286;3151,588;Centro Local
35;SP;3521200;Iporanga;4238;1152,059;Centro Local
31;MG;3125408;Felício dos Santos;4804;357,622;Centro Local
22;PI;2201051;Assunção do Piauí;7828;1690,703;Centro Local
25;PB;2512200;Prata;4141;192,011;Centro Local
31;MG;3150208;Piedade de Ponte Nova;4140;83,733;Centro Local
41;PR;4108551;Godoy Moreira;2996;131,012;Centro Local
24;RN;2406007;José da Penha;5957;117,635;Centro Local
27;AL;2705309;Minador do Negrão;5337;167,461;Centro Local
52;GO;5200209;Água Limpa;1872;452,858;Centro Local
51;MT;5107297;São José do Povo;4021;448,285;Centro Local
27;AL;2703700;Jaramataia;5597;105,863;Centro Local
25;PB;2509339;Matinhas;4516;38,124;Centro Local
31;MG;3120839;Cuparaque;4960;226,750;Centro Local
22;PI;2201770;Boa Hora;6744;336,954;Centro Local
52;GO;5204953;Campos Verdes;2459;441,645;Centro Local
31;MG;3147956;Patis;5942;444,196;Centro Local
23;CE;2309904;Pacujá;6246;76,128;Centro Local
25;PB;2515708;Serra Grande;3089;83,474;Centro Local
31;MG;3136405;Joaquim Felício;4662;790,935;Centro Local
35;SP;3514205;Dolcinópolis;2119;77,939;Centro Local
21;MA;2103125;Central do Maranhão;8604;319,053;Centro Local
35;SP;3554755;Trabiju;1709;63,421;Centro Local
22;PI;2200905;Aroazes;5844;821,212;Centro Local
43;RS;4304614;Canudos do Vale;1729;82,292;Centro Local
31;MG;3122603;Dom Joaquim;4482;398,822;Centro Local
31;MG;3137304;Lagoa dos Patos;4124;600,547;Centro Local
31;MG;3162252;São João da Lagoa;4896;998,015;Centro Local
25;PB;2510204;Nova Olinda;5978;84,253;Centro Local
22;PI;2201739;Betânia do Piauí;6200;580,917;Centro Local
22;PI;2209906;São João da Serra;6157;997,035;Centro Local
42;SC;4202578;Bom Jesus do Oeste;2146;67,777;Centro Local
21;MA;2111250;São José dos Basílios;7642;353,232;Centro Local
31;MG;3123304;Dores do Turvo;4289;231,169;Centro Local
52;GO;5219506;Santa Rosa de Goiás;2388;164,097;Centro Local
23;CE;2312809;Senador Sá;7553;423,919;Centro Local
22;PI;2208874;Ribeira do Piauí;4464;1012,479;Centro Local
41;PR;4123600;Santa Inês;1624;138,481;Centro Local
22;PI;2200053;Acauã;7065;1279,586;Centro Local
31;MG;3160009;Santo Antônio do Aventureiro;3602;202,032;Centro Local
31;MG;3171402;Vieiras;3629;112,691;Centro Local
22;PI;2210052;São José do Divino;5338;319,082;Centro Local
26;PE;2603405;Calumbi;5753;179,314;Centro Local
22;PI;2206670;Morro do Chapéu do Piauí;6781;328,289;Centro Local
25;PB;2515930;Sertãozinho;4958;32,798;Centro Local
17;TO;1715101;Novo Acordo;4287;2674,682;Centro Local
17;TO;1711100;Itaporã do Tocantins;2435;972,977;Centro Local
17;TO;1720309;São Sebastião do Tocantins;4757;287,273;Centro Local
22;PI;2210300;São Julião;6353;291,115;Centro Local
23;CE;2301802;Baixio;6272;146,433;Centro Local
25;PB;2514701;São José do Sabugi;4134;206,917;Centro Local
31;MG;3136801;Juramento;4316;431,630;Centro Local
22;PI;2202653;Caxingó;5395;491,063;Centro Local
43;RS;4315131;Pouso Novo;1668;105,571;Centro Local
17;TO;1718501;Recursolândia;4244;2216,663;Centro Local
22;PI;2207777;Patos do Piauí;6377;803,300;Centro Local
31;MG;3121902;Divinésia;3411;116,970;Centro Local
31;MG;3149507;Pequeri;3310;90,833;Centro Local
21;MA;2101731;Belágua;7409;569,428;Centro Local
22;PI;2209302;Santa Luz;5836;1186,844;Centro Local
17;TO;1702703;Aurora do Tocantins;3731;752,830;Centro Local
25;PB;2513927;São Bentinho;4492;196,823;Centro Local
31;MG;3157658;Santa Helena de Minas;6345;276,433;Centro Local
17;TO;1713957;Muricilândia;3514;1186,670;Centro Local
52;GO;5213053;Mimoso de Goiás;2612;1386,915;Centro Local
25;PB;2514008;São João do Cariri;4313;653,094;Centro Local
31;MG;3117405;Conceição de Ipanema;4570;253,935;Centro Local
22;PI;2209005;Rio Grande do Piauí;6431;635,951;Centro Local
24;RN;2413102;Senador Elói de Souza;6044;152,376;Centro Local
31;MG;3146552;Pai Pedro;6084;839,805;Centro Local
24;RN;2402808;Coronel Ezequiel;5508;185,748;Centro Local
22;PI;2201919;Bom Princípio do Piauí;5608;523,142;Centro Local
35;SP;3532868;Nova Castilho;1255;183,396;Centro Local
29;BA;2909505;Cravolândia;5349;182,585;Centro Local
22;PI;2205300;Jerumenha;4457;1867,313;Centro Local
22;PI;2206902;Novo Oriente do Piauí;6575;525,906;Centro Local
31;MG;3170651;Vargem Grande do Rio Pardo;4987;491,512;Centro Local
31;MG;3150000;Pescador;4246;317,463;Centro Local
35;SP;3544707;Sagres;2435;147,935;Centro Local
22;PI;2202802;Conceição do Canindé;4798;824,729;Centro Local
52;GO;5205521;Colinas do Sul;3404;1708,187;Centro Local
21;MA;2109759;Santa Filomena do Maranhão;7719;623,214;Centro Local
22;PI;2203602;Eliseu Martins;4900;1090,450;Centro Local
25;PB;2512762;Riachão do Poço;4477;39,905;Centro Local
31;MG;3127339;Gameleiras;5122;1733,203;Centro Local
42;SC;4204756;Cunhataí;1957;54,811;Centro Local
31;MG;3144904;Nova Módica;3627;375,973;Centro Local
25;PB;2505279;Curral de Cima;5242;85,096;Centro Local
31;MG;3145505;Olímpio Noronha;2765;54,633;Centro Local
31;MG;3120300;Cristália;5960;840,702;Centro Local
42;SC;4205357;Flor do Sertão;1586;57,869;Centro Local
24;RN;2401602;Bento Fernandes;5469;301,069;Centro Local
29;BA;2919900;Macururé;7862;2545,856;Centro Local
22;PI;2202539;Caraúbas do Piauí;5845;471,242;Centro Local
31;MG;3162302;São João da Mata;2753;120,536;Centro Local
24;RN;2403301;Encanto;5608;125,749;Centro Local
15;PA;1507466;São João da Ponta;6059;195,918;Centro Local
41;PR;4116000;Miraselva;1816;90,294;Centro Local
22;PI;2202729;Cocal dos Alves;6140;324,863;Centro Local
25;PB;2514305;São José de Caiana;6255;176,327;Centro Local
31;MG;3115474;Catuti;5008;287,812;Centro Local
31;MG;3157278;Santa Bárbara do Monte Verde;3117;417,925;Centro Local
35;SP;3543238;Ribeirão dos Índios;2227;196,446;Centro Local
31;MG;3119609;Coronel Pacheco;3080;131,511;Centro Local
31;MG;3125200;Fama;2379;86,024;Centro Local
31;MG;3110806;Campanário;3711;442,398;Centro Local
24;RN;2413300;Serra de São Bento;5774;96,627;Centro Local
31;MG;3129657;Ibiracatu;5975;353,413;Centro Local
35;SP;3553658;Taquaral;2810;53,892;Centro Local
24;RN;2410504;Rafael Fernandes;5067;78,231;Centro Local
21;MA;2112274;Tufilândia;5826;271,007;Centro Local
29;BA;2924108;Pedrão;7298;158,488;Centro Local
31;MG;3161650;São Geraldo do Baixio;3963;280,954;Centro Local
31;MG;3140100;Marilac;4134;158,809;Centro Local
25;PB;2504207;Catingueira;4929;529,457;Centro Local
24;RN;2406809;Lajes Pintadas;4755;130,211;Centro Local
22;PI;2206357;Milton Brandão;6617;1309,128;Centro Local
17;TO;1703602;Brasilândia do Tocantins;2191;641,467;Centro Local
22;PI;2202109;Campinas do Piauí;5603;831,201;Centro Local
22;PI;2202174;Campo Largo do Piauí;7245;477,629;Centro Local
22;PI;2205516;Juazeiro do Piauí;5472;935,404;Centro Local
31;MG;3155108;Rio do Prado;5167;479,815;Centro Local
31;MG;3163300;São José do Divino;3865;328,704;Centro Local
42;SC;4207858;Irati;1952;78,039;Centro Local
24;RN;2413706;Sítio Novo;5481;213,456;Centro Local
21;MA;2111953;Sucupira do Riachão;5645;863,908;Centro Local
31;MG;3155207;Rio Espera;5549;238,602;Centro Local
17;TO;1706258;Crixás do Tocantins;1708;986,693;Centro Local
43;RS;4320453;Sério;2000;99,740;Centro Local
24;RN;2414456;Triunfo Potiguar;3259;268,726;Centro Local
21;MA;2105658;Junco do Maranhão;3506;564,543;Centro Local
22;PI;2205581;Lagoa do Piauí;4052;427,325;Centro Local
35;SP;3555208;Turiúba;2012;153,235;Centro Local
31;MG;3107000;Biquinhas;2532;458,948;Centro Local
25;PB;2512754;Riachão do Bacamarte;4500;38,370;Centro Local
25;PB;2505352;Damião;5289;185,685;Centro Local
31;MG;3158102;Santa Maria do Salto;5248;440,605;Centro Local
25;PB;2500536;Alcantil;5473;305,988;Centro Local
17;TO;1713700;Monte Santo do Tocantins;2263;1091,553;Centro Local
31;MG;3160603;Santo Hipólito;3109;430,656;Centro Local
21;MA;2104701;Graça Aranha;6263;271,445;Centro Local
25;PB;2502102;Boa Ventura;5423;170,580;Centro Local
26;PE;2614402;Solidão;5993;138,398;Centro Local
43;RS;4306353;Dezesseis de Novembro;2478;217,800;Centro Local
31;MG;3128253;Guaraciama;4954;390,263;Centro Local
25;PB;2510303;Nova Palmeira;4840;310,352;Centro Local
24;RN;2411429;Santana do Seridó;2670;188,403;Centro Local
52;GO;5200506;Aloândia;2005;102,160;Centro Local
21;MA;2110807;São Félix de Balsas;4609;2032,364;Centro Local
24;RN;2414704;Várzea;5485;72,684;Centro Local
31;MG;3118106;Congonhas do Norte;5044;405,671;Centro Local
28;SE;2807006;São Miguel do Aleixo;3913;144,832;Centro Local
22;PI;2209872;São João da Fronteira;6019;817,111;Centro Local
29;BA;2913309;Ichu;6194;138,016;Centro Local
42;SC;4202099;Barra Bonita;1704;93,139;Centro Local
24;RN;2413607;Severiano Melo;2799;157,850;Centro Local
31;MG;3163003;São José da Safira;4255;213,881;Centro Local
22;PI;2209658;São Francisco de Assis do Piauí;5731;1072,480;Centro Local
25;PB;2517209;Vieirópolis;5323;146,779;Centro Local
21;MA;2111672;São Roberto;6649;227,463;Centro Local
28;SE;2801900;Cumbe;3977;128,393;Centro Local
31;MG;3152131;Ponto Chique;4237;602,799;Centro Local
22;PI;2205151;Jacobina do Piauí;5753;1333,796;Centro Local
51;MT;5107156;Reserva do Cabaçal;2721;1342,076;Centro Local
22;PI;2205904;Manoel Emídio;5348;1618,992;Centro Local
31;MG;3136579;Josenópolis;4844;541,393;Centro Local
31;MG;3165909;Senador Modestino Gonçalves;4209;952,055;Centro Local
42;SC;4209458;Lajeado Grande;1437;65,224;Centro Local
52;GO;5212253;Lagoa Santa;1555;458,868;Centro Local
21;MA;2109056;Porto Rico do Maranhão;5995;248,629;Centro Local
22;PI;2205573;Lagoa de São Francisco;6738;155,639;Centro Local
22;PI;2205524;Júlio Borges;5614;1283,915;Centro Local
31;MG;3104452;Aricanduva;5191;243,329;Centro Local
22;PI;2201945;Boqueirão do Piauí;6388;269,802;Centro Local
35;SP;3527256;Lourdes;2278;113,940;Centro Local
25;PB;2502300;Bom Sucesso;4994;184,102;Centro Local
52;GO;5212907;Marzagão;2223;222,428;Centro Local
35;SP;3503505;Areias;3876;305,227;Centro Local
29;BA;2911253;Gavião;4487;384,592;Centro Local
31;MG;3157500;Santa Efigênia de Minas;4438;131,965;Centro Local
25;PB;2512077;Poço de José de Moura;4276;100,971;Centro Local
31;MG;3130002;Ibituruna;2982;153,106;Centro Local
31;MG;3102209;Alvarenga;3973;278,173;Centro Local
31;MG;3157609;Santa Fé de Minas;3866;2917,448;Centro Local
31;MG;3150539;Pingo d'Água;4894;66,570;Centro Local
31;MG;3106606;Bertópolis;4602;427,803;Centro Local
31;MG;3109600;Cachoeira da Prata;3616;61,381;Centro Local
31;MG;3127073;Fruta de Leite;5441;762,837;Centro Local
21;MA;2106201;Luís Domingues;6917;472,296;Centro Local
31;MG;3161601;São Geraldo da Piedade;4015;152,336;Centro Local
24;RN;2411908;São Francisco do Oeste;4200;75,588;Centro Local
25;PB;2513505;Santana de Mangueira;5198;402,153;Centro Local
24;RN;2402907;Coronel João Pessoa;4908;117,139;Centro Local
25;PB;2501534;Baraúna;4831;50,582;Centro Local
52;GO;5203939;Buriti de Goiás;2501;199,292;Centro Local
29;BA;2918704;Lafaiete Coutinho;3757;498,103;Centro Local
22;PI;2203354;Dirceu Arcoverde;6992;1017,057;Centro Local
24;RN;2405405;Japi;5117;188,990;Centro Local
52;GO;5220702;Sítio d'Abadia;2977;1598,049;Centro Local
17;TO;1718709;Rio dos Bois;2811;845,065;Centro Local
52;GO;5206800;Damolândia;2923;84,495;Centro Local
43;RS;4304853;Carlos Gomes;1404;83,155;Centro Local
21;MA;2111631;São Raimundo do Doca Bezerra;5345;419,352;Centro Local
43;RS;4317251;Santa Tereza;1734;73,976;Centro Local
51;MT;5107883;Serra Nova Dourada;1622;1500,391;Centro Local
42;SC;4217956;Tigrinhos;1646;56,962;Centro Local
31;MG;3100401;Acaiaca;3994;101,886;Centro Local
31;MG;3137908;Lamim;3404;118,602;Centro Local
31;MG;3114907;Casa Grande;2260;157,727;Centro Local
22;PI;2205599;Lagoa do Sítio;5154;804,698;Centro Local
31;MG;3108701;Brás Pires;4374;223,351;Centro Local
27;AL;2700805;Belém;4406;66,655;Centro Local
31;MG;3157377;Santa Cruz de Salinas;4177;589,607;Centro Local
41;PR;4112603;Jardim Olinda;1343;128,515;Centro Local
17;TO;1718808;Sampaio;4627;222,290;Centro Local
42;SC;4211876;Paial;1537;86,014;Centro Local
31;MG;3161056;São Félix de Minas;3377;162,560;Centro Local
35;SP;3522158;Itaoca;3326;183,015;Centro Local
52;GO;5213855;Morro Agudo de Goiás;2264;282,616;Centro Local
52;GO;5214705;Nova América;2346;212,025;Centro Local
22;PI;2201929;Bonfim do Piauí;5654;289,209;Centro Local
22;PI;2206050;Massapê do Piauí;6434;530,016;Centro Local
52;GO;5220280;São Patrício;2035;171,957;Centro Local
31;MG;3159100;Santana dos Montes;3789;196,565;Centro Local
35;SP;3549201;São João das Duas Pontes;2574;129,462;Centro Local
35;SP;3515806;Flora Rica;1499;224,711;Centro Local
24;RN;2411007;Rodolfo Fernandes;4472;154,840;Centro Local
22;PI;2202554;Caridade do Piauí;5049;498,793;Centro Local
21;MA;2100105;Afonso Cunha;6469;371,338;Centro Local
28;SE;2806909;São Francisco;3987;83,872;Centro Local
31;MG;3162658;São João do Pacuí;4389;415,922;Centro Local
52;GO;5214879;Nova Iguaçu de Goiás;2923;628,444;Centro Local
17;TO;1712454;Luzinópolis;3060;279,563;Centro Local
51;MT;5106315;Novo Santo Antônio;2574;4393,796;Centro Local
24;RN;2406908;Lucrécia;3966;30,931;Centro Local
17;TO;1720853;Sucupira;1946;1025,519;Centro Local
31;MG;3136520;José Gonçalves de Minas;4516;381,332;Centro Local
43;RS;4305934;Coronel Pilar;1641;105,447;Centro Local
22;PI;2209377;Santa Rosa do Piauí;5258;340,198;Centro Local
25;PB;2501351;Assunção;3870;126,428;Centro Local
22;PI;2205276;Jatobá do Piauí;4855;650,681;Centro Local
31;MG;3127057;Fronteira dos Vales;4601;320,757;Centro Local
31;MG;3121506;Desterro do Melo;2919;142,279;Centro Local
17;TO;1703883;Carmolândia;2556;339,405;Centro Local
27;AL;2706208;Palestina;4985;38,189;Centro Local
31;MG;3166105;Senhora do Porto;3527;381,328;Centro Local
31;MG;3120003;Córrego Novo;2814;205,385;Centro Local
24;RN;2413557;Serrinha dos Pintos;4784;122,375;Centro Local
17;TO;1711951;Lagoa do Tocantins;4237;911,342;Centro Local
42;SC;4217154;São Miguel da Boa Vista;1833;72,755;Centro Local
22;PI;2201804;Bocaina;4496;261,651;Centro Local
35;SP;3532843;Nova Canaã Paulista;1911;124,473;Centro Local
17;TO;1703891;Carrasco Bonito;4059;192,939;Centro Local
29;BA;2908804;Contendas do Sincorá;4086;977,455;Centro Local
52;GO;5213400;Moiporá;1557;460,624;Centro Local
22;PI;2202711;Cocal de Telha;4881;310,346;Centro Local
31;MG;3126406;Fortuna de Minas;2927;198,709;Centro Local
22;PI;2207306;Paes Landim;4132;401,378;Centro Local
24;RN;2408706;Paraú;3787;383,214;Centro Local
22;PI;2200277;Alegrete do Piauí;4912;243,732;Centro Local
24;RN;2400604;Almino Afonso;4761;128,038;Centro Local
31;MG;3148806;Pedra do Anta;3100;173,168;Centro Local
31;MG;3121704;Diogo de Vasconcelos;3814;165,091;Centro Local
31;MG;3168051;Taparuba;3119;193,082;Centro Local
31;MG;3111150;Campo Azul;3810;505,914;Centro Local
22;PI;2207751;Passagem Franca do Piauí;4302;643,438;Centro Local
35;SP;3522653;Itapirapuã Paulista;4213;406,478;Centro Local
22;PI;2206001;Marcos Parente;4550;677,414;Centro Local
25;PB;2508109;Lagoa;4679;177,902;Centro Local
21;MA;2101350;Bacurituba;5617;412,639;Centro Local
24;RN;2408409;Olho d'Água do Borges;4272;141,170;Centro Local
25;PB;2509602;Monte Horebe;4789;116,173;Centro Local
17;TO;1712405;Lizarda;3748;5723,234;Centro Local
22;PI;2204006;Francinópolis;5349;268,702;Centro Local
24;RN;2401909;Caiçara do Rio do Vento;3652;261,194;Centro Local
24;RN;2411700;São Bento do Trairí;4401;190,818;Centro Local
26;PE;2607109;Ingazeira;4554;243,669;Centro Local
43;RS;4305835;Coqueiro Baixo;1507;112,277;Centro Local
22;PI;2205532;Jurema;4748;1271,889;Centro Local
22;PI;2203271;Curral Novo do Piauí;5316;755,251;Centro Local
22;PI;2208858;Riacho Frio;4316;2222,096;Centro Local
31;MG;3125804;Fernandes Tourinho;3394;151,875;Centro Local
24;RN;2401503;Barcelona;4002;152,626;Centro Local
31;MG;3127370;Goiabeira;3328;112,443;Centro Local
17;TO;1711803;Juarina;2202;481,048;Centro Local
24;RN;2410009;Pilões;3806;82,690;Centro Local
21;MA;2107308;Nova Iorque;4683;976,872;Centro Local
31;MG;3160207;Santo Antônio do Itambé;3877;305,737;Centro Local
17;TO;1720259;São Salvador do Tocantins;3070;1422,032;Centro Local
31;MG;3142502;Monjolos;2240;650,911;Centro Local
31;MG;3113107;Caranaíba;3200;159,950;Centro Local
31;MG;3142254;Miravânia;4861;602,128;Centro Local
22;PI;2201002;Arraial;4735;682,761;Centro Local
31;MG;3106804;Bias Fortes;3430;283,535;Centro Local
31;MG;3149002;Pedra Dourada;2475;69,990;Centro Local
25;PB;2510501;Olivedos;3912;317,917;Centro Local
31;MG;3171501;Mathias Lobato;3227;172,297;Centro Local
42;SC;4215695;Santiago do Sul;1286;73,335;Centro Local
22;PI;2205458;Joca Marques;5419;166,442;Centro Local
52;GO;5200159;Adelândia;2517;115,353;Centro Local
35;SP;3547650;Santa Salete;1539;79,192;Centro Local
23;CE;2304806;Granjeiro;4469;100,127;Centro Local
31;MG;3166956;Serranópolis de Minas;4752;551,954;Centro Local
22;PI;2202117;Campo Alegre do Fidalgo;5019;657,796;Centro Local
31;MG;3166501;Serra Azul de Minas;4293;218,595;Centro Local
17;TO;1712801;Maurilândia do Tocantins;3403;738,105;Centro Local
29;BA;2910206;Dom Macedo Costa;4050;94,778;Centro Local
31;MG;3143153;Monte Formoso;4889;385,553;Centro Local
17;TO;1720002;Santa Terezinha do Tocantins;2528;269,677;Centro Local
43;RS;4302055;Benjamin Constant do Sul;2031;132,351;Centro Local
31;MG;3101300;Alagoa;2683;161,356;Centro Local
22;PI;2210623;Sebastião Barros;3488;893,716;Centro Local
24;RN;2407252;Major Sales;3978;31,971;Centro Local
22;PI;2209153;Santa Cruz dos Milagres;4004;978,565;Centro Local
31;MG;3147808;Passa Vinte;2048;246,565;Centro Local
24;RN;2414753;Venha-Ver;4149;71,621;Centro Local
27;AL;2704906;Mar Vermelho;3534;91,741;Centro Local
22;PI;2210102;São José do Peixe;3750;1287,174;Centro Local
35;SP;3503950;Aspásia;1825;69,373;Centro Local
25;PB;2504074;Caraúbas;4140;497,204;Centro Local
22;PI;2209807;São Gonçalo do Piauí;4999;150,070;Centro Local
43;RS;4315073;Porto Vera Cruz;1415;114,420;Centro Local
35;SP;3536570;Paulistânia;1832;256,178;Centro Local
25;PB;2514107;São João do Tigre;4430;816,116;Centro Local
35;SP;3529104;Marinópolis;2117;77,827;Centro Local
22;PI;2206753;Nossa Senhora de Nazaré;4847;356,264;Centro Local
52;GO;5206701;Damianópolis;3315;415,349;Centro Local
35;SP;3518008;Guarani d'Oeste;2002;85,700;Centro Local
31;MG;3104403;Argirita;2751;159,378;Centro Local
28;SE;2805000;Pedra Mole;3236;82,202;Centro Local
24;RN;2415008;Vila Flor;3146;47,656;Centro Local
22;PI;2204550;Guaribas;4556;3118,227;Centro Local
24;RN;2411106;Ruy Barbosa;3608;125,809;Centro Local
22;PI;2203420;Domingos Mourão;4356;848,705;Centro Local
25;PB;2511004;Pedra Branca;3800;112,932;Centro Local
35;SP;3549250;São João de Iracema;1912;178,396;Centro Local
52;GO;5209291;Guaraíta;2041;205,307;Centro Local
31;MG;3124609;Estrela Dalva;2361;131,365;Centro Local
31;MG;3143708;Morro do Pilar;3211;477,548;Centro Local
22;PI;2205565;Lagoa do Barro do Piauí;4653;1329,665;Centro Local
22;PI;2202851;Coronel José Dias;4678;1914,819;Centro Local
17;TO;1704105;Centenário;2874;1954,699;Centro Local
24;RN;2404002;Frutuoso Gomes;4095;63,279;Centro Local
17;TO;1709807;Ipueiras;1977;815,254;Centro Local
25;PB;2513984;São Francisco;3371;95,055;Centro Local
31;MG;3145703;Oliveira Fortes;2136;111,130;Centro Local
24;RN;2410801;Riacho de Santana;4209;128,106;Centro Local
22;PI;2207959;Nova Santa Rita;4365;909,734;Centro Local
22;PI;2204105;Francisco Ayres;4373;656,475;Centro Local
25;PB;2506509;Gurjão;3403;340,506;Centro Local
22;PI;2211357;Várzea Branca;4956;450,755;Centro Local
22;PI;2203800;Flores do Piauí;4464;946,730;Centro Local
31;MG;3122801;Dom Viçoso;3007;113,921;Centro Local
25;PB;2508703;Mãe d'Água;4020;243,754;Centro Local
31;MG;3155009;Rio Doce;2599;112,094;Centro Local
17;TO;1718006;Porto Alegre do Tocantins;3108;501,862;Centro Local
22;PI;2209856;São João da Canabrava;4602;480,537;Centro Local
31;MG;3170305;Umburatiba;2626;405,834;Centro Local
22;PI;2209351;Santana do Piauí;4625;111,063;Centro Local
25;PB;2505501;Vista Serrana;3773;61,350;Centro Local
52;GO;5221080;Teresina de Goiás;3416;774,639;Centro Local
25;PB;2510600;Ouro Velho;3033;129,400;Centro Local
22;PI;2211407;Várzea Grande;4397;237,013;Centro Local
24;RN;2406403;Lagoa de Velhos;2731;111,607;Centro Local
25;PB;2512036;Poço Dantas;3777;97,251;Centro Local
24;RN;2409209;Passagem;3075;41,215;Centro Local
22;PI;2211704;Wall Ferraz;4454;269,987;Centro Local
22;PI;2201988;Brejo do Piauí;3902;2267,326;Centro Local
22;PI;2210904;Socorro do Piauí;4576;761,854;Centro Local
22;PI;2200103;Agricolândia;5148;112,392;Centro Local
22;PI;2210359;São Lourenço do Piauí;4568;672,709;Centro Local
31;MG;3144201;Nacip Raydan;3219;233,493;Centro Local
27;AL;2707008;Pindoba;2911;117,086;Centro Local
25;PB;2516151;Sossêgo;3516;154,751;Centro Local
24;RN;2408607;Paraná;4232;81,390;Centro Local
31;MG;3125507;São Gonçalo do Rio Preto;3161;314,458;Centro Local
22;PI;2211605;Vila Nova do Piauí;2990;221,654;Centro Local
31;MG;3165560;Sem-Peixe;2661;176,634;Centro Local
25;PB;2503407;Cacimba de Areia;3729;220,380;Centro Local
25;PB;2502052;Bernardino Batista;3393;50,628;Centro Local
25;PB;2505907;Emas;3505;240,901;Centro Local
22;PI;2201556;Bela Vista do Piauí;3999;499,092;Centro Local
31;MG;3140407;Marmelópolis;2784;107,902;Centro Local
25;PB;2512747;Riachão;3564;90,151;Centro Local
31;MG;3163607;São José do Mantimento;2775;54,701;Centro Local
51;MT;5105309;Luciara;2099;4243,028;Centro Local
17;TO;1715259;Novo Jardim;2698;1309,665;Centro Local
31;MG;3158706;Santana do Garambéu;2438;203,074;Centro Local
24;RN;2414308;Timbaúba dos Batistas;2407;135,454;Centro Local
24;RN;2406155;Jundiá;3873;44,641;Centro Local
25;PB;2515203;São Sebastião do Umbuzeiro;3466;460,573;Centro Local
22;PI;2201176;Barra D'Alcântara;3950;263,382;Centro Local
22;PI;2202455;Capitão Gervásio Oliveira;4086;1134,168;Centro Local
17;TO;1721307;Tupiratins;2613;895,308;Centro Local
24;RN;2410702;Riacho da Cruz;3543;127,223;Centro Local
31;MG;3126950;Frei Lagonegro;3469;167,474;Centro Local
17;TO;1719004;Santa Tereza do Tocantins;2834;539,912;Centro Local
25;PB;2516755;Tenório;3035;105,271;Centro Local
25;PB;2503753;Cajazeirinhas;3181;287,894;Centro Local
22;PI;2209955;São João da Varjota;4832;395,306;Centro Local
25;PB;2514552;São José de Princesa;3908;158,023;Centro Local
22;PI;2209559;São Braz do Piauí;4444;656,361;Centro Local
31;MG;3165800;Senador José Bento;1545;93,892;Centro Local
25;PB;2517100;Várzea;2779;190,526;Centro Local
22;PI;2202251;Canavieira;3957;2162,874;Centro Local
25;PB;2513356;Santa Inês;3597;324,425;Centro Local
22;PI;2202737;Coivaras;4007;485,496;Centro Local
31;MG;3115409;Catas Altas da Noruega;3629;141,622;Centro Local
24;RN;2410603;Rafael Godeiro;3194;100,073;Centro Local
22;PI;2209500;Santo Inácio do Piauí;3785;852,892;Centro Local
22;PI;2203750;Fartura do Piauí;5295;712,918;Centro Local
25;PB;2514800;São José dos Cordeiros;3723;376,793;Centro Local
17;TO;1715150;Novo Alegre;2332;200,104;Centro Local
31;MG;3118502;Consolação;1782;89,122;Centro Local
31;MG;3127909;Grupiara;1389;193,141;Centro Local
17;TO;1703826;Cachoeirinha;2266;352,346;Centro Local
29;BA;2912608;Ibiquera;4043;698,245;Centro Local
22;PI;2205250;Jardim do Mulato;4494;509,850;Centro Local
22;PI;2207553;Paquetá;3953;432,681;Centro Local
31;MG;3127354;Glaucilândia;3136;145,861;Centro Local
22;PI;2206654;Morro Cabeça no Tempo;4533;2210,461;Centro Local
52;GO;5212055;Jesúpolis;2474;122,475;Centro Local
24;RN;2403756;Fernando Pedroza;3039;322,628;Centro Local
22;PI;2204600;Hugo Napoleão;3875;224,455;Centro Local
28;SE;2800100;Amparo de São Francisco;2368;35,330;Centro Local
35;SP;3503158;Arapeí;2478;156,903;Centro Local
31;MG;3153301;Presidente Kubitschek;3004;189,235;Centro Local
31;MG;3113800;Carmésia;2617;259,103;Centro Local
25;PB;2506202;Frei Martinho;2990;244,317;Centro Local
25;PB;2513968;São Domingos;3087;169,105;Centro Local
25;PB;2502201;Bom Jesus;2547;46,169;Centro Local
31;MG;3156205;Rochedo de Minas;2289;79,402;Centro Local
51;MT;5106703;Ponte Branca;1602;686,687;Centro Local
25;PB;2513000;Salgadinho;3919;184,240;Centro Local
25;PB;2510709;Passagem;2402;111,876;Centro Local
52;GO;5204201;Cachoeira de Goiás;1361;422,751;Centro Local
22;PI;2201572;Belém do Piauí;3544;243,531;Centro Local
31;MG;3167301;Silveirânia;2258;157,456;Centro Local
24;RN;2400406;Água Nova;3230;50,684;Centro Local
22;PI;2207355;Pajeú do Piauí;3375;986,950;Centro Local
25;PB;2514602;São José do Bonfim;3526;134,724;Centro Local
25;PB;2513653;Joca Claudino;2685;74,007;Centro Local
22;PI;2204154;Francisco Macedo;3166;176,506;Centro Local
22;PI;2203255;Curralinhos;4425;345,848;Centro Local
24;RN;2409605;Pedra Preta;2478;294,985;Centro Local
31;MG;3145406;Olaria;1775;178,242;Centro Local
31;MG;3165602;Senador Cortes;2007;98,336;Centro Local
31;MG;3132800;Itambé do Mato Dentro;2107;380,340;Centro Local
22;PI;2201309;Barreiras do Piauí;3344;2028,303;Centro Local
25;PB;2508406;Lastro;2749;102,669;Centro Local
22;PI;2207850;Pavussu;3685;1090,697;Centro Local
25;PB;2504108;Carrapateira;2631;54,524;Centro Local
24;RN;2413805;Taboleiro Grande;2545;124,093;Centro Local
17;TO;1720937;Taipas do Tocantins;2131;1116,202;Centro Local
24;RN;2403905;Francisco Dantas;2836;181,558;Centro Local
22;PI;2202075;Cajazeiras do Piauí;3544;514,364;Centro Local
25;PB;2500577;Algodão de Jandaíra;2488;220,248;Centro Local
24;RN;2404804;Ipueira;2228;127,348;Centro Local
22;PI;2205359;João Costa;3010;1800,244;Centro Local
22;PI;2209609;São Félix do Piauí;2954;627,157;Centro Local
24;RN;2405504;Jardim de Angicos;2617;254,022;Centro Local
35;SP;3554656;Torre de Pedra;2401;71,348;Centro Local
31;MG;3149408;Pedro Teixeira;1808;112,959;Centro Local
25;PB;2513851;Santo André;2532;197,713;Centro Local
22;PI;2207793;Pau D'Arco do Piauí;4023;430,817;Centro Local
22;PI;2209757;São Gonçalo do Gurguéia;3025;1385,300;Centro Local
25;PB;2513943;São Domingos do Cariri;2581;218,800;Centro Local
25;PB;2509370;Mato Grosso;2889;83,522;Centro Local
22;PI;2210979;Tanque do Piauí;2756;398,723;Centro Local
31;MG;3103306;Aracitaba;2066;106,608;Centro Local
17;TO;1712157;Lavandeira;1892;519,614;Centro Local
25;PB;2500734;Amparo;2227;121,984;Centro Local
17;TO;1704600;Chapada de Areia;1401;659,249;Centro Local
31;MG;3115607;Cedro do Abaeté;1171;283,211;Centro Local
22;PI;2210391;São Miguel do Fidalgo;3040;813,444;Centro Local
22;PI;2211506;Vera Mendes;3075;341,974;Centro Local
22;PI;2208551;Porto Alegre do Piauí;2700;1169,441;Centro Local
25;PB;2505303;Curral Velho;2521;222,957;Centro Local
31;MG;3103108;Antônio Prado de Minas;1609;83,802;Centro Local
22;PI;2206951;Novo Santo Antônio;2979;445,331;Centro Local
22;PI;2210953;Tamboril do Piauí;2908;1587,296;Centro Local
31;MG;3160504;Santo Antônio do Rio Abaixo;1770;107,269;Centro Local
22;PI;2208601;Prata do Piauí;3153;198,566;Centro Local
25;PB;2512788;Riacho de Santo Antônio;1951;91,324;Centro Local
31;MG;3146602;Paiva;1535;58,419;Centro Local
22;PI;2207934;Pedro Laurentino;2529;870,338;Centro Local
25;PB;2517407;Zabelê;2225;109,394;Centro Local
25;PB;2514651;São José do Brejo do Cruz;1791;254,796;Centro Local
22;PI;2210383;São Miguel da Baixa Grande;2449;445,599;Centro Local
22;PI;2203859;Floresta do Piauí;2556;194,699;Centro Local
31;MG;3147501;Passabém;1664;94,183;Centro Local
24;RN;2405900;João Dias;2655;88,173;Centro Local
24;RN;2407906;Monte das Gameleiras;2127;71,946;Centro Local
51;MT;5101209;Araguainha;956;688,326;Centro Local
17;TO;1715507;Oliveira de Fátima;1106;205,850;Centro Local
25;PB;2504850;Coxixola;1907;169,878;Centro Local
22;PI;2205540;Lagoinha do Piauí;2831;67,617;Centro Local
31;MG;3164803;São Sebastião do Rio Preto;1520;128,002;Centro Local
17;TO;1718659;Rio da Conceição;2088;787,116;Centro Local
17;TO;1720150;São Félix do Tocantins;1572;1908,678;Centro Local
31;MG;3166600;Serra da Saudade;786;335,659;Centro Local
25;PB;2510659;Parari;1786;207,688;Centro Local
25;PB;2501153;Areia de Baraúnas;2140;112,089;Centro Local
22;PI;2207108;Olho D'Água do Piauí;2449;183,121;Centro Local
22;PI;2210375;São Luis do Piauí;2642;217,924;Centro Local
22;PI;2200954;Aroeiras do Itaim;2551;316,235;Centro Local
52;GO;5201207;Anhanguera;1137;56,950;Centro Local
24;RN;2414902;Viçosa;1712;37,905;Centro Local
22;PI;2206308;Miguel Leão;1250;93,412;Centro Local
